{
"type": "FeatureCollection",
"name": "pois",
"crs": { "type": "name", "properties": { "name": "urn:ogc:def:crs:OGC:1.3:CRS84" } },
"features": [
{ "type": "Feature", "properties": { "cell_id": 1741, "stable_forest_class": "pine-spruce", "class_fraction_2019": 0.945081, "class_fraction_2021": 0.926188, "class_fraction_2023": 0.947542, "stable_class_min_fraction": 0.926188, "productive_fraction_2019": 0.902244, "productive_fraction_2021": 0.901335, "productive_fraction_2023": 0.900045, "min_productive_fraction": 0.900045, "target_landscape_fraction_2019": 0.852694, "target_landscape_fraction_2021": 0.834806, "target_landscape_fraction_2023": 0.85283, "min_target_landscape_fraction": 0.834806, "koppen_code": 27.0, "koppen_class": "Dfc", "koppen_fraction": 1.0, "north_south": "south", "east_west": "west", "geo_quadrant": "south-west", "admin1_name": "Pirkanmaa", "admin1_code": "FI-11", "admin1_fraction": 1.0, "center_x": 325000.0, "center_y": 6875000.0 }, "geometry": { "type": "Polygon", "coordinates": [ [ [ 23.761376467544373, 61.924407750806459 ], [ 23.751851263118446, 62.014030125477476 ], [ 23.561180606525003, 62.009407132874422 ], [ 23.571262351464643, 61.919802074782673 ], [ 23.761376467544373, 61.924407750806459 ] ] ] } },
{ "type": "Feature", "properties": { "cell_id": 3281, "stable_forest_class": "pine-spruce", "class_fraction_2019": 0.902425, "class_fraction_2021": 0.908389, "class_fraction_2023": 0.917758, "stable_class_min_fraction": 0.902425, "productive_fraction_2019": 0.921784, "productive_fraction_2021": 0.929925, "productive_fraction_2023": 0.917906, "min_productive_fraction": 0.917906, "target_landscape_fraction_2019": 0.831842, "target_landscape_fraction_2021": 0.844734, "target_landscape_fraction_2023": 0.842416, "min_target_landscape_fraction": 0.831842, "koppen_code": 27.0, "koppen_class": "Dfc", "koppen_fraction": 1.0, "north_south": "north", "east_west": "east", "geo_quadrant": "north-east", "admin1_name": "Kainuu", "admin1_code": "FI-05", "admin1_fraction": 1.0, "center_x": 545000.0, "center_y": 7105000.0 }, "geometry": { "type": "Polygon", "coordinates": [ [ [ 28.023122106944157, 64.023193348396418 ], [ 28.026418456166052, 64.112918366594315 ], [ 27.821163378265993, 64.114220010393865 ], [ 27.818526004856917, 64.024489840661673 ], [ 28.023122106944157, 64.023193348396418 ] ] ] } },
{ "type": "Feature", "properties": { "cell_id": 6513, "stable_forest_class": "pine", "class_fraction_2019": 0.993507, "class_fraction_2021": 0.984944, "class_fraction_2023": 0.995832, "stable_class_min_fraction": 0.984944, "productive_fraction_2019": 0.83562, "productive_fraction_2021": 0.862006, "productive_fraction_2023": 0.859341, "min_productive_fraction": 0.83562, "target_landscape_fraction_2019": 0.830195, "target_landscape_fraction_2021": 0.849028, "target_landscape_fraction_2023": 0.855759, "min_target_landscape_fraction": 0.830195, "koppen_code": 27.0, "koppen_class": "Dfc", "koppen_fraction": 1.0, "north_south": "north", "east_west": "east", "geo_quadrant": "north-east", "admin1_name": "Lapland", "admin1_code": "FI-10", "admin1_fraction": 1.0, "center_x": 525000.0, "center_y": 7595000.0 }, "geometry": { "type": "Polygon", "coordinates": [ [ [ 27.730941119680057, 68.421168570875921 ], [ 27.733843791585944, 68.510849426319908 ], [ 27.489243060588311, 68.511740147555031 ], [ 27.487307774256692, 68.42205523073153 ], [ 27.730941119680057, 68.421168570875921 ] ] ] } },
{ "type": "Feature", "properties": { "cell_id": 6515, "stable_forest_class": "pine", "class_fraction_2019": 0.990703, "class_fraction_2021": 0.981624, "class_fraction_2023": 0.998183, "stable_class_min_fraction": 0.981624, "productive_fraction_2019": 0.825848, "productive_fraction_2021": 0.848791, "productive_fraction_2023": 0.855119, "min_productive_fraction": 0.825848, "target_landscape_fraction_2019": 0.81817, "target_landscape_fraction_2021": 0.833193, "target_landscape_fraction_2023": 0.853565, "min_target_landscape_fraction": 0.81817, "koppen_code": 27.0, "koppen_class": "Dfc", "koppen_fraction": 1.0, "north_south": "north", "east_west": "east", "geo_quadrant": "north-east", "admin1_name": "Lapland", "admin1_code": "FI-10", "admin1_fraction": 1.0, "center_x": 545000.0, "center_y": 7595000.0 }, "geometry": { "type": "Polygon", "coordinates": [ [ [ 28.218125667476478, 68.418331552320566 ], [ 28.222962080664409, 68.507999414843809 ], [ 27.978419568282153, 68.509602490715437 ], [ 27.974549819811894, 68.419927320329222 ], [ 28.218125667476478, 68.418331552320566 ] ] ] } },
{ "type": "Feature", "properties": { "cell_id": 6775, "stable_forest_class": "pine", "class_fraction_2019": 0.984736, "class_fraction_2021": 0.972815, "class_fraction_2023": 0.983012, "stable_class_min_fraction": 0.972815, "productive_fraction_2019": 0.834225, "productive_fraction_2021": 0.837243, "productive_fraction_2023": 0.86348, "min_productive_fraction": 0.834225, "target_landscape_fraction_2019": 0.821491, "target_landscape_fraction_2021": 0.814483, "target_landscape_fraction_2023": 0.848812, "min_target_landscape_fraction": 0.814483, "koppen_code": 27.0, "koppen_class": "Dfc", "koppen_fraction": 1.0, "north_south": "north", "east_west": "east", "geo_quadrant": "north-east", "admin1_name": "Lapland", "admin1_code": "FI-10", "admin1_fraction": 1.0, "center_x": 505000.0, "center_y": 7635000.0 }, "geometry": { "type": "Polygon", "coordinates": [ [ [ 27.247579119717265, 68.781330837388637 ], [ 27.248580733082033, 68.871014318069996 ], [ 27.0, 68.871195788169913 ], [ 27.0, 68.781511468657385 ], [ 27.247579119717265, 68.781330837388637 ] ] ] } },
{ "type": "Feature", "properties": { "cell_id": 6579, "stable_forest_class": "pine", "class_fraction_2019": 0.996772, "class_fraction_2021": 0.988041, "class_fraction_2023": 0.993423, "stable_class_min_fraction": 0.988041, "productive_fraction_2019": 0.813839, "productive_fraction_2021": 0.82623, "productive_fraction_2023": 0.830582, "min_productive_fraction": 0.813839, "target_landscape_fraction_2019": 0.811213, "target_landscape_fraction_2021": 0.816349, "target_landscape_fraction_2023": 0.825119, "min_target_landscape_fraction": 0.811213, "koppen_code": 27.0, "koppen_class": "Dfc", "koppen_fraction": 1.0, "north_south": "north", "east_west": "east", "geo_quadrant": "north-east", "admin1_name": "Lapland", "admin1_code": "FI-10", "admin1_fraction": 1.0, "center_x": 525000.0, "center_y": 7605000.0 }, "geometry": { "type": "Polygon", "coordinates": [ [ [ 27.733843791585944, 68.510849426319908 ], [ 27.73677141865975, 68.600529256820977 ], [ 27.491194986588251, 68.601424071841393 ], [ 27.489243060588311, 68.511740147555031 ], [ 27.733843791585944, 68.510849426319908 ] ] ] } },
{ "type": "Feature", "properties": { "cell_id": 1674, "stable_forest_class": "pine-spruce", "class_fraction_2019": 0.932006, "class_fraction_2021": 0.923857, "class_fraction_2023": 0.946866, "stable_class_min_fraction": 0.923857, "productive_fraction_2019": 0.871639, "productive_fraction_2021": 0.877699, "productive_fraction_2023": 0.865664, "min_productive_fraction": 0.865664, "target_landscape_fraction_2019": 0.812373, "target_landscape_fraction_2021": 0.810868, "target_landscape_fraction_2023": 0.819668, "min_target_landscape_fraction": 0.810868, "koppen_code": 27.0, "koppen_class": "Dfc", "koppen_fraction": 1.0, "north_south": "south", "east_west": "west", "geo_quadrant": "south-west", "admin1_name": "Pirkanmaa", "admin1_code": "FI-11", "admin1_fraction": 1.0, "center_x": 315000.0, "center_y": 6865000.0 }, "geometry": { "type": "Polygon", "coordinates": [ [ [ 23.581276890177861, 61.830194900541464 ], [ 23.571262351464643, 61.919802074782673 ], [ 23.381215440256028, 61.91493432457812 ], [ 23.391782196617516, 61.825345340037792 ], [ 23.581276890177861, 61.830194900541464 ] ] ] } },
{ "type": "Feature", "properties": { "cell_id": 6580, "stable_forest_class": "pine", "class_fraction_2019": 0.991442, "class_fraction_2021": 0.975732, "class_fraction_2023": 0.992835, "stable_class_min_fraction": 0.975732, "productive_fraction_2019": 0.814026, "productive_fraction_2021": 0.830682, "productive_fraction_2023": 0.853174, "min_productive_fraction": 0.814026, "target_landscape_fraction_2019": 0.80706, "target_landscape_fraction_2021": 0.810522, "target_landscape_fraction_2023": 0.84706, "min_target_landscape_fraction": 0.80706, "koppen_code": 27.0, "koppen_class": "Dfc", "koppen_fraction": 1.0, "north_south": "north", "east_west": "east", "geo_quadrant": "north-east", "admin1_name": "Lapland", "admin1_code": "FI-10", "admin1_fraction": 1.0, "center_x": 535000.0, "center_y": 7605000.0 }, "geometry": { "type": "Polygon", "coordinates": [ [ [ 27.978419568282153, 68.509602490715437 ], [ 27.982322582220981, 68.599276590805047 ], [ 27.73677141865975, 68.600529256820977 ], [ 27.733843791585944, 68.510849426319908 ], [ 27.978419568282153, 68.509602490715437 ] ] ] } },
{ "type": "Feature", "properties": { "cell_id": 6709, "stable_forest_class": "pine", "class_fraction_2019": 0.996022, "class_fraction_2021": 0.991775, "class_fraction_2023": 0.997624, "stable_class_min_fraction": 0.991775, "productive_fraction_2019": 0.811474, "productive_fraction_2021": 0.809004, "productive_fraction_2023": 0.817772, "min_productive_fraction": 0.809004, "target_landscape_fraction_2019": 0.808246, "target_landscape_fraction_2021": 0.80235, "target_landscape_fraction_2023": 0.815828, "min_target_landscape_fraction": 0.80235, "koppen_code": 27.0, "koppen_class": "Dfc", "koppen_fraction": 1.0, "north_south": "north", "east_west": "east", "geo_quadrant": "north-east", "admin1_name": "Lapland", "admin1_code": "FI-10", "admin1_fraction": 1.0, "center_x": 505000.0, "center_y": 7625000.0 }, "geometry": { "type": "Polygon", "coordinates": [ [ [ 27.24658614677773, 68.691646393194901 ], [ 27.247579119717265, 68.781330837388637 ], [ 27.0, 68.781511468657385 ], [ 27.0, 68.69182619236588 ], [ 27.24658614677773, 68.691646393194901 ] ] ] } },
{ "type": "Feature", "properties": { "cell_id": 6449, "stable_forest_class": "pine", "class_fraction_2019": 0.995288, "class_fraction_2021": 0.993978, "class_fraction_2023": 0.997815, "stable_class_min_fraction": 0.993978, "productive_fraction_2019": 0.828547, "productive_fraction_2021": 0.849925, "productive_fraction_2023": 0.79552, "min_productive_fraction": 0.79552, "target_landscape_fraction_2019": 0.824642, "target_landscape_fraction_2021": 0.844807, "target_landscape_fraction_2023": 0.793782, "min_target_landscape_fraction": 0.793782, "koppen_code": 27.0, "koppen_class": "Dfc", "koppen_fraction": 1.0, "north_south": "north", "east_west": "east", "geo_quadrant": "north-east", "admin1_name": "Lapland", "admin1_code": "FI-10", "admin1_fraction": 1.0, "center_x": 545000.0, "center_y": 7585000.0 }, "geometry": { "type": "Polygon", "coordinates": [ [ [ 28.213330308559453, 68.32866255997034 ], [ 28.218125667476478, 68.418331552320566 ], [ 27.974549819811894, 68.419927320329222 ], [ 27.970712924939743, 68.330251077678653 ], [ 28.213330308559453, 68.32866255997034 ] ] ] } },
{ "type": "Feature", "properties": { "cell_id": 6514, "stable_forest_class": "pine", "class_fraction_2019": 0.993867, "class_fraction_2021": 0.986161, "class_fraction_2023": 0.99722, "stable_class_min_fraction": 0.986161, "productive_fraction_2019": 0.795185, "productive_fraction_2021": 0.827753, "productive_fraction_2023": 0.85078, "min_productive_fraction": 0.795185, "target_landscape_fraction_2019": 0.790308, "target_landscape_fraction_2021": 0.816297, "target_landscape_fraction_2023": 0.848415, "min_target_landscape_fraction": 0.790308, "koppen_code": 27.0, "koppen_class": "Dfc", "koppen_fraction": 1.0, "north_south": "north", "east_west": "east", "geo_quadrant": "north-east", "admin1_name": "Lapland", "admin1_code": "FI-10", "admin1_fraction": 1.0, "center_x": 535000.0, "center_y": 7595000.0 }, "geometry": { "type": "Polygon", "coordinates": [ [ [ 27.974549819811894, 68.419927320329222 ], [ 27.978419568282153, 68.509602490715437 ], [ 27.733843791585944, 68.510849426319908 ], [ 27.730941119680057, 68.421168570875921 ], [ 27.974549819811894, 68.419927320329222 ] ] ] } },
{ "type": "Feature", "properties": { "cell_id": 2010, "stable_forest_class": "pine-spruce", "class_fraction_2019": 0.877934, "class_fraction_2021": 0.878412, "class_fraction_2023": 0.920274, "stable_class_min_fraction": 0.877934, "productive_fraction_2019": 0.897582, "productive_fraction_2021": 0.895813, "productive_fraction_2023": 0.898127, "min_productive_fraction": 0.895813, "target_landscape_fraction_2019": 0.788018, "target_landscape_fraction_2021": 0.786893, "target_landscape_fraction_2023": 0.826523, "min_target_landscape_fraction": 0.786893, "koppen_code": 27.0, "koppen_class": "Dfc", "koppen_fraction": 1.0, "north_south": "south", "east_west": "west", "geo_quadrant": "south-west", "admin1_name": "Central Finland", "admin1_code": "FI-08", "admin1_fraction": 1.0, "center_x": 375000.0, "center_y": 6915000.0 }, "geometry": { "type": "Polygon", "coordinates": [ [ [ 24.685615243910181, 62.302266522894989 ], [ 24.678696911852949, 62.391954334122183 ], [ 24.485468173414269, 62.388598721484556 ], [ 24.492960981469743, 62.298923603811595 ], [ 24.685615243910181, 62.302266522894989 ] ] ] } },
{ "type": "Feature", "properties": { "cell_id": 5837, "stable_forest_class": "pine", "class_fraction_2019": 0.942744, "class_fraction_2021": 0.930926, "class_fraction_2023": 0.915786, "stable_class_min_fraction": 0.915786, "productive_fraction_2019": 0.880102, "productive_fraction_2021": 0.865324, "productive_fraction_2023": 0.855631, "min_productive_fraction": 0.855631, "target_landscape_fraction_2019": 0.829712, "target_landscape_fraction_2021": 0.805552, "target_landscape_fraction_2023": 0.783575, "min_target_landscape_fraction": 0.783575, "koppen_code": 27.0, "koppen_class": "Dfc", "koppen_fraction": 1.0, "north_south": "north", "east_west": "west", "geo_quadrant": "north-west", "admin1_name": "Lapland", "admin1_code": "FI-10", "admin1_fraction": 1.0, "center_x": 365000.0, "center_y": 7495000.0 }, "geometry": { "type": "Polygon", "coordinates": [ [ [ 23.955225094227664, 67.497195796371386 ], [ 23.943688347197639, 67.586767004333382 ], [ 23.70904967923952, 67.582176349025772 ], [ 23.721468385153997, 67.492625352692656 ], [ 23.955225094227664, 67.497195796371386 ] ] ] } },
{ "type": "Feature", "properties": { "cell_id": 2637, "stable_forest_class": "pine", "class_fraction_2019": 0.916312, "class_fraction_2021": 0.894383, "class_fraction_2023": 0.906166, "stable_class_min_fraction": 0.894383, "productive_fraction_2019": 0.879145, "productive_fraction_2021": 0.881172, "productive_fraction_2023": 0.862392, "min_productive_fraction": 0.862392, "target_landscape_fraction_2019": 0.805571, "target_landscape_fraction_2021": 0.788105, "target_landscape_fraction_2023": 0.78147, "min_target_landscape_fraction": 0.78147, "koppen_code": 27.0, "koppen_class": "Dfc", "koppen_fraction": 1.0, "north_south": "south", "east_west": "east", "geo_quadrant": "south-east", "admin1_name": "North Karelia", "admin1_code": "FI-13", "admin1_fraction": 1.0, "center_x": 705000.0, "center_y": 7005000.0 }, "geometry": { "type": "Polygon", "coordinates": [ [ [ 31.157760819565087, 63.068332396632094 ], [ 31.170596654240565, 63.157846799408546 ], [ 30.97258240117543, 63.163532896922575 ], [ 30.960352003254279, 63.073996603962406 ], [ 31.157760819565087, 63.068332396632094 ] ] ] } },
{ "type": "Feature", "properties": { "cell_id": 2805, "stable_forest_class": "pine", "class_fraction_2019": 0.908249, "class_fraction_2021": 0.902547, "class_fraction_2023": 0.92617, "stable_class_min_fraction": 0.902547, "productive_fraction_2019": 0.864899, "productive_fraction_2021": 0.864924, "productive_fraction_2023": 0.851121, "min_productive_fraction": 0.851121, "target_landscape_fraction_2019": 0.785543, "target_landscape_fraction_2021": 0.780635, "target_landscape_fraction_2023": 0.788283, "min_target_landscape_fraction": 0.780635, "koppen_code": 27.0, "koppen_class": "Dfc", "koppen_fraction": 1.0, "north_south": "south", "east_west": "west", "geo_quadrant": "south-west", "admin1_name": "Central Finland", "admin1_code": "FI-08", "admin1_fraction": 0.926949, "center_x": 405000.0, "center_y": 7035000.0 }, "geometry": { "type": "Polygon", "coordinates": [ [ [ 25.199118100191484, 63.387237714562986 ], [ 25.193476750039821, 63.476940588779875 ], [ 24.992892396692064, 63.474268662811248 ], [ 24.999159155605831, 63.384576179531244 ], [ 25.199118100191484, 63.387237714562986 ] ] ] } },
{ "type": "Feature", "properties": { "cell_id": 6581, "stable_forest_class": "pine", "class_fraction_2019": 0.985744, "class_fraction_2021": 0.969035, "class_fraction_2023": 0.993643, "stable_class_min_fraction": 0.969035, "productive_fraction_2019": 0.797174, "productive_fraction_2021": 0.804326, "productive_fraction_2023": 0.824376, "min_productive_fraction": 0.797174, "target_landscape_fraction_2019": 0.78581, "target_landscape_fraction_2021": 0.779421, "target_landscape_fraction_2023": 0.819136, "min_target_landscape_fraction": 0.779421, "koppen_code": 27.0, "koppen_class": "Dfc", "koppen_fraction": 1.0, "north_south": "north", "east_west": "east", "geo_quadrant": "north-east", "admin1_name": "Lapland", "admin1_code": "FI-10", "admin1_fraction": 1.0, "center_x": 545000.0, "center_y": 7605000.0 }, "geometry": { "type": "Polygon", "coordinates": [ [ [ 28.222962080664409, 68.507999414843809 ], [ 28.227840062693851, 68.597666148783333 ], [ 27.982322582220981, 68.599276590805047 ], [ 27.978419568282153, 68.509602490715437 ], [ 28.222962080664409, 68.507999414843809 ] ] ] } },
{ "type": "Feature", "properties": { "cell_id": 1813, "stable_forest_class": "pine-spruce", "class_fraction_2019": 0.902363, "class_fraction_2021": 0.895599, "class_fraction_2023": 0.938231, "stable_class_min_fraction": 0.895599, "productive_fraction_2019": 0.868198, "productive_fraction_2021": 0.869545, "productive_fraction_2023": 0.8687, "min_productive_fraction": 0.868198, "target_landscape_fraction_2019": 0.78343, "target_landscape_fraction_2021": 0.778764, "target_landscape_fraction_2023": 0.815041, "min_target_landscape_fraction": 0.778764, "koppen_code": 27.0, "koppen_class": "Dfc", "koppen_fraction": 1.0, "north_south": "south", "east_west": "west", "geo_quadrant": "south-west", "admin1_name": "Central Finland", "admin1_code": "FI-08", "admin1_fraction": 0.919726, "center_x": 385000.0, "center_y": 6885000.0 }, "geometry": { "type": "Polygon", "coordinates": [ [ [ 24.897090961045013, 62.03623480875104 ], [ 24.890874889033721, 62.125938899227691 ], [ 24.699312178397587, 62.122886094383752 ], [ 24.706091670886437, 62.033193480410382 ], [ 24.897090961045013, 62.03623480875104 ] ] ] } },
{ "type": "Feature", "properties": { "cell_id": 1880, "stable_forest_class": "pine-spruce", "class_fraction_2019": 0.859958, "class_fraction_2021": 0.86735, "class_fraction_2023": 0.921191, "stable_class_min_fraction": 0.859958, "productive_fraction_2019": 0.904384, "productive_fraction_2021": 0.904699, "productive_fraction_2023": 0.903519, "min_productive_fraction": 0.903519, "target_landscape_fraction_2019": 0.777732, "target_landscape_fraction_2021": 0.784691, "target_landscape_fraction_2023": 0.832313, "min_target_landscape_fraction": 0.777732, "koppen_code": 27.0, "koppen_class": "Dfc", "koppen_fraction": 1.0, "north_south": "south", "east_west": "west", "geo_quadrant": "south-west", "admin1_name": "Central Finland", "admin1_code": "FI-08", "admin1_fraction": 1.0, "center_x": 395000.0, "center_y": 6895000.0 }, "geometry": { "type": "Polygon", "coordinates": [ [ [ 25.082479634857528, 62.128726634918259 ], [ 25.07678915262521, 62.218439738216453 ], [ 24.884616780970688, 62.215641458399546 ], [ 24.890874889033721, 62.125938899227691 ], [ 25.082479634857528, 62.128726634918259 ] ] ] } },
{ "type": "Feature", "properties": { "cell_id": 3020, "stable_forest_class": "pine-spruce", "class_fraction_2019": 0.886607, "class_fraction_2021": 0.848099, "class_fraction_2023": 0.864632, "stable_class_min_fraction": 0.848099, "productive_fraction_2019": 0.912289, "productive_fraction_2021": 0.914647, "productive_fraction_2023": 0.9121, "min_productive_fraction": 0.9121, "target_landscape_fraction_2019": 0.808842, "target_landscape_fraction_2021": 0.775712, "target_landscape_fraction_2023": 0.788631, "min_target_landscape_fraction": 0.775712, "koppen_code": 27.0, "koppen_class": "Dfc", "koppen_fraction": 1.0, "north_south": "north", "east_west": "east", "geo_quadrant": "north-east", "admin1_name": "North Karelia", "admin1_code": "FI-13", "admin1_fraction": 0.623112, "center_x": 575000.0, "center_y": 7065000.0 }, "geometry": { "type": "Polygon", "coordinates": [ [ [ 28.616036872718571, 63.658751844286577 ], [ 28.621159926160914, 63.748459957593674 ], [ 28.418594990154286, 63.750594805747347 ], [ 28.414111507356921, 63.66087832806982 ], [ 28.616036872718571, 63.658751844286577 ] ] ] } },
{ "type": "Feature", "properties": { "cell_id": 6450, "stable_forest_class": "pine", "class_fraction_2019": 0.986927, "class_fraction_2021": 0.976449, "class_fraction_2023": 0.98751, "stable_class_min_fraction": 0.976449, "productive_fraction_2019": 0.8386, "productive_fraction_2021": 0.852654, "productive_fraction_2023": 0.785234, "min_productive_fraction": 0.785234, "target_landscape_fraction_2019": 0.827636, "target_landscape_fraction_2021": 0.832573, "target_landscape_fraction_2023": 0.775427, "min_target_landscape_fraction": 0.775427, "koppen_code": 27.0, "koppen_class": "Dfc", "koppen_fraction": 1.0, "north_south": "north", "east_west": "east", "geo_quadrant": "north-east", "admin1_name": "Lapland", "admin1_code": "FI-10", "admin1_fraction": 1.0, "center_x": 555000.0, "center_y": 7585000.0 }, "geometry": { "type": "Polygon", "coordinates": [ [ [ 28.455907145386835, 68.326721227849035 ], [ 28.461660462282634, 68.416381360970277 ], [ 28.218125667476478, 68.418331552320566 ], [ 28.213330308559453, 68.32866255997034 ], [ 28.455907145386835, 68.326721227849035 ] ] ] } },
{ "type": "Feature", "properties": { "cell_id": 5516, "stable_forest_class": "pine", "class_fraction_2019": 0.984036, "class_fraction_2021": 0.982429, "class_fraction_2023": 0.986341, "stable_class_min_fraction": 0.982429, "productive_fraction_2019": 0.792417, "productive_fraction_2021": 0.784847, "productive_fraction_2023": 0.791334, "min_productive_fraction": 0.784847, "target_landscape_fraction_2019": 0.779767, "target_landscape_fraction_2021": 0.771057, "target_landscape_fraction_2023": 0.780525, "min_target_landscape_fraction": 0.771057, "koppen_code": 27.0, "koppen_class": "Dfc", "koppen_fraction": 1.0, "north_south": "north", "east_west": "west", "geo_quadrant": "north-west", "admin1_name": "Lapland", "admin1_code": "FI-10", "admin1_fraction": 1.0, "center_x": 455000.0, "center_y": 7445000.0 }, "geometry": { "type": "Polygon", "coordinates": [ [ [ 26.079769293235358, 67.07466996530907 ], [ 26.07635266334216, 67.164361432132736 ], [ 25.845492848676738, 67.162862239110297 ], [ 25.849763029827557, 67.073177286528917 ], [ 26.079769293235358, 67.07466996530907 ] ] ] } },
{ "type": "Feature", "properties": { "cell_id": 3151, "stable_forest_class": "pine-spruce", "class_fraction_2019": 0.859754, "class_fraction_2021": 0.858688, "class_fraction_2023": 0.830944, "stable_class_min_fraction": 0.830944, "productive_fraction_2019": 0.927759, "productive_fraction_2021": 0.93207, "productive_fraction_2023": 0.925722, "min_productive_fraction": 0.925722, "target_landscape_fraction_2019": 0.797645, "target_landscape_fraction_2021": 0.800358, "target_landscape_fraction_2023": 0.769223, "min_target_landscape_fraction": 0.769223, "koppen_code": 27.0, "koppen_class": "Dfc", "koppen_fraction": 1.0, "north_south": "north", "east_west": "east", "geo_quadrant": "north-east", "admin1_name": "Kainuu", "admin1_code": "FI-05", "admin1_fraction": 1.0, "center_x": 565000.0, "center_y": 7085000.0 }, "geometry": { "type": "Polygon", "coordinates": [ [ [ 28.423110483983727, 63.840309983816084 ], [ 28.427658317536725, 63.930023863203857 ], [ 28.223767840576812, 63.931888888119033 ], [ 28.21986907811694, 63.842167665158094 ], [ 28.423110483983727, 63.840309983816084 ] ] ] } },
{ "type": "Feature", "properties": { "cell_id": 5384, "stable_forest_class": "pine", "class_fraction_2019": 0.968069, "class_fraction_2021": 0.95104, "class_fraction_2023": 0.963083, "stable_class_min_fraction": 0.95104, "productive_fraction_2019": 0.810209, "productive_fraction_2021": 0.804859, "productive_fraction_2023": 0.817974, "min_productive_fraction": 0.804859, "target_landscape_fraction_2019": 0.784338, "target_landscape_fraction_2021": 0.765453, "target_landscape_fraction_2023": 0.787777, "min_target_landscape_fraction": 0.765453, "koppen_code": 27.0, "koppen_class": "Dfc", "koppen_fraction": 1.0, "north_south": "north", "east_west": "west", "geo_quadrant": "north-west", "admin1_name": "Lapland", "admin1_code": "FI-10", "admin1_fraction": 1.0, "center_x": 455000.0, "center_y": 7425000.0 }, "geometry": { "type": "Polygon", "coordinates": [ [ [ 26.086520618047182, 66.895283720659393 ], [ 26.083158505388674, 66.984977395520445 ], [ 25.853998948212698, 66.98349118298394 ], [ 25.858201001456798, 66.893803926927973 ], [ 26.086520618047182, 66.895283720659393 ] ] ] } },
{ "type": "Feature", "properties": { "cell_id": 2012, "stable_forest_class": "pine-spruce", "class_fraction_2019": 0.866367, "class_fraction_2021": 0.871924, "class_fraction_2023": 0.905774, "stable_class_min_fraction": 0.866367, "productive_fraction_2019": 0.88021, "productive_fraction_2021": 0.882209, "productive_fraction_2023": 0.884216, "min_productive_fraction": 0.88021, "target_landscape_fraction_2019": 0.762585, "target_landscape_fraction_2021": 0.76922, "target_landscape_fraction_2023": 0.8009, "min_target_landscape_fraction": 0.762585, "koppen_code": 27.0, "koppen_class": "Dfc", "koppen_fraction": 1.0, "north_south": "south", "east_west": "west", "geo_quadrant": "south-west", "admin1_name": "Central Finland", "admin1_code": "FI-08", "admin1_fraction": 1.0, "center_x": 395000.0, "center_y": 6915000.0 }, "geometry": { "type": "Polygon", "coordinates": [ [ [ 25.071060070229716, 62.308151371941577 ], [ 25.065292013848431, 62.397861535702951 ], [ 24.871972828879482, 62.395041978911628 ], [ 24.878316231220602, 62.305342485295796 ], [ 25.071060070229716, 62.308151371941577 ] ] ] } },
{ "type": "Feature", "properties": { "cell_id": 1679, "stable_forest_class": "pine-spruce", "class_fraction_2019": 0.870586, "class_fraction_2021": 0.86448, "class_fraction_2023": 0.923976, "stable_class_min_fraction": 0.86448, "productive_fraction_2019": 0.881354, "productive_fraction_2021": 0.880113, "productive_fraction_2023": 0.878876, "min_productive_fraction": 0.878876, "target_landscape_fraction_2019": 0.767294, "target_landscape_fraction_2021": 0.76084, "target_landscape_fraction_2023": 0.81206, "min_target_landscape_fraction": 0.76084, "koppen_code": 27.0, "koppen_class": "Dfc", "koppen_fraction": 1.0, "north_south": "south", "east_west": "west", "geo_quadrant": "south-west", "admin1_name": "Pirkanmaa", "admin1_code": "FI-11", "admin1_fraction": 1.0, "center_x": 365000.0, "center_y": 6865000.0 }, "geometry": { "type": "Polygon", "coordinates": [ [ [ 24.529675726320171, 61.850522895154782 ], [ 24.522431098159462, 61.940206378494992 ], [ 24.332085122154457, 61.936650641917318 ], [ 24.339884793056271, 61.846980463805579 ], [ 24.529675726320171, 61.850522895154782 ] ] ] } },
{ "type": "Feature", "properties": { "cell_id": 2495, "stable_forest_class": "pine-spruce", "class_fraction_2019": 0.881378, "class_fraction_2021": 0.833029, "class_fraction_2023": 0.879934, "stable_class_min_fraction": 0.833029, "productive_fraction_2019": 0.914911, "productive_fraction_2021": 0.912727, "productive_fraction_2023": 0.913556, "min_productive_fraction": 0.912727, "target_landscape_fraction_2019": 0.806382, "target_landscape_fraction_2021": 0.760328, "target_landscape_fraction_2023": 0.803869, "min_target_landscape_fraction": 0.760328, "koppen_code": 27.0, "koppen_class": "Dfc", "koppen_fraction": 1.0, "north_south": "south", "east_west": "east", "geo_quadrant": "south-east", "admin1_name": "North Karelia", "admin1_code": "FI-13", "admin1_fraction": 0.787849, "center_x": 605000.0, "center_y": 6985000.0 }, "geometry": { "type": "Polygon", "coordinates": [ [ [ 29.167011185987558, 62.933206680962947 ], [ 29.173666522757063, 63.022895410457537 ], [ 28.976208097193169, 63.025791484425916 ], [ 28.970156336339713, 62.936091623688064 ], [ 29.167011185987558, 62.933206680962947 ] ] ] } },
{ "type": "Feature", "properties": { "cell_id": 2628, "stable_forest_class": "pine-spruce", "class_fraction_2019": 0.863097, "class_fraction_2021": 0.859361, "class_fraction_2023": 0.865383, "stable_class_min_fraction": 0.859361, "productive_fraction_2019": 0.887534, "productive_fraction_2021": 0.884567, "productive_fraction_2023": 0.886705, "min_productive_fraction": 0.884567, "target_landscape_fraction_2019": 0.766028, "target_landscape_fraction_2021": 0.760162, "target_landscape_fraction_2023": 0.767339, "min_target_landscape_fraction": 0.760162, "koppen_code": 27.0, "koppen_class": "Dfc", "koppen_fraction": 1.0, "north_south": "south", "east_west": "east", "geo_quadrant": "south-east", "admin1_name": "North Karelia", "admin1_code": "FI-13", "admin1_fraction": 1.0, "center_x": 615000.0, "center_y": 7005000.0 }, "geometry": { "type": "Polygon", "coordinates": [ [ [ 29.378387592918529, 63.109398915148127 ], [ 29.385747607913181, 63.199072220234754 ], [ 29.187116679075935, 63.20226824018232 ], [ 29.180368199658336, 63.112582597313093 ], [ 29.378387592918529, 63.109398915148127 ] ] ] } },
{ "type": "Feature", "properties": { "cell_id": 1682, "stable_forest_class": "pine-spruce", "class_fraction_2019": 0.860258, "class_fraction_2021": 0.861473, "class_fraction_2023": 0.869584, "stable_class_min_fraction": 0.860258, "productive_fraction_2019": 0.883372, "productive_fraction_2021": 0.88514, "productive_fraction_2023": 0.883689, "min_productive_fraction": 0.883372, "target_landscape_fraction_2019": 0.759927, "target_landscape_fraction_2021": 0.762525, "target_landscape_fraction_2023": 0.768442, "min_target_landscape_fraction": 0.759927, "koppen_code": 27.0, "koppen_class": "Dfc", "koppen_fraction": 1.0, "north_south": "south", "east_west": "west", "geo_quadrant": "south-west", "admin1_name": "Central Finland", "admin1_code": "FI-08", "admin1_fraction": 0.810061, "center_x": 395000.0, "center_y": 6865000.0 }, "geometry": { "type": "Polygon", "coordinates": [ [ [ 25.099323147334928, 61.859578511103528 ], [ 25.093746270224887, 61.949296021035302 ], [ 24.903265397455215, 61.946529187907124 ], [ 24.909398593612686, 61.856822037600935 ], [ 25.099323147334928, 61.859578511103528 ] ] ] } },
{ "type": "Feature", "properties": { "cell_id": 1612, "stable_forest_class": "pine-spruce", "class_fraction_2019": 0.900824, "class_fraction_2021": 0.871843, "class_fraction_2023": 0.935573, "stable_class_min_fraction": 0.871843, "productive_fraction_2019": 0.871736, "productive_fraction_2021": 0.870966, "productive_fraction_2023": 0.864586, "min_productive_fraction": 0.864586, "target_landscape_fraction_2019": 0.785281, "target_landscape_fraction_2021": 0.759345, "target_landscape_fraction_2023": 0.808884, "min_target_landscape_fraction": 0.759345, "koppen_code": 27.0, "koppen_class": "Dfc", "koppen_fraction": 1.0, "north_south": "south", "east_west": "west", "geo_quadrant": "south-west", "admin1_name": "Pirkanmaa", "admin1_code": "FI-11", "admin1_fraction": 1.0, "center_x": 355000.0, "center_y": 6855000.0 }, "geometry": { "type": "Polygon", "coordinates": [ [ [ 24.347632551870326, 61.757308541988863 ], [ 24.339884793056271, 61.846980463805579 ], [ 24.150145770835824, 61.843176300467938 ], [ 24.158444401449401, 61.75351858044835 ], [ 24.347632551870326, 61.757308541988863 ] ] ] } },
{ "type": "Feature", "properties": { "cell_id": 1808, "stable_forest_class": "pine-spruce", "class_fraction_2019": 0.921258, "class_fraction_2021": 0.921295, "class_fraction_2023": 0.931247, "stable_class_min_fraction": 0.921258, "productive_fraction_2019": 0.824102, "productive_fraction_2021": 0.825725, "productive_fraction_2023": 0.822492, "min_productive_fraction": 0.822492, "target_landscape_fraction_2019": 0.759211, "target_landscape_fraction_2021": 0.760737, "target_landscape_fraction_2023": 0.765944, "min_target_landscape_fraction": 0.759211, "koppen_code": 27.0, "koppen_class": "Dfc", "koppen_fraction": 1.0, "north_south": "south", "east_west": "west", "geo_quadrant": "south-west", "admin1_name": "Pirkanmaa", "admin1_code": "FI-11", "admin1_fraction": 1.0, "center_x": 335000.0, "center_y": 6885000.0 }, "geometry": { "type": "Polygon", "coordinates": [ [ [ 23.94258604357556, 62.018389888605228 ], [ 23.933557593312443, 62.108026673925728 ], [ 23.742261933525981, 62.1036504792744 ], [ 23.751851263118446, 62.014030125477476 ], [ 23.94258604357556, 62.018389888605228 ] ] ] } },
{ "type": "Feature", "properties": { "cell_id": 2022, "stable_forest_class": "pine-spruce", "class_fraction_2019": 0.896486, "class_fraction_2021": 0.852793, "class_fraction_2023": 0.872677, "stable_class_min_fraction": 0.852793, "productive_fraction_2019": 0.887493, "productive_fraction_2021": 0.889825, "productive_fraction_2023": 0.89098, "min_productive_fraction": 0.887493, "target_landscape_fraction_2019": 0.795625, "target_landscape_fraction_2021": 0.758837, "target_landscape_fraction_2023": 0.777538, "min_target_landscape_fraction": 0.758837, "koppen_code": 27.0, "koppen_class": "Dfc", "koppen_fraction": 1.0, "north_south": "south", "east_west": "east", "geo_quadrant": "south-east", "admin1_name": "Southern Savonia", "admin1_code": "FI-04", "admin1_fraction": 1.0, "center_x": 495000.0, "center_y": 6915000.0 }, "geometry": { "type": "Polygon", "coordinates": [ [ [ 27.0, 62.321532254522765 ], [ 27.0, 62.411293275922901 ], [ 26.806464174904921, 62.411158915300071 ], [ 26.807041606910332, 62.32139840286473 ], [ 27.0, 62.321532254522765 ] ] ] } },
{ "type": "Feature", "properties": { "cell_id": 1221, "stable_forest_class": "pine-spruce", "class_fraction_2019": 0.863239, "class_fraction_2021": 0.85625, "class_fraction_2023": 0.884528, "stable_class_min_fraction": 0.85625, "productive_fraction_2019": 0.885686, "productive_fraction_2021": 0.884969, "productive_fraction_2023": 0.886472, "min_productive_fraction": 0.884969, "target_landscape_fraction_2019": 0.764559, "target_landscape_fraction_2021": 0.757754, "target_landscape_fraction_2023": 0.784109, "min_target_landscape_fraction": 0.757754, "koppen_code": 26.0, "koppen_class": "Dfb", "koppen_fraction": 0.75, "north_south": "south", "east_west": "west", "geo_quadrant": "south-west", "admin1_name": "Päijät-Häme", "admin1_code": "FI-16", "admin1_fraction": 0.962932, "center_x": 405000.0, "center_y": 6795000.0 }, "geometry": { "type": "Polygon", "coordinates": [ [ [ 25.323507087267046, 61.233944979640832 ], [ 25.318714539081398, 61.323681766876746 ], [ 25.132016334089158, 61.321242626436884 ], [ 25.137340356776463, 61.231514843436436 ], [ 25.323507087267046, 61.233944979640832 ] ] ] } },
{ "type": "Feature", "properties": { "cell_id": 3085, "stable_forest_class": "pine-spruce", "class_fraction_2019": 0.901025, "class_fraction_2021": 0.888033, "class_fraction_2023": 0.868733, "stable_class_min_fraction": 0.868733, "productive_fraction_2019": 0.868132, "productive_fraction_2021": 0.87465, "productive_fraction_2023": 0.869161, "min_productive_fraction": 0.868132, "target_landscape_fraction_2019": 0.782208, "target_landscape_fraction_2021": 0.776717, "target_landscape_fraction_2023": 0.755069, "min_target_landscape_fraction": 0.755069, "koppen_code": 27.0, "koppen_class": "Dfc", "koppen_fraction": 1.0, "north_south": "north", "east_west": "east", "geo_quadrant": "north-east", "admin1_name": "Kainuu", "admin1_code": "FI-05", "admin1_fraction": 0.901033, "center_x": 565000.0, "center_y": 7075000.0 }, "geometry": { "type": "Polygon", "coordinates": [ [ [ 28.418594990154286, 63.750594805747347 ], [ 28.423110483983727, 63.840309983816084 ], [ 28.21986907811694, 63.842167665158094 ], [ 28.215998043859045, 63.752445190114862 ], [ 28.418594990154286, 63.750594805747347 ] ] ] } },
{ "type": "Feature", "properties": { "cell_id": 2481, "stable_forest_class": "pine-spruce", "class_fraction_2019": 0.860728, "class_fraction_2021": 0.855708, "class_fraction_2023": 0.887084, "stable_class_min_fraction": 0.855708, "productive_fraction_2019": 0.876867, "productive_fraction_2021": 0.875863, "productive_fraction_2023": 0.877588, "min_productive_fraction": 0.875863, "target_landscape_fraction_2019": 0.754744, "target_landscape_fraction_2021": 0.749483, "target_landscape_fraction_2023": 0.778495, "min_target_landscape_fraction": 0.749483, "koppen_code": 27.0, "koppen_class": "Dfc", "koppen_fraction": 1.0, "north_south": "south", "east_west": "east", "geo_quadrant": "south-east", "admin1_name": "Northern Savonia", "admin1_code": "FI-15", "admin1_fraction": 0.674057, "center_x": 465000.0, "center_y": 6985000.0 }, "geometry": { "type": "Polygon", "coordinates": [ [ [ 26.408762941946332, 62.948597739372516 ], [ 26.406945520245351, 63.038345879162669 ], [ 26.209280402093498, 63.03737988282613 ], [ 26.211703436648776, 62.947635459330783 ], [ 26.408762941946332, 62.948597739372516 ] ] ] } },
{ "type": "Feature", "properties": { "cell_id": 1155, "stable_forest_class": "pine-spruce", "class_fraction_2019": 0.810274, "class_fraction_2021": 0.813716, "class_fraction_2023": 0.847449, "stable_class_min_fraction": 0.810274, "productive_fraction_2019": 0.921009, "productive_fraction_2021": 0.91979, "productive_fraction_2023": 0.918725, "min_productive_fraction": 0.918725, "target_landscape_fraction_2019": 0.746269, "target_landscape_fraction_2021": 0.748448, "target_landscape_fraction_2023": 0.778573, "min_target_landscape_fraction": 0.746269, "koppen_code": 26.0, "koppen_class": "Dfb", "koppen_fraction": 0.872428, "north_south": "south", "east_west": "west", "geo_quadrant": "south-west", "admin1_name": "Tavastia Proper", "admin1_code": "FI-06", "admin1_fraction": 0.529909, "center_x": 405000.0, "center_y": 6785000.0 }, "geometry": { "type": "Polygon", "coordinates": [ [ [ 25.328268314337357, 61.144206776627286 ], [ 25.323507087267046, 61.233944979640832 ], [ 25.137340356776463, 61.231514843436436 ], [ 25.142629591010678, 61.141785593564208 ], [ 25.328268314337357, 61.144206776627286 ] ] ] } },
{ "type": "Feature", "properties": { "cell_id": 1931, "stable_forest_class": "pine", "class_fraction_2019": 0.901102, "class_fraction_2021": 0.906995, "class_fraction_2023": 0.911487, "stable_class_min_fraction": 0.901102, "productive_fraction_2019": 0.837798, "productive_fraction_2021": 0.828744, "productive_fraction_2023": 0.818394, "min_productive_fraction": 0.818394, "target_landscape_fraction_2019": 0.754942, "target_landscape_fraction_2021": 0.751666, "target_landscape_fraction_2023": 0.745955, "min_target_landscape_fraction": 0.745955, "koppen_code": 27.0, "koppen_class": "Dfc", "koppen_fraction": 0.556911, "north_south": "south", "east_west": "west", "geo_quadrant": "south-west", "admin1_name": "Southern Ostrobothnia", "admin1_code": "FI-03", "admin1_fraction": 1.0, "center_x": 245000.0, "center_y": 6905000.0 }, "geometry": { "type": "Polygon", "coordinates": [ [ [ 22.200396086237689, 62.148595775146738 ], [ 22.18615481961022, 62.23804325670995 ], [ 21.994457139243984, 62.231245380848264 ], [ 22.009259878093467, 62.141823447239823 ], [ 22.200396086237689, 62.148595775146738 ] ] ] } },
{ "type": "Feature", "properties": { "cell_id": 2702, "stable_forest_class": "pine", "class_fraction_2019": 0.926628, "class_fraction_2021": 0.931068, "class_fraction_2023": 0.918551, "stable_class_min_fraction": 0.918551, "productive_fraction_2019": 0.826437, "productive_fraction_2021": 0.809828, "productive_fraction_2023": 0.810862, "min_productive_fraction": 0.809828, "target_landscape_fraction_2019": 0.765799, "target_landscape_fraction_2021": 0.754005, "target_landscape_fraction_2023": 0.744818, "min_target_landscape_fraction": 0.744818, "koppen_code": 27.0, "koppen_class": "Dfc", "koppen_fraction": 1.0, "north_south": "south", "east_west": "east", "geo_quadrant": "south-east", "admin1_name": "North Karelia", "admin1_code": "FI-13", "admin1_fraction": 1.0, "center_x": 695000.0, "center_y": 7015000.0 }, "geometry": { "type": "Polygon", "coordinates": [ [ [ 30.97258240117543, 63.163532896922575 ], [ 30.984898214192221, 63.253066720382883 ], [ 30.786188067654898, 63.258497882742567 ], [ 30.774482734896896, 63.168943094672905 ], [ 30.97258240117543, 63.163532896922575 ] ] ] } },
{ "type": "Feature", "properties": { "cell_id": 2801, "stable_forest_class": "pine", "class_fraction_2019": 0.910768, "class_fraction_2021": 0.910817, "class_fraction_2023": 0.93417, "stable_class_min_fraction": 0.910768, "productive_fraction_2019": 0.816387, "productive_fraction_2021": 0.817277, "productive_fraction_2023": 0.810765, "min_productive_fraction": 0.810765, "target_landscape_fraction_2019": 0.743539, "target_landscape_fraction_2021": 0.74439, "target_landscape_fraction_2023": 0.757392, "min_target_landscape_fraction": 0.743539, "koppen_code": 27.0, "koppen_class": "Dfc", "koppen_fraction": 1.0, "north_south": "south", "east_west": "west", "geo_quadrant": "south-west", "admin1_name": "Central Ostrobothnia", "admin1_code": "FI-07", "admin1_fraction": 1.0, "center_x": 365000.0, "center_y": 7035000.0 }, "geometry": { "type": "Polygon", "coordinates": [ [ [ 24.399562945958998, 63.37491353494692 ], [ 24.391422799584809, 63.464568310449557 ], [ 24.191042090069729, 63.460773782188824 ], [ 24.199805606388967, 63.371133750078791 ], [ 24.399562945958998, 63.37491353494692 ] ] ] } },
{ "type": "Feature", "properties": { "cell_id": 839, "stable_forest_class": "pine-spruce", "class_fraction_2019": 0.872767, "class_fraction_2021": 0.871466, "class_fraction_2023": 0.876402, "stable_class_min_fraction": 0.871466, "productive_fraction_2019": 0.850657, "productive_fraction_2021": 0.854159, "productive_fraction_2023": 0.851602, "min_productive_fraction": 0.850657, "target_landscape_fraction_2019": 0.742425, "target_landscape_fraction_2021": 0.74437, "target_landscape_fraction_2023": 0.746346, "min_target_landscape_fraction": 0.742425, "koppen_code": 26.0, "koppen_class": "Dfb", "koppen_fraction": 1.0, "north_south": "south", "east_west": "east", "geo_quadrant": "south-east", "admin1_name": "South Karelia", "admin1_code": "FI-02", "admin1_fraction": 0.514051, "center_x": 545000.0, "center_y": 6735000.0 }, "geometry": { "type": "Polygon", "coordinates": [ [ [ 27.915923474811244, 60.702502451434498 ], [ 27.918485379122369, 60.792273408286945 ], [ 27.734808269356936, 60.793404027824721 ], [ 27.732758564338788, 60.703628943715785 ], [ 27.915923474811244, 60.702502451434498 ] ] ] } },
{ "type": "Feature", "properties": { "cell_id": 3086, "stable_forest_class": "pine-spruce", "class_fraction_2019": 0.854285, "class_fraction_2021": 0.834886, "class_fraction_2023": 0.834602, "stable_class_min_fraction": 0.834602, "productive_fraction_2019": 0.889603, "productive_fraction_2021": 0.892756, "productive_fraction_2023": 0.888824, "min_productive_fraction": 0.888824, "target_landscape_fraction_2019": 0.759974, "target_landscape_fraction_2021": 0.74535, "target_landscape_fraction_2023": 0.741815, "min_target_landscape_fraction": 0.741815, "koppen_code": 27.0, "koppen_class": "Dfc", "koppen_fraction": 1.0, "north_south": "north", "east_west": "east", "geo_quadrant": "north-east", "admin1_name": "North Karelia", "admin1_code": "FI-13", "admin1_fraction": 0.970358, "center_x": 575000.0, "center_y": 7075000.0 }, "geometry": { "type": "Polygon", "coordinates": [ [ [ 28.621159926160914, 63.748459957593674 ], [ 28.626319550883231, 63.83816671810257 ], [ 28.423110483983727, 63.840309983816084 ], [ 28.418594990154286, 63.750594805747347 ], [ 28.621159926160914, 63.748459957593674 ] ] ] } },
{ "type": "Feature", "properties": { "cell_id": 2041, "stable_forest_class": "pine-spruce", "class_fraction_2019": 0.845325, "class_fraction_2021": 0.826185, "class_fraction_2023": 0.849752, "stable_class_min_fraction": 0.826185, "productive_fraction_2019": 0.899021, "productive_fraction_2021": 0.89739, "productive_fraction_2023": 0.894152, "min_productive_fraction": 0.894152, "target_landscape_fraction_2019": 0.759964, "target_landscape_fraction_2021": 0.74141, "target_landscape_fraction_2023": 0.759807, "min_target_landscape_fraction": 0.74141, "koppen_code": 27.0, "koppen_class": "Dfc", "koppen_fraction": 1.0, "north_south": "south", "east_west": "east", "geo_quadrant": "south-east", "admin1_name": "North Karelia", "admin1_code": "FI-13", "admin1_fraction": 1.0, "center_x": 685000.0, "center_y": 6915000.0 }, "geometry": { "type": "Polygon", "coordinates": [ [ [ 30.661767268358158, 62.273267959231625 ], [ 30.672695318722962, 62.362845753053954 ], [ 30.479831409498082, 62.367806070465981 ], [ 30.469474331729113, 62.278209543879598 ], [ 30.661767268358158, 62.273267959231625 ] ] ] } },
{ "type": "Feature", "properties": { "cell_id": 6254, "stable_forest_class": "pine-spruce", "class_fraction_2019": 0.954253, "class_fraction_2021": 0.926851, "class_fraction_2023": 0.947217, "stable_class_min_fraction": 0.926851, "productive_fraction_2019": 0.817613, "productive_fraction_2021": 0.79831, "productive_fraction_2023": 0.80386, "min_productive_fraction": 0.79831, "target_landscape_fraction_2019": 0.780209, "target_landscape_fraction_2021": 0.739915, "target_landscape_fraction_2023": 0.76143, "min_target_landscape_fraction": 0.739915, "koppen_code": 27.0, "koppen_class": "Dfc", "koppen_fraction": 1.0, "north_south": "north", "east_west": "east", "geo_quadrant": "north-east", "admin1_name": "Lapland", "admin1_code": "FI-10", "admin1_fraction": 0.999728, "center_x": 575000.0, "center_y": 7555000.0 }, "geometry": { "type": "Polygon", "coordinates": [ [ [ 28.918290468338384, 68.052859559058632 ], [ 28.925765778758095, 68.14250127882886 ], [ 28.685183475258423, 68.145124015216496 ], [ 28.678640893598192, 68.055470502889705 ], [ 28.918290468338384, 68.052859559058632 ] ] ] } },
{ "type": "Feature", "properties": { "cell_id": 2193, "stable_forest_class": "pine-spruce", "class_fraction_2019": 0.89412, "class_fraction_2021": 0.897074, "class_fraction_2023": 0.892761, "stable_class_min_fraction": 0.892761, "productive_fraction_2019": 0.833523, "productive_fraction_2021": 0.825057, "productive_fraction_2023": 0.82593, "min_productive_fraction": 0.825057, "target_landscape_fraction_2019": 0.74527, "target_landscape_fraction_2021": 0.740138, "target_landscape_fraction_2023": 0.737358, "min_target_landscape_fraction": 0.737358, "koppen_code": 26.0, "koppen_class": "Dfb", "koppen_fraction": 1.0, "north_south": "south", "east_west": "west", "geo_quadrant": "south-west", "admin1_name": "Southern Ostrobothnia", "admin1_code": "FI-03", "admin1_fraction": 0.767402, "center_x": 225000.0, "center_y": 6945000.0 }, "geometry": { "type": "Polygon", "coordinates": [ [ [ 21.756142625181528, 62.492349334917073 ], [ 21.74035786877803, 62.581731234430698 ], [ 21.546588449315902, 62.574293516733398 ], [ 21.562947845682697, 62.484939783675195 ], [ 21.756142625181528, 62.492349334917073 ] ] ] } },
{ "type": "Feature", "properties": { "cell_id": 2571, "stable_forest_class": "pine", "class_fraction_2019": 0.88096, "class_fraction_2021": 0.867405, "class_fraction_2023": 0.850226, "stable_class_min_fraction": 0.850226, "productive_fraction_2019": 0.874788, "productive_fraction_2021": 0.872141, "productive_fraction_2023": 0.867213, "min_productive_fraction": 0.867213, "target_landscape_fraction_2019": 0.770653, "target_landscape_fraction_2021": 0.756499, "target_landscape_fraction_2023": 0.737327, "min_target_landscape_fraction": 0.737327, "koppen_code": 27.0, "koppen_class": "Dfc", "koppen_fraction": 1.0, "north_south": "south", "east_west": "east", "geo_quadrant": "south-east", "admin1_name": "North Karelia", "admin1_code": "FI-13", "admin1_fraction": 1.0, "center_x": 705000.0, "center_y": 6995000.0 }, "geometry": { "type": "Polygon", "coordinates": [ [ [ 31.145013705026905, 62.978815401253499 ], [ 31.157760819565087, 63.068332396632094 ], [ 30.960352003254279, 63.073996603962406 ], [ 30.948206177235527, 62.984457852113017 ], [ 31.145013705026905, 62.978815401253499 ] ] ] } },
{ "type": "Feature", "properties": { "cell_id": 2703, "stable_forest_class": "pine", "class_fraction_2019": 0.870405, "class_fraction_2021": 0.858364, "class_fraction_2023": 0.863452, "stable_class_min_fraction": 0.858364, "productive_fraction_2019": 0.876201, "productive_fraction_2021": 0.879206, "productive_fraction_2023": 0.853686, "min_productive_fraction": 0.853686, "target_landscape_fraction_2019": 0.76265, "target_landscape_fraction_2021": 0.754679, "target_landscape_fraction_2023": 0.737116, "min_target_landscape_fraction": 0.737116, "koppen_code": 27.0, "koppen_class": "Dfc", "koppen_fraction": 1.0, "north_south": "south", "east_west": "east", "geo_quadrant": "south-east", "admin1_name": "North Karelia", "admin1_code": "FI-13", "admin1_fraction": 0.946297, "center_x": 705000.0, "center_y": 7015000.0 }, "geometry": { "type": "Polygon", "coordinates": [ [ [ 31.170596654240565, 63.157846799408546 ], [ 31.183522093060354, 63.247358597629365 ], [ 30.984898214192221, 63.253066720382883 ], [ 30.97258240117543, 63.163532896922575 ], [ 31.170596654240565, 63.157846799408546 ] ] ] } },
{ "type": "Feature", "properties": { "cell_id": 2672, "stable_forest_class": "pine", "class_fraction_2019": 0.85589, "class_fraction_2021": 0.840795, "class_fraction_2023": 0.875807, "stable_class_min_fraction": 0.840795, "productive_fraction_2019": 0.876682, "productive_fraction_2021": 0.874888, "productive_fraction_2023": 0.867031, "min_productive_fraction": 0.867031, "target_landscape_fraction_2019": 0.750344, "target_landscape_fraction_2021": 0.735601, "target_landscape_fraction_2023": 0.759352, "min_target_landscape_fraction": 0.735601, "koppen_code": 27.0, "koppen_class": "Dfc", "koppen_fraction": 1.0, "north_south": "south", "east_west": "west", "geo_quadrant": "south-west", "admin1_name": "Central Finland", "admin1_code": "FI-08", "admin1_fraction": 1.0, "center_x": 395000.0, "center_y": 7015000.0 }, "geometry": { "type": "Polygon", "coordinates": [ [ [ 25.01156151981586, 63.205186782910857 ], [ 25.005382050678545, 63.294882219311688 ], [ 24.806087570400411, 63.291952337675575 ], [ 24.812883320924065, 63.20226824018232 ], [ 25.01156151981586, 63.205186782910857 ] ] ] } },
{ "type": "Feature", "properties": { "cell_id": 2107, "stable_forest_class": "pine-spruce", "class_fraction_2019": 0.868576, "class_fraction_2021": 0.848831, "class_fraction_2023": 0.875762, "stable_class_min_fraction": 0.848831, "productive_fraction_2019": 0.869051, "productive_fraction_2021": 0.865981, "productive_fraction_2023": 0.864323, "min_productive_fraction": 0.864323, "target_landscape_fraction_2019": 0.754836, "target_landscape_fraction_2021": 0.735072, "target_landscape_fraction_2023": 0.756941, "min_target_landscape_fraction": 0.735072, "koppen_code": 27.0, "koppen_class": "Dfc", "koppen_fraction": 1.0, "north_south": "south", "east_west": "east", "geo_quadrant": "south-east", "admin1_name": "North Karelia", "admin1_code": "FI-13", "admin1_fraction": 1.0, "center_x": 685000.0, "center_y": 6925000.0 }, "geometry": { "type": "Polygon", "coordinates": [ [ [ 30.672695318722962, 62.362845753053954 ], [ 30.683697730700281, 62.452421284926174 ], [ 30.490258989776329, 62.457400446908117 ], [ 30.479831409498082, 62.367806070465981 ], [ 30.672695318722962, 62.362845753053954 ] ] ] } },
{ "type": "Feature", "properties": { "cell_id": 2429, "stable_forest_class": "pine-spruce", "class_fraction_2019": 0.845911, "class_fraction_2021": 0.814232, "class_fraction_2023": 0.854409, "stable_class_min_fraction": 0.814232, "productive_fraction_2019": 0.902328, "productive_fraction_2021": 0.90274, "productive_fraction_2023": 0.905119, "min_productive_fraction": 0.902328, "target_landscape_fraction_2019": 0.763289, "target_landscape_fraction_2021": 0.73504, "target_landscape_fraction_2023": 0.773342, "min_target_landscape_fraction": 0.73504, "koppen_code": 27.0, "koppen_class": "Dfc", "koppen_fraction": 1.0, "north_south": "south", "east_west": "east", "geo_quadrant": "south-east", "admin1_name": "North Karelia", "admin1_code": "FI-13", "admin1_fraction": 0.797531, "center_x": 605000.0, "center_y": 6975000.0 }, "geometry": { "type": "Polygon", "coordinates": [ [ [ 29.160401733068227, 62.84351641013518 ], [ 29.167011185987558, 62.933206680962947 ], [ 28.970156336339713, 62.936091623688064 ], [ 28.964146307234106, 62.846390289463031 ], [ 29.160401733068227, 62.84351641013518 ] ] ] } },
{ "type": "Feature", "properties": { "cell_id": 903, "stable_forest_class": "pine-spruce", "class_fraction_2019": 0.878696, "class_fraction_2021": 0.884439, "class_fraction_2023": 0.89509, "stable_class_min_fraction": 0.878696, "productive_fraction_2019": 0.835999, "productive_fraction_2021": 0.843046, "productive_fraction_2023": 0.840945, "min_productive_fraction": 0.835999, "target_landscape_fraction_2019": 0.734589, "target_landscape_fraction_2021": 0.745623, "target_landscape_fraction_2023": 0.752721, "min_target_landscape_fraction": 0.734589, "koppen_code": 26.0, "koppen_class": "Dfb", "koppen_fraction": 1.0, "north_south": "south", "east_west": "east", "geo_quadrant": "south-east", "admin1_name": "South Karelia", "admin1_code": "FI-02", "admin1_fraction": 0.651513, "center_x": 525000.0, "center_y": 6745000.0 }, "geometry": { "type": "Polygon", "coordinates": [ [ [ 27.551117849934315, 60.794283440345836 ], [ 27.552665218370421, 60.88406050220231 ], [ 27.368449076988821, 60.884690982606834 ], [ 27.367417446957809, 60.794911614525304 ], [ 27.551117849934315, 60.794283440345836 ] ] ] } },
{ "type": "Feature", "properties": { "cell_id": 2363, "stable_forest_class": "pine-spruce", "class_fraction_2019": 0.868368, "class_fraction_2021": 0.850525, "class_fraction_2023": 0.872649, "stable_class_min_fraction": 0.850525, "productive_fraction_2019": 0.865754, "productive_fraction_2021": 0.863378, "productive_fraction_2023": 0.862984, "min_productive_fraction": 0.862984, "target_landscape_fraction_2019": 0.751793, "target_landscape_fraction_2021": 0.734324, "target_landscape_fraction_2023": 0.753082, "min_target_landscape_fraction": 0.734324, "koppen_code": 27.0, "koppen_class": "Dfc", "koppen_fraction": 1.0, "north_south": "south", "east_west": "east", "geo_quadrant": "south-east", "admin1_name": "North Karelia", "admin1_code": "FI-13", "admin1_fraction": 0.787344, "center_x": 605000.0, "center_y": 6965000.0 }, "geometry": { "type": "Polygon", "coordinates": [ [ [ 29.153837713720314, 62.753824599239515 ], [ 29.160401733068227, 62.84351641013518 ], [ 28.964146307234106, 62.846390289463031 ], [ 28.958177600218278, 62.756687482343374 ], [ 29.153837713720314, 62.753824599239515 ] ] ] } },
{ "type": "Feature", "properties": { "cell_id": 2231, "stable_forest_class": "pine-spruce", "class_fraction_2019": 0.822776, "class_fraction_2021": 0.827006, "class_fraction_2023": 0.847921, "stable_class_min_fraction": 0.822776, "productive_fraction_2019": 0.890824, "productive_fraction_2021": 0.889812, "productive_fraction_2023": 0.889626, "min_productive_fraction": 0.889626, "target_landscape_fraction_2019": 0.732948, "target_landscape_fraction_2021": 0.735881, "target_landscape_fraction_2023": 0.754332, "min_target_landscape_fraction": 0.732948, "koppen_code": 27.0, "koppen_class": "Dfc", "koppen_fraction": 1.0, "north_south": "south", "east_west": "east", "geo_quadrant": "south-east", "admin1_name": "North Karelia", "admin1_code": "FI-13", "admin1_fraction": 1.0, "center_x": 605000.0, "center_y": 6945000.0 }, "geometry": { "type": "Polygon", "coordinates": [ [ [ 29.140844204050481, 62.574436362107839 ], [ 29.147318683569658, 62.664131249501459 ], [ 28.95224981100813, 62.666983202890741 ], [ 28.946362540605886, 62.577277451636611 ], [ 29.140844204050481, 62.574436362107839 ] ] ] } },
{ "type": "Feature", "properties": { "cell_id": 2817, "stable_forest_class": "pine-spruce", "class_fraction_2019": 0.845236, "class_fraction_2021": 0.814018, "class_fraction_2023": 0.869499, "stable_class_min_fraction": 0.814018, "productive_fraction_2019": 0.891645, "productive_fraction_2021": 0.899625, "productive_fraction_2023": 0.892877, "min_productive_fraction": 0.891645, "target_landscape_fraction_2019": 0.753651, "target_landscape_fraction_2021": 0.732311, "target_landscape_fraction_2023": 0.776355, "min_target_landscape_fraction": 0.732311, "koppen_code": 27.0, "koppen_class": "Dfc", "koppen_fraction": 1.0, "north_south": "south", "east_west": "east", "geo_quadrant": "south-east", "admin1_name": "Northern Savonia", "admin1_code": "FI-15", "admin1_fraction": 1.0, "center_x": 525000.0, "center_y": 7035000.0 }, "geometry": { "type": "Polygon", "coordinates": [ [ [ 27.600452135661953, 63.397326695910756 ], [ 27.602334187957638, 63.487068976277193 ], [ 27.401563526018744, 63.487772524321436 ], [ 27.400308750245145, 63.398027505654326 ], [ 27.600452135661953, 63.397326695910756 ] ] ] } },
{ "type": "Feature", "properties": { "cell_id": 5903, "stable_forest_class": "pine", "class_fraction_2019": 0.966747, "class_fraction_2021": 0.9458, "class_fraction_2023": 0.941058, "stable_class_min_fraction": 0.941058, "productive_fraction_2019": 0.793426, "productive_fraction_2021": 0.784036, "productive_fraction_2023": 0.77698, "min_productive_fraction": 0.77698, "target_landscape_fraction_2019": 0.767042, "target_landscape_fraction_2021": 0.741541, "target_landscape_fraction_2023": 0.731183, "min_target_landscape_fraction": 0.731183, "koppen_code": 27.0, "koppen_class": "Dfc", "koppen_fraction": 1.0, "north_south": "north", "east_west": "west", "geo_quadrant": "north-west", "admin1_name": "Lapland", "admin1_code": "FI-10", "admin1_fraction": 1.0, "center_x": 365000.0, "center_y": 7505000.0 }, "geometry": { "type": "Polygon", "coordinates": [ [ [ 23.943688347197639, 67.586767004333382 ], [ 23.932056399420759, 67.67633624856559 ], [ 23.696528537746353, 67.671725228199236 ], [ 23.70904967923952, 67.582176349025772 ], [ 23.943688347197639, 67.586767004333382 ] ] ] } },
{ "type": "Feature", "properties": { "cell_id": 2505, "stable_forest_class": "pine", "class_fraction_2019": 0.91621, "class_fraction_2021": 0.908525, "class_fraction_2023": 0.893273, "stable_class_min_fraction": 0.893273, "productive_fraction_2019": 0.826284, "productive_fraction_2021": 0.824824, "productive_fraction_2023": 0.817958, "min_productive_fraction": 0.817958, "target_landscape_fraction_2019": 0.75705, "target_landscape_fraction_2021": 0.749374, "target_landscape_fraction_2023": 0.73066, "min_target_landscape_fraction": 0.73066, "koppen_code": 27.0, "koppen_class": "Dfc", "koppen_fraction": 1.0, "north_south": "south", "east_west": "east", "geo_quadrant": "south-east", "admin1_name": "North Karelia", "admin1_code": "FI-13", "admin1_fraction": 1.0, "center_x": 705000.0, "center_y": 6985000.0 }, "geometry": { "type": "Polygon", "coordinates": [ [ [ 31.132354438256613, 62.889295825045174 ], [ 31.145013705026905, 62.978815401253499 ], [ 30.948206177235527, 62.984457852113017 ], [ 30.936144091034585, 62.894916651821532 ], [ 31.132354438256613, 62.889295825045174 ] ] ] } },
{ "type": "Feature", "properties": { "cell_id": 838, "stable_forest_class": "pine-spruce", "class_fraction_2019": 0.886977, "class_fraction_2021": 0.874125, "class_fraction_2023": 0.872261, "stable_class_min_fraction": 0.872261, "productive_fraction_2019": 0.830277, "productive_fraction_2021": 0.837962, "productive_fraction_2023": 0.832492, "min_productive_fraction": 0.830277, "target_landscape_fraction_2019": 0.736437, "target_landscape_fraction_2021": 0.732484, "target_landscape_fraction_2023": 0.72615, "min_target_landscape_fraction": 0.72615, "koppen_code": 26.0, "koppen_class": "Dfb", "koppen_fraction": 1.0, "north_south": "south", "east_west": "east", "geo_quadrant": "south-east", "admin1_name": "Kymenlaakso", "admin1_code": "FI-09", "admin1_fraction": 0.965713, "center_x": 535000.0, "center_y": 6735000.0 }, "geometry": { "type": "Polygon", "coordinates": [ [ [ 27.732758564338788, 60.703628943715785 ], [ 27.734808269356936, 60.793404027824721 ], [ 27.551117849934315, 60.794283440345836 ], [ 27.549580465239373, 60.704505145795679 ], [ 27.732758564338788, 60.703628943715785 ] ] ] } },
{ "type": "Feature", "properties": { "cell_id": 3415, "stable_forest_class": "pine-spruce", "class_fraction_2019": 0.83892, "class_fraction_2021": 0.853388, "class_fraction_2023": 0.868871, "stable_class_min_fraction": 0.83892, "productive_fraction_2019": 0.861814, "productive_fraction_2021": 0.871724, "productive_fraction_2023": 0.859238, "min_productive_fraction": 0.859238, "target_landscape_fraction_2019": 0.722993, "target_landscape_fraction_2021": 0.743919, "target_landscape_fraction_2023": 0.746567, "min_target_landscape_fraction": 0.722993, "koppen_code": 27.0, "koppen_class": "Dfc", "koppen_fraction": 1.0, "north_south": "north", "east_west": "east", "geo_quadrant": "north-east", "admin1_name": "Kainuu", "admin1_code": "FI-05", "admin1_fraction": 1.0, "center_x": 565000.0, "center_y": 7125000.0 }, "geometry": { "type": "Polygon", "coordinates": [ [ [ 28.441499211992845, 64.199157718346399 ], [ 28.446179783299772, 64.288866412001241 ], [ 28.239645947672468, 64.29076128698938 ], [ 28.235633374748488, 64.201045058452934 ], [ 28.441499211992845, 64.199157718346399 ] ] ] } },
{ "type": "Feature", "properties": { "cell_id": 2831, "stable_forest_class": "pine", "class_fraction_2019": 0.850576, "class_fraction_2021": 0.857285, "class_fraction_2023": 0.853714, "stable_class_min_fraction": 0.850576, "productive_fraction_2019": 0.859041, "productive_fraction_2021": 0.85129, "productive_fraction_2023": 0.845358, "min_productive_fraction": 0.845358, "target_landscape_fraction_2019": 0.73068, "target_landscape_fraction_2021": 0.729797, "target_landscape_fraction_2023": 0.721694, "min_target_landscape_fraction": 0.721694, "koppen_code": 27.0, "koppen_class": "Dfc", "koppen_fraction": 1.0, "north_south": "south", "east_west": "east", "geo_quadrant": "south-east", "admin1_name": "North Karelia", "admin1_code": "FI-13", "admin1_fraction": 1.0, "center_x": 665000.0, "center_y": 7035000.0 }, "geometry": { "type": "Polygon", "coordinates": [ [ [ 30.399081436569045, 63.358119867362738 ], [ 30.409711174317621, 63.44770916749696 ], [ 30.209529269671446, 63.452344036104094 ], [ 30.199520914247856, 63.362736743310279 ], [ 30.399081436569045, 63.358119867362738 ] ] ] } },
{ "type": "Feature", "properties": { "cell_id": 1666, "stable_forest_class": "pine-spruce", "class_fraction_2019": 0.848991, "class_fraction_2021": 0.8529, "class_fraction_2023": 0.880096, "stable_class_min_fraction": 0.848991, "productive_fraction_2019": 0.848965, "productive_fraction_2021": 0.846717, "productive_fraction_2023": 0.845591, "min_productive_fraction": 0.845591, "target_landscape_fraction_2019": 0.720763, "target_landscape_fraction_2021": 0.722165, "target_landscape_fraction_2023": 0.744202, "min_target_landscape_fraction": 0.720763, "koppen_code": 26.0, "koppen_class": "Dfb", "koppen_fraction": 1.0, "north_south": "south", "east_west": "west", "geo_quadrant": "south-west", "admin1_name": "Satakunta", "admin1_code": "FI-17", "admin1_fraction": 1.0, "center_x": 235000.0, "center_y": 6865000.0 }, "geometry": { "type": "Polygon", "coordinates": [ [ [ 22.067488461380481, 61.784104137555232 ], [ 22.053076813945495, 61.873538668220355 ], [ 21.863699260526985, 61.866581760405801 ], [ 21.878656824878444, 61.777173146326703 ], [ 22.067488461380481, 61.784104137555232 ] ] ] } },
{ "type": "Feature", "properties": { "cell_id": 1536, "stable_forest_class": "pine-spruce", "class_fraction_2019": 0.847682, "class_fraction_2021": 0.869992, "class_fraction_2023": 0.87064, "stable_class_min_fraction": 0.847682, "productive_fraction_2019": 0.850004, "productive_fraction_2021": 0.851571, "productive_fraction_2023": 0.845107, "min_productive_fraction": 0.845107, "target_landscape_fraction_2019": 0.720534, "target_landscape_fraction_2021": 0.74086, "target_landscape_fraction_2023": 0.735784, "min_target_landscape_fraction": 0.720534, "koppen_code": 26.0, "koppen_class": "Dfb", "koppen_fraction": 1.0, "north_south": "south", "east_west": "west", "geo_quadrant": "south-west", "admin1_name": "Satakunta", "admin1_code": "FI-17", "admin1_fraction": 1.0, "center_x": 255000.0, "center_y": 6845000.0 }, "geometry": { "type": "Polygon", "coordinates": [ [ [ 22.471804741981877, 61.618212317046492 ], [ 22.458663409232642, 61.707701441029947 ], [ 22.270188499276433, 61.701313303010522 ], [ 22.283870381271637, 61.611847900013629 ], [ 22.471804741981877, 61.618212317046492 ] ] ] } },
{ "type": "Feature", "properties": { "cell_id": 5993, "stable_forest_class": "pine-spruce", "class_fraction_2019": 0.92515, "class_fraction_2021": 0.94282, "class_fraction_2023": 0.929146, "stable_class_min_fraction": 0.92515, "productive_fraction_2019": 0.797309, "productive_fraction_2021": 0.798853, "productive_fraction_2023": 0.775478, "min_productive_fraction": 0.775478, "target_landscape_fraction_2019": 0.737631, "target_landscape_fraction_2021": 0.753175, "target_landscape_fraction_2023": 0.720532, "min_target_landscape_fraction": 0.720532, "koppen_code": 27.0, "koppen_class": "Dfc", "koppen_fraction": 1.0, "north_south": "north", "east_west": "east", "geo_quadrant": "north-east", "admin1_name": "Lapland", "admin1_code": "FI-10", "admin1_fraction": 1.0, "center_x": 605000.0, "center_y": 7515000.0 }, "geometry": { "type": "Polygon", "coordinates": [ [ [ 29.596606185588296, 67.684536468590096 ], [ 29.606538044992615, 67.774140253899375 ], [ 29.369843444089014, 67.777744986101098 ], [ 29.360811328328996, 67.688125213029451 ], [ 29.596606185588296, 67.684536468590096 ] ] ] } },
{ "type": "Feature", "properties": { "cell_id": 2958, "stable_forest_class": "pine-spruce", "class_fraction_2019": 0.822899, "class_fraction_2021": 0.795048, "class_fraction_2023": 0.828489, "stable_class_min_fraction": 0.795048, "productive_fraction_2019": 0.908974, "productive_fraction_2021": 0.905638, "productive_fraction_2023": 0.905687, "min_productive_fraction": 0.905638, "target_landscape_fraction_2019": 0.747994, "target_landscape_fraction_2021": 0.720026, "target_landscape_fraction_2023": 0.750352, "min_target_landscape_fraction": 0.720026, "koppen_code": 27.0, "koppen_class": "Dfc", "koppen_fraction": 1.0, "north_south": "north", "east_west": "east", "geo_quadrant": "north-east", "admin1_name": "North Karelia", "admin1_code": "FI-13", "admin1_fraction": 1.0, "center_x": 615000.0, "center_y": 7055000.0 }, "geometry": { "type": "Polygon", "coordinates": [ [ [ 29.415708299555188, 63.557749199267562 ], [ 29.42333127146809, 63.647414372237847 ], [ 29.221577737626159, 63.650673244560622 ], [ 29.214588088985145, 63.560995343347855 ], [ 29.415708299555188, 63.557749199267562 ] ] ] } },
{ "type": "Feature", "properties": { "cell_id": 1469, "stable_forest_class": "pine-spruce", "class_fraction_2019": 0.856939, "class_fraction_2021": 0.882055, "class_fraction_2023": 0.880961, "stable_class_min_fraction": 0.856939, "productive_fraction_2019": 0.839836, "productive_fraction_2021": 0.838569, "productive_fraction_2023": 0.838671, "min_productive_fraction": 0.838569, "target_landscape_fraction_2019": 0.719689, "target_landscape_fraction_2021": 0.739664, "target_landscape_fraction_2023": 0.738836, "min_target_landscape_fraction": 0.719689, "koppen_code": 26.0, "koppen_class": "Dfb", "koppen_fraction": 1.0, "north_south": "south", "east_west": "west", "geo_quadrant": "south-west", "admin1_name": "Satakunta", "admin1_code": "FI-17", "admin1_fraction": 1.0, "center_x": 245000.0, "center_y": 6835000.0 }, "geometry": { "type": "Polygon", "coordinates": [ [ [ 22.297462072606816, 61.522379561295878 ], [ 22.283870381271637, 61.611847900013629 ], [ 22.096026209453008, 61.605225766481489 ], [ 22.110154086993461, 61.515781957546587 ], [ 22.297462072606816, 61.522379561295878 ] ] ] } },
{ "type": "Feature", "properties": { "cell_id": 1404, "stable_forest_class": "pine-spruce", "class_fraction_2019": 0.855661, "class_fraction_2021": 0.874809, "class_fraction_2023": 0.884274, "stable_class_min_fraction": 0.855661, "productive_fraction_2019": 0.839537, "productive_fraction_2021": 0.830676, "productive_fraction_2023": 0.833713, "min_productive_fraction": 0.830676, "target_landscape_fraction_2019": 0.718359, "target_landscape_fraction_2021": 0.726684, "target_landscape_fraction_2023": 0.73723, "min_target_landscape_fraction": 0.718359, "koppen_code": 26.0, "koppen_class": "Dfb", "koppen_fraction": 1.0, "north_south": "south", "east_west": "west", "geo_quadrant": "south-west", "admin1_name": "Satakunta", "admin1_code": "FI-17", "admin1_fraction": 1.0, "center_x": 255000.0, "center_y": 6825000.0 }, "geometry": { "type": "Polygon", "coordinates": [ [ [ 22.497828212945823, 61.439225682733031 ], [ 22.484859407398417, 61.528720393344912 ], [ 22.297462072606816, 61.522379561295878 ], [ 22.310964413022727, 61.432908300943808 ], [ 22.497828212945823, 61.439225682733031 ] ] ] } },
{ "type": "Feature", "properties": { "cell_id": 2004, "stable_forest_class": "pine", "class_fraction_2019": 0.916363, "class_fraction_2021": 0.882982, "class_fraction_2023": 0.894738, "stable_class_min_fraction": 0.882982, "productive_fraction_2019": 0.805737, "productive_fraction_2021": 0.812536, "productive_fraction_2023": 0.810094, "min_productive_fraction": 0.805737, "target_landscape_fraction_2019": 0.738348, "target_landscape_fraction_2021": 0.717455, "target_landscape_fraction_2023": 0.724822, "min_target_landscape_fraction": 0.717455, "koppen_code": 27.0, "koppen_class": "Dfc", "koppen_fraction": 1.0, "north_south": "south", "east_west": "west", "geo_quadrant": "south-west", "admin1_name": "Pirkanmaa", "admin1_code": "FI-11", "admin1_fraction": 1.0, "center_x": 315000.0, "center_y": 6915000.0 }, "geometry": { "type": "Polygon", "coordinates": [ [ [ 23.530525668270887, 62.278209543879598 ], [ 23.520168590501914, 62.367806070465981 ], [ 23.327304681277038, 62.362845753053954 ], [ 23.338232731641838, 62.273267959231625 ], [ 23.530525668270887, 62.278209543879598 ] ] ] } },
{ "type": "Feature", "properties": { "cell_id": 3267, "stable_forest_class": "birch-pine", "class_fraction_2019": 0.834279, "class_fraction_2021": 0.834836, "class_fraction_2023": 0.849347, "stable_class_min_fraction": 0.834279, "productive_fraction_2019": 0.857912, "productive_fraction_2021": 0.86153, "productive_fraction_2023": 0.865833, "min_productive_fraction": 0.857912, "target_landscape_fraction_2019": 0.715739, "target_landscape_fraction_2021": 0.719236, "target_landscape_fraction_2023": 0.735392, "min_target_landscape_fraction": 0.715739, "koppen_code": 27.0, "koppen_class": "Dfc", "koppen_fraction": 1.0, "north_south": "north", "east_west": "west", "geo_quadrant": "north-west", "admin1_name": "Northern Ostrobothnia", "admin1_code": "FI-14", "admin1_fraction": 1.0, "center_x": 405000.0, "center_y": 7105000.0 }, "geometry": { "type": "Polygon", "coordinates": [ [ [ 25.158776494226917, 64.015128165437545 ], [ 25.152847178872168, 64.104821147928575 ], [ 24.947758839808458, 64.102074620106805 ], [ 24.954345418741791, 64.012392499721358 ], [ 25.158776494226917, 64.015128165437545 ] ] ] } },
{ "type": "Feature", "properties": { "cell_id": 1538, "stable_forest_class": "pine-spruce", "class_fraction_2019": 0.89682, "class_fraction_2021": 0.867781, "class_fraction_2023": 0.924376, "stable_class_min_fraction": 0.867781, "productive_fraction_2019": 0.829627, "productive_fraction_2021": 0.823439, "productive_fraction_2023": 0.820124, "min_productive_fraction": 0.820124, "target_landscape_fraction_2019": 0.744026, "target_landscape_fraction_2021": 0.714565, "target_landscape_fraction_2023": 0.758103, "min_target_landscape_fraction": 0.714565, "koppen_code": 26.0, "koppen_class": "Dfb", "koppen_fraction": 1.0, "north_south": "south", "east_west": "west", "geo_quadrant": "south-west", "admin1_name": "Pirkanmaa", "admin1_code": "FI-11", "admin1_fraction": 0.828167, "center_x": 275000.0, "center_y": 6845000.0 }, "geometry": { "type": "Polygon", "coordinates": [ [ [ 22.847929926823639, 61.630167068091588 ], [ 22.835872112674021, 61.71970077547747 ], [ 22.647225802467908, 61.713830674633442 ], [ 22.659825768322971, 61.624318781859074 ], [ 22.847929926823639, 61.630167068091588 ] ] ] } },
{ "type": "Feature", "properties": { "cell_id": 1997, "stable_forest_class": "pine", "class_fraction_2019": 0.906356, "class_fraction_2021": 0.906977, "class_fraction_2023": 0.903839, "stable_class_min_fraction": 0.903839, "productive_fraction_2019": 0.799137, "productive_fraction_2021": 0.798569, "productive_fraction_2023": 0.790546, "min_productive_fraction": 0.790546, "target_landscape_fraction_2019": 0.724303, "target_landscape_fraction_2021": 0.724284, "target_landscape_fraction_2023": 0.714526, "min_target_landscape_fraction": 0.714526, "koppen_code": 27.0, "koppen_class": "Dfc", "koppen_fraction": 0.826087, "north_south": "south", "east_west": "west", "geo_quadrant": "south-west", "admin1_name": "Southern Ostrobothnia", "admin1_code": "FI-03", "admin1_fraction": 1.0, "center_x": 245000.0, "center_y": 6915000.0 }, "geometry": { "type": "Polygon", "coordinates": [ [ [ 22.18615481961022, 62.23804325670995 ], [ 22.171817177426885, 62.327487698228346 ], [ 21.97955427588515, 62.320664123304347 ], [ 21.994457139243984, 62.231245380848264 ], [ 22.18615481961022, 62.23804325670995 ] ] ] } },
{ "type": "Feature", "properties": { "cell_id": 4534, "stable_forest_class": "pine-spruce", "class_fraction_2019": 0.935487, "class_fraction_2021": 0.960747, "class_fraction_2023": 0.963366, "stable_class_min_fraction": 0.935487, "productive_fraction_2019": 0.763277, "productive_fraction_2021": 0.755538, "productive_fraction_2023": 0.781862, "min_productive_fraction": 0.755538, "target_landscape_fraction_2019": 0.714036, "target_landscape_fraction_2021": 0.725881, "target_landscape_fraction_2023": 0.75322, "min_target_landscape_fraction": 0.714036, "koppen_code": 27.0, "koppen_class": "Dfc", "koppen_fraction": 1.0, "north_south": "north", "east_west": "east", "geo_quadrant": "north-east", "admin1_name": "Northern Ostrobothnia", "admin1_code": "FI-14", "admin1_fraction": 1.0, "center_x": 535000.0, "center_y": 7295000.0 }, "geometry": { "type": "Polygon", "coordinates": [ [ [ 27.872101727927788, 65.729164418221544 ], [ 27.875138391729127, 65.818872652908723 ], [ 27.656374253735024, 65.819966493672666 ], [ 27.654096530718217, 65.730253708754731 ], [ 27.872101727927788, 65.729164418221544 ] ] ] } },
{ "type": "Feature", "properties": { "cell_id": 1996, "stable_forest_class": "pine", "class_fraction_2019": 0.855335, "class_fraction_2021": 0.86364, "class_fraction_2023": 0.878195, "stable_class_min_fraction": 0.855335, "productive_fraction_2019": 0.834575, "productive_fraction_2021": 0.839662, "productive_fraction_2023": 0.82635, "min_productive_fraction": 0.82635, "target_landscape_fraction_2019": 0.713842, "target_landscape_fraction_2021": 0.725166, "target_landscape_fraction_2023": 0.725697, "min_target_landscape_fraction": 0.713842, "koppen_code": 26.0, "koppen_class": "Dfb", "koppen_fraction": 0.762097, "north_south": "south", "east_west": "west", "geo_quadrant": "south-west", "admin1_name": "Southern Ostrobothnia", "admin1_code": "FI-03", "admin1_fraction": 1.0, "center_x": 235000.0, "center_y": 6915000.0 }, "geometry": { "type": "Polygon", "coordinates": [ [ [ 21.994457139243984, 62.231245380848264 ], [ 21.97955427588515, 62.320664123304347 ], [ 21.787392461730956, 62.313575340249436 ], [ 21.802859581338275, 62.224183283396208 ], [ 21.994457139243984, 62.231245380848264 ] ] ] } },
{ "type": "Feature", "properties": { "cell_id": 5838, "stable_forest_class": "pine", "class_fraction_2019": 0.918513, "class_fraction_2021": 0.887241, "class_fraction_2023": 0.885746, "stable_class_min_fraction": 0.885746, "productive_fraction_2019": 0.81908, "productive_fraction_2021": 0.812931, "productive_fraction_2023": 0.804268, "min_productive_fraction": 0.804268, "target_landscape_fraction_2019": 0.752335, "target_landscape_fraction_2021": 0.721265, "target_landscape_fraction_2023": 0.712377, "min_target_landscape_fraction": 0.712377, "koppen_code": 27.0, "koppen_class": "Dfc", "koppen_fraction": 1.0, "north_south": "north", "east_west": "west", "geo_quadrant": "north-west", "admin1_name": "Lapland", "admin1_code": "FI-10", "admin1_fraction": 1.0, "center_x": 375000.0, "center_y": 7495000.0 }, "geometry": { "type": "Polygon", "coordinates": [ [ [ 24.189075873178808, 67.501428694753002 ], [ 24.178422212880324, 67.59101862863109 ], [ 23.943688347197639, 67.586767004333382 ], [ 23.955225094227664, 67.497195796371386 ], [ 24.189075873178808, 67.501428694753002 ] ] ] } },
{ "type": "Feature", "properties": { "cell_id": 5449, "stable_forest_class": "pine", "class_fraction_2019": 0.959286, "class_fraction_2021": 0.950271, "class_fraction_2023": 0.972145, "stable_class_min_fraction": 0.950271, "productive_fraction_2019": 0.764311, "productive_fraction_2021": 0.749217, "productive_fraction_2023": 0.765693, "min_productive_fraction": 0.749217, "target_landscape_fraction_2019": 0.733193, "target_landscape_fraction_2021": 0.711959, "target_landscape_fraction_2023": 0.744365, "min_target_landscape_fraction": 0.711959, "koppen_code": 27.0, "koppen_class": "Dfc", "koppen_fraction": 1.0, "north_south": "north", "east_west": "west", "geo_quadrant": "north-west", "admin1_name": "Lapland", "admin1_code": "FI-10", "admin1_fraction": 1.0, "center_x": 445000.0, "center_y": 7435000.0 }, "geometry": { "type": "Polygon", "coordinates": [ [ [ 25.853998948212698, 66.98349118298394 ], [ 25.849763029827557, 67.073177286528917 ], [ 25.619791028141019, 67.071353062881556 ], [ 25.62487325515351, 66.9816748607482 ], [ 25.853998948212698, 66.98349118298394 ] ] ] } },
{ "type": "Feature", "properties": { "cell_id": 2344, "stable_forest_class": "pine", "class_fraction_2019": 0.799183, "class_fraction_2021": 0.822729, "class_fraction_2023": 0.846297, "stable_class_min_fraction": 0.799183, "productive_fraction_2019": 0.888852, "productive_fraction_2021": 0.892132, "productive_fraction_2023": 0.890312, "min_productive_fraction": 0.888852, "target_landscape_fraction_2019": 0.710355, "target_landscape_fraction_2021": 0.733983, "target_landscape_fraction_2023": 0.753468, "min_target_landscape_fraction": 0.710355, "koppen_code": 27.0, "koppen_class": "Dfc", "koppen_fraction": 1.0, "north_south": "south", "east_west": "west", "geo_quadrant": "south-west", "admin1_name": "Central Finland", "admin1_code": "FI-08", "admin1_fraction": 1.0, "center_x": 415000.0, "center_y": 6965000.0 }, "geometry": { "type": "Polygon", "coordinates": [ [ [ 25.433261300969459, 62.76159621014687 ], [ 25.428484391249999, 62.851317876500183 ], [ 25.232150439794168, 62.848990812915311 ], [ 25.237523430208423, 62.759278053659749 ], [ 25.433261300969459, 62.76159621014687 ] ] ] } },
{ "type": "Feature", "properties": { "cell_id": 5450, "stable_forest_class": "pine", "class_fraction_2019": 0.969667, "class_fraction_2021": 0.965328, "class_fraction_2023": 0.964694, "stable_class_min_fraction": 0.964694, "productive_fraction_2019": 0.743506, "productive_fraction_2021": 0.7346, "productive_fraction_2023": 0.741468, "min_productive_fraction": 0.7346, "target_landscape_fraction_2019": 0.720953, "target_landscape_fraction_2021": 0.70913, "target_landscape_fraction_2023": 0.71529, "min_target_landscape_fraction": 0.70913, "koppen_code": 27.0, "koppen_class": "Dfc", "koppen_fraction": 1.0, "north_south": "north", "east_west": "west", "geo_quadrant": "north-west", "admin1_name": "Lapland", "admin1_code": "FI-10", "admin1_fraction": 1.0, "center_x": 455000.0, "center_y": 7435000.0 }, "geometry": { "type": "Polygon", "coordinates": [ [ [ 26.083158505388674, 66.984977395520445 ], [ 26.079769293235358, 67.07466996530907 ], [ 25.849763029827557, 67.073177286528917 ], [ 25.853998948212698, 66.98349118298394 ], [ 26.083158505388674, 66.984977395520445 ] ] ] } },
{ "type": "Feature", "properties": { "cell_id": 2605, "stable_forest_class": "pine", "class_fraction_2019": 0.854405, "class_fraction_2021": 0.842099, "class_fraction_2023": 0.881901, "stable_class_min_fraction": 0.842099, "productive_fraction_2019": 0.845204, "productive_fraction_2021": 0.841861, "productive_fraction_2023": 0.837816, "min_productive_fraction": 0.837816, "target_landscape_fraction_2019": 0.722147, "target_landscape_fraction_2021": 0.70893, "target_landscape_fraction_2023": 0.738871, "min_target_landscape_fraction": 0.70893, "koppen_code": 27.0, "koppen_class": "Dfc", "koppen_fraction": 1.0, "north_south": "south", "east_west": "west", "geo_quadrant": "south-west", "admin1_name": "Central Finland", "admin1_code": "FI-08", "admin1_fraction": 0.608096, "center_x": 385000.0, "center_y": 7005000.0 }, "geometry": { "type": "Polygon", "coordinates": [ [ [ 24.819631800341668, 63.112582597313093 ], [ 24.812883320924065, 63.20226824018232 ], [ 24.614252392086815, 63.199072220234754 ], [ 24.621612407081475, 63.109398915148127 ], [ 24.819631800341668, 63.112582597313093 ] ] ] } },
{ "type": "Feature", "properties": { "cell_id": 2144, "stable_forest_class": "pine", "class_fraction_2019": 0.831689, "class_fraction_2021": 0.784522, "class_fraction_2023": 0.860898, "stable_class_min_fraction": 0.784522, "productive_fraction_2019": 0.893484, "productive_fraction_2021": 0.899896, "productive_fraction_2023": 0.901128, "min_productive_fraction": 0.893484, "target_landscape_fraction_2019": 0.7431, "target_landscape_fraction_2021": 0.705988, "target_landscape_fraction_2023": 0.775779, "min_target_landscape_fraction": 0.705988, "koppen_code": 27.0, "koppen_class": "Dfc", "koppen_fraction": 1.0, "north_south": "south", "east_west": "west", "geo_quadrant": "south-west", "admin1_name": "Central Finland", "admin1_code": "FI-08", "admin1_fraction": 1.0, "center_x": 395000.0, "center_y": 6935000.0 }, "geometry": { "type": "Polygon", "coordinates": [ [ [ 25.059484604785858, 62.487570229082962 ], [ 25.053637459394114, 62.577277451636611 ], [ 24.859155795949516, 62.574436362107839 ], [ 24.865586157689073, 62.484739938207369 ], [ 25.059484604785858, 62.487570229082962 ] ] ] } },
{ "type": "Feature", "properties": { "cell_id": 2674, "stable_forest_class": "pine", "class_fraction_2019": 0.778817, "class_fraction_2021": 0.807152, "class_fraction_2023": 0.79339, "stable_class_min_fraction": 0.778817, "productive_fraction_2019": 0.904922, "productive_fraction_2021": 0.900524, "productive_fraction_2023": 0.898627, "min_productive_fraction": 0.898627, "target_landscape_fraction_2019": 0.704768, "target_landscape_fraction_2021": 0.72686, "target_landscape_fraction_2023": 0.712962, "min_target_landscape_fraction": 0.704768, "koppen_code": 27.0, "koppen_class": "Dfc", "koppen_fraction": 1.0, "north_south": "south", "east_west": "west", "geo_quadrant": "south-west", "admin1_name": "Central Finland", "admin1_code": "FI-08", "admin1_fraction": 1.0, "center_x": 415000.0, "center_y": 7015000.0 }, "geometry": { "type": "Polygon", "coordinates": [ [ [ 25.409042613451337, 63.210190971157154 ], [ 25.404096960309019, 63.299905854820331 ], [ 25.204719955918897, 63.297533428003334 ], [ 25.210282711619744, 63.207827729208056 ], [ 25.409042613451337, 63.210190971157154 ] ] ] } },
{ "type": "Feature", "properties": { "cell_id": 3331, "stable_forest_class": "pine-spruce", "class_fraction_2019": 0.851959, "class_fraction_2021": 0.817798, "class_fraction_2023": 0.864082, "stable_class_min_fraction": 0.817798, "productive_fraction_2019": 0.859443, "productive_fraction_2021": 0.85814, "productive_fraction_2023": 0.85612, "min_productive_fraction": 0.85612, "target_landscape_fraction_2019": 0.73221, "target_landscape_fraction_2021": 0.701785, "target_landscape_fraction_2023": 0.739758, "min_target_landscape_fraction": 0.701785, "koppen_code": 27.0, "koppen_class": "Dfc", "koppen_fraction": 1.0, "north_south": "north", "east_west": "west", "geo_quadrant": "north-west", "admin1_name": "Northern Ostrobothnia", "admin1_code": "FI-14", "admin1_fraction": 1.0, "center_x": 385000.0, "center_y": 7115000.0 }, "geometry": { "type": "Polygon", "coordinates": [ [ [ 24.742718089205766, 64.099039421710287 ], [ 24.735422412724908, 64.188707979007233 ], [ 24.52977301941981, 64.185371017179563 ], [ 24.537729659659426, 64.095715683832836 ], [ 24.742718089205766, 64.099039421710287 ] ] ] } },
{ "type": "Feature", "properties": { "cell_id": 1618, "stable_forest_class": "pine-spruce", "class_fraction_2019": 0.864095, "class_fraction_2021": 0.879395, "class_fraction_2023": 0.897004, "stable_class_min_fraction": 0.864095, "productive_fraction_2019": 0.810903, "productive_fraction_2021": 0.811374, "productive_fraction_2023": 0.811497, "min_productive_fraction": 0.810903, "target_landscape_fraction_2019": 0.700697, "target_landscape_fraction_2021": 0.713518, "target_landscape_fraction_2023": 0.727916, "min_target_landscape_fraction": 0.700697, "koppen_code": 26.0, "koppen_class": "Dfb", "koppen_fraction": 0.558233, "north_south": "south", "east_west": "west", "geo_quadrant": "south-west", "admin1_name": "Central Finland", "admin1_code": "FI-08", "admin1_fraction": 1.0, "center_x": 415000.0, "center_y": 6855000.0 }, "geometry": { "type": "Polygon", "coordinates": [ [ [ 25.483713472209914, 61.774568100904482 ], [ 25.479280006440064, 61.864304742508239 ], [ 25.289284852372173, 61.862072777463531 ], [ 25.294271605644987, 61.772344478087199 ], [ 25.483713472209914, 61.774568100904482 ] ] ] } },
{ "type": "Feature", "properties": { "cell_id": 951, "stable_forest_class": "pine-spruce", "class_fraction_2019": 0.893448, "class_fraction_2021": 0.842604, "class_fraction_2023": 0.885932, "stable_class_min_fraction": 0.842604, "productive_fraction_2019": 0.831319, "productive_fraction_2021": 0.830838, "productive_fraction_2023": 0.831677, "min_productive_fraction": 0.830838, "target_landscape_fraction_2019": 0.74274, "target_landscape_fraction_2021": 0.700067, "target_landscape_fraction_2023": 0.73681, "min_target_landscape_fraction": 0.700067, "koppen_code": 26.0, "koppen_class": "Dfb", "koppen_fraction": 1.0, "north_south": "south", "east_west": "west", "geo_quadrant": "south-west", "admin1_name": "Tavastia Proper", "admin1_code": "FI-06", "admin1_fraction": 1.0, "center_x": 345000.0, "center_y": 6755000.0 }, "geometry": { "type": "Polygon", "coordinates": [ [ [ 24.238485417635129, 60.856841688338882 ], [ 24.230714915258016, 60.946517483602314 ], [ 24.046375393223766, 60.942599621628482 ], [ 24.054661375784157, 60.852938158770584 ], [ 24.238485417635129, 60.856841688338882 ] ] ] } },
{ "type": "Feature", "properties": { "cell_id": 5904, "stable_forest_class": "pine", "class_fraction_2019": 0.946523, "class_fraction_2021": 0.9105, "class_fraction_2023": 0.906505, "stable_class_min_fraction": 0.906505, "productive_fraction_2019": 0.788191, "productive_fraction_2021": 0.779543, "productive_fraction_2023": 0.771366, "min_productive_fraction": 0.771366, "target_landscape_fraction_2019": 0.74604, "target_landscape_fraction_2021": 0.709774, "target_landscape_fraction_2023": 0.699247, "min_target_landscape_fraction": 0.699247, "koppen_code": 27.0, "koppen_class": "Dfc", "koppen_fraction": 1.0, "north_south": "north", "east_west": "west", "geo_quadrant": "north-west", "admin1_name": "Lapland", "admin1_code": "FI-10", "admin1_fraction": 1.0, "center_x": 375000.0, "center_y": 7505000.0 }, "geometry": { "type": "Polygon", "coordinates": [ [ [ 24.178422212880324, 67.59101862863109 ], [ 24.167680604800555, 67.680606741024818 ], [ 23.932056399420759, 67.67633624856559 ], [ 23.943688347197639, 67.586767004333382 ], [ 24.178422212880324, 67.59101862863109 ] ] ] } },
{ "type": "Feature", "properties": { "cell_id": 5969, "stable_forest_class": "pine", "class_fraction_2019": 0.97391, "class_fraction_2021": 0.965485, "class_fraction_2023": 0.935401, "stable_class_min_fraction": 0.935401, "productive_fraction_2019": 0.753303, "productive_fraction_2021": 0.746918, "productive_fraction_2023": 0.746465, "min_productive_fraction": 0.746465, "target_landscape_fraction_2019": 0.733649, "target_landscape_fraction_2021": 0.721138, "target_landscape_fraction_2023": 0.698244, "min_target_landscape_fraction": 0.698244, "koppen_code": 27.0, "koppen_class": "Dfc", "koppen_fraction": 1.0, "north_south": "north", "east_west": "west", "geo_quadrant": "north-west", "admin1_name": "Lapland", "admin1_code": "FI-10", "admin1_fraction": 1.0, "center_x": 365000.0, "center_y": 7515000.0 }, "geometry": { "type": "Polygon", "coordinates": [ [ [ 23.932056399420759, 67.67633624856559 ], [ 23.920328104855312, 67.765903520554374 ], [ 23.683903728258237, 67.761271979847237 ], [ 23.696528537746353, 67.671725228199236 ], [ 23.932056399420759, 67.67633624856559 ] ] ] } },
{ "type": "Feature", "properties": { "cell_id": 1439, "stable_forest_class": "pine-spruce", "class_fraction_2019": 0.883528, "class_fraction_2021": 0.873758, "class_fraction_2023": 0.850659, "stable_class_min_fraction": 0.850659, "productive_fraction_2019": 0.821204, "productive_fraction_2021": 0.822159, "productive_fraction_2023": 0.820383, "min_productive_fraction": 0.820383, "target_landscape_fraction_2019": 0.725557, "target_landscape_fraction_2021": 0.718368, "target_landscape_fraction_2023": 0.697866, "min_target_landscape_fraction": 0.697866, "koppen_code": 26.0, "koppen_class": "Dfb", "koppen_fraction": 1.0, "north_south": "south", "east_west": "east", "geo_quadrant": "south-east", "admin1_name": "Southern Savonia", "admin1_code": "FI-04", "admin1_fraction": 0.614207, "center_x": 605000.0, "center_y": 6825000.0 }, "geometry": { "type": "Polygon", "coordinates": [ [ [ 29.066473291413498, 61.497978158753746 ], [ 29.072445380795113, 61.587691418485264 ], [ 28.884167735756211, 61.590417172753412 ], [ 28.878737380952771, 61.50069379126144 ], [ 29.066473291413498, 61.497978158753746 ] ] ] } },
{ "type": "Feature", "properties": { "cell_id": 5318, "stable_forest_class": "pine", "class_fraction_2019": 0.970078, "class_fraction_2021": 0.954923, "class_fraction_2023": 0.957112, "stable_class_min_fraction": 0.954923, "productive_fraction_2019": 0.735078, "productive_fraction_2021": 0.729019, "productive_fraction_2023": 0.748723, "min_productive_fraction": 0.729019, "target_landscape_fraction_2019": 0.713083, "target_landscape_fraction_2021": 0.696157, "target_landscape_fraction_2023": 0.716612, "min_target_landscape_fraction": 0.696157, "koppen_code": 27.0, "koppen_class": "Dfc", "koppen_fraction": 1.0, "north_south": "north", "east_west": "west", "geo_quadrant": "north-west", "admin1_name": "Lapland", "admin1_code": "FI-10", "admin1_fraction": 1.0, "center_x": 455000.0, "center_y": 7415000.0 }, "geometry": { "type": "Polygon", "coordinates": [ [ [ 26.089855944535834, 66.8055889386128 ], [ 26.086520618047182, 66.895283720659393 ], [ 25.858201001456798, 66.893803926927973 ], [ 25.862369581038539, 66.804115516799314 ], [ 26.089855944535834, 66.8055889386128 ] ] ] } },
{ "type": "Feature", "properties": { "cell_id": 5977, "stable_forest_class": "pine-spruce", "class_fraction_2019": 0.856742, "class_fraction_2021": 0.869902, "class_fraction_2023": 0.863386, "stable_class_min_fraction": 0.856742, "productive_fraction_2019": 0.817096, "productive_fraction_2021": 0.807365, "productive_fraction_2023": 0.801475, "min_productive_fraction": 0.801475, "target_landscape_fraction_2019": 0.70004, "target_landscape_fraction_2021": 0.702329, "target_landscape_fraction_2023": 0.691982, "min_target_landscape_fraction": 0.691982, "koppen_code": 27.0, "koppen_class": "Dfc", "koppen_fraction": 1.0, "north_south": "north", "east_west": "west", "geo_quadrant": "north-west", "admin1_name": "Lapland", "admin1_code": "FI-10", "admin1_fraction": 1.0, "center_x": 445000.0, "center_y": 7515000.0 }, "geometry": { "type": "Polygon", "coordinates": [ [ [ 25.81912917122288, 67.700947869102507 ], [ 25.814607474816071, 67.790624806966207 ], [ 25.577611882845456, 67.788735201304448 ], [ 25.583036925122766, 67.699066654035818 ], [ 25.81912917122288, 67.700947869102507 ] ] ] } },
{ "type": "Feature", "properties": { "cell_id": 2568, "stable_forest_class": "pine", "class_fraction_2019": 0.768006, "class_fraction_2021": 0.795086, "class_fraction_2023": 0.776945, "stable_class_min_fraction": 0.768006, "productive_fraction_2019": 0.900831, "productive_fraction_2021": 0.896238, "productive_fraction_2023": 0.895347, "min_productive_fraction": 0.895347, "target_landscape_fraction_2019": 0.691843, "target_landscape_fraction_2021": 0.712587, "target_landscape_fraction_2023": 0.695636, "min_target_landscape_fraction": 0.691843, "koppen_code": 27.0, "koppen_class": "Dfc", "koppen_fraction": 1.0, "north_south": "south", "east_west": "east", "geo_quadrant": "south-east", "admin1_name": "North Karelia", "admin1_code": "FI-13", "admin1_fraction": 1.0, "center_x": 675000.0, "center_y": 6995000.0 }, "geometry": { "type": "Polygon", "coordinates": [ [ [ 30.554344026451457, 62.994921145042092 ], [ 30.565284819733687, 63.084500264220424 ], [ 30.367634781607226, 63.089339292568397 ], [ 30.357297651438532, 62.999741566432903 ], [ 30.554344026451457, 62.994921145042092 ] ] ] } },
{ "type": "Feature", "properties": { "cell_id": 2701, "stable_forest_class": "pine", "class_fraction_2019": 0.869227, "class_fraction_2021": 0.881249, "class_fraction_2023": 0.840701, "stable_class_min_fraction": 0.840701, "productive_fraction_2019": 0.834675, "productive_fraction_2021": 0.817805, "productive_fraction_2023": 0.820577, "min_productive_fraction": 0.817805, "target_landscape_fraction_2019": 0.725523, "target_landscape_fraction_2021": 0.72069, "target_landscape_fraction_2023": 0.68986, "min_target_landscape_fraction": 0.68986, "koppen_code": 27.0, "koppen_class": "Dfc", "koppen_fraction": 1.0, "north_south": "south", "east_west": "east", "geo_quadrant": "south-east", "admin1_name": "North Karelia", "admin1_code": "FI-13", "admin1_fraction": 1.0, "center_x": 685000.0, "center_y": 7015000.0 }, "geometry": { "type": "Polygon", "coordinates": [ [ [ 30.774482734896896, 63.168943094672905 ], [ 30.786188067654898, 63.258497882742567 ], [ 30.5873958952393, 63.263651862861032 ], [ 30.576301855656901, 63.174077172864472 ], [ 30.774482734896896, 63.168943094672905 ] ] ] } },
{ "type": "Feature", "properties": { "cell_id": 968, "stable_forest_class": "pine-spruce", "class_fraction_2019": 0.848419, "class_fraction_2021": 0.845156, "class_fraction_2023": 0.855515, "stable_class_min_fraction": 0.845156, "productive_fraction_2019": 0.812229, "productive_fraction_2021": 0.822648, "productive_fraction_2023": 0.820923, "min_productive_fraction": 0.812229, "target_landscape_fraction_2019": 0.689111, "target_landscape_fraction_2021": 0.695266, "target_landscape_fraction_2023": 0.702312, "min_target_landscape_fraction": 0.689111, "koppen_code": 26.0, "koppen_class": "Dfb", "koppen_fraction": 1.0, "north_south": "south", "east_west": "east", "geo_quadrant": "south-east", "admin1_name": "South Karelia", "admin1_code": "FI-02", "admin1_fraction": 0.821169, "center_x": 515000.0, "center_y": 6755000.0 }, "geometry": { "type": "Polygon", "coordinates": [ [ [ 27.368449076988821, 60.884690982606834 ], [ 27.369487424760802, 60.974469133120984 ], [ 27.184745407392548, 60.974848821995153 ], [ 27.184226217993068, 60.885069279878174 ], [ 27.368449076988821, 60.884690982606834 ] ] ] } },
{ "type": "Feature", "properties": { "cell_id": 6109, "stable_forest_class": "pine-spruce", "class_fraction_2019": 0.904564, "class_fraction_2021": 0.920881, "class_fraction_2023": 0.871458, "stable_class_min_fraction": 0.871458, "productive_fraction_2019": 0.795592, "productive_fraction_2021": 0.802028, "productive_fraction_2023": 0.789427, "min_productive_fraction": 0.789427, "target_landscape_fraction_2019": 0.719664, "target_landscape_fraction_2021": 0.738572, "target_landscape_fraction_2023": 0.687952, "min_target_landscape_fraction": 0.687952, "koppen_code": 27.0, "koppen_class": "Dfc", "koppen_fraction": 1.0, "north_south": "north", "east_west": "west", "geo_quadrant": "north-west", "admin1_name": "Lapland", "admin1_code": "FI-10", "admin1_fraction": 1.0, "center_x": 445000.0, "center_y": 7535000.0 }, "geometry": { "type": "Polygon", "coordinates": [ [ [ 25.810048098251261, 67.880300605671906 ], [ 25.805450582784434, 67.969975266615194 ], [ 25.56662564806124, 67.96806868542852 ], [ 25.57214164054589, 67.878402544899799 ], [ 25.810048098251261, 67.880300605671906 ] ] ] } },
{ "type": "Feature", "properties": { "cell_id": 2439, "stable_forest_class": "pine", "class_fraction_2019": 0.911212, "class_fraction_2021": 0.899898, "class_fraction_2023": 0.886766, "stable_class_min_fraction": 0.886766, "productive_fraction_2019": 0.792571, "productive_fraction_2021": 0.777467, "productive_fraction_2023": 0.775199, "min_productive_fraction": 0.775199, "target_landscape_fraction_2019": 0.7222, "target_landscape_fraction_2021": 0.699641, "target_landscape_fraction_2023": 0.68742, "min_target_landscape_fraction": 0.68742, "koppen_code": 27.0, "koppen_class": "Dfc", "koppen_fraction": 1.0, "north_south": "south", "east_west": "east", "geo_quadrant": "south-east", "admin1_name": "North Karelia", "admin1_code": "FI-13", "admin1_fraction": 1.0, "center_x": 705000.0, "center_y": 6975000.0 }, "geometry": { "type": "Polygon", "coordinates": [ [ [ 31.119782158332129, 62.799773679601785 ], [ 31.132354438256613, 62.889295825045174 ], [ 30.936144091034585, 62.894916651821532 ], [ 30.924164923493752, 62.805373013374584 ], [ 31.119782158332129, 62.799773679601785 ] ] ] } },
{ "type": "Feature", "properties": { "cell_id": 2699, "stable_forest_class": "pine", "class_fraction_2019": 0.750969, "class_fraction_2021": 0.756259, "class_fraction_2023": 0.761732, "stable_class_min_fraction": 0.750969, "productive_fraction_2019": 0.91509, "productive_fraction_2021": 0.910011, "productive_fraction_2023": 0.905861, "min_productive_fraction": 0.905861, "target_landscape_fraction_2019": 0.687204, "target_landscape_fraction_2021": 0.688204, "target_landscape_fraction_2023": 0.690023, "min_target_landscape_fraction": 0.687204, "koppen_code": 27.0, "koppen_class": "Dfc", "koppen_fraction": 1.0, "north_south": "south", "east_west": "east", "geo_quadrant": "south-east", "admin1_name": "North Karelia", "admin1_code": "FI-13", "admin1_fraction": 1.0, "center_x": 665000.0, "center_y": 7015000.0 }, "geometry": { "type": "Polygon", "coordinates": [ [ [ 30.378043974458944, 63.178934922761172 ], [ 30.388525949668164, 63.268528450051711 ], [ 30.18958249404227, 63.273127444822613 ], [ 30.179713312513353, 63.183516146719136 ], [ 30.378043974458944, 63.178934922761172 ] ] ] } },
{ "type": "Feature", "properties": { "cell_id": 1500, "stable_forest_class": "pine-spruce", "class_fraction_2019": 0.862027, "class_fraction_2021": 0.868204, "class_fraction_2023": 0.859932, "stable_class_min_fraction": 0.859932, "productive_fraction_2019": 0.797481, "productive_fraction_2021": 0.797594, "productive_fraction_2023": 0.798029, "min_productive_fraction": 0.797481, "target_landscape_fraction_2019": 0.68745, "target_landscape_fraction_2021": 0.692474, "target_landscape_fraction_2023": 0.686251, "min_target_landscape_fraction": 0.686251, "koppen_code": 26.0, "koppen_class": "Dfb", "koppen_fraction": 1.0, "north_south": "south", "east_west": "east", "geo_quadrant": "south-east", "admin1_name": "Southern Savonia", "admin1_code": "FI-04", "admin1_fraction": 1.0, "center_x": 555000.0, "center_y": 6835000.0 }, "geometry": { "type": "Polygon", "coordinates": [ [ [ 28.130732037087629, 61.598726423861415 ], [ 28.134014109955714, 61.688479383026753 ], [ 27.945045229879419, 61.689913206734431 ], [ 27.942309854976706, 61.600154908744301 ], [ 28.130732037087629, 61.598726423861415 ] ] ] } },
{ "type": "Feature", "properties": { "cell_id": 3138, "stable_forest_class": "pine-spruce", "class_fraction_2019": 0.792587, "class_fraction_2021": 0.81199, "class_fraction_2023": 0.826004, "stable_class_min_fraction": 0.792587, "productive_fraction_2019": 0.863823, "productive_fraction_2021": 0.874422, "productive_fraction_2023": 0.876785, "min_productive_fraction": 0.863823, "target_landscape_fraction_2019": 0.684655, "target_landscape_fraction_2021": 0.710022, "target_landscape_fraction_2023": 0.724228, "min_target_landscape_fraction": 0.684655, "koppen_code": 27.0, "koppen_class": "Dfc", "koppen_fraction": 1.0, "north_south": "north", "east_west": "west", "geo_quadrant": "north-west", "admin1_name": "Northern Ostrobothnia", "admin1_code": "FI-14", "admin1_fraction": 1.0, "center_x": 435000.0, "center_y": 7085000.0 }, "geometry": { "type": "Polygon", "coordinates": [ [ [ 25.78013092188306, 63.842167665158094 ], [ 25.776232159423188, 63.931888888119033 ], [ 25.572341682463275, 63.930023863203857 ], [ 25.576889516016273, 63.840309983816084 ], [ 25.78013092188306, 63.842167665158094 ] ] ] } },
{ "type": "Feature", "properties": { "cell_id": 905, "stable_forest_class": "pine-spruce", "class_fraction_2019": 0.860925, "class_fraction_2021": 0.848848, "class_fraction_2023": 0.858877, "stable_class_min_fraction": 0.848848, "productive_fraction_2019": 0.798182, "productive_fraction_2021": 0.805164, "productive_fraction_2023": 0.801198, "min_productive_fraction": 0.798182, "target_landscape_fraction_2019": 0.687175, "target_landscape_fraction_2021": 0.683462, "target_landscape_fraction_2023": 0.68813, "min_target_landscape_fraction": 0.683462, "koppen_code": 26.0, "koppen_class": "Dfb", "koppen_fraction": 1.0, "north_south": "south", "east_west": "east", "geo_quadrant": "south-east", "admin1_name": "South Karelia", "admin1_code": "FI-02", "admin1_fraction": 1.0, "center_x": 545000.0, "center_y": 6745000.0 }, "geometry": { "type": "Polygon", "coordinates": [ [ [ 27.918485379122369, 60.792273408286945 ], [ 27.921063918008223, 60.88204309129452 ], [ 27.736871284281882, 60.883177861233939 ], [ 27.734808269356936, 60.793404027824721 ], [ 27.918485379122369, 60.792273408286945 ] ] ] } },
{ "type": "Feature", "properties": { "cell_id": 1967, "stable_forest_class": "pine-spruce", "class_fraction_2019": 0.859, "class_fraction_2021": 0.888421, "class_fraction_2023": 0.853421, "stable_class_min_fraction": 0.853421, "productive_fraction_2019": 0.800028, "productive_fraction_2021": 0.80052, "productive_fraction_2023": 0.800837, "min_productive_fraction": 0.800028, "target_landscape_fraction_2019": 0.687225, "target_landscape_fraction_2021": 0.711199, "target_landscape_fraction_2023": 0.683452, "min_target_landscape_fraction": 0.683452, "koppen_code": 26.0, "koppen_class": "Dfb", "koppen_fraction": 0.654902, "north_south": "south", "east_west": "east", "geo_quadrant": "south-east", "admin1_name": "Southern Savonia", "admin1_code": "FI-04", "admin1_fraction": 1.0, "center_x": 605000.0, "center_y": 6905000.0 }, "geometry": { "type": "Polygon", "coordinates": [ [ [ 29.115383219029315, 62.215641458399546 ], [ 29.121683768779398, 62.305342485295796 ], [ 28.928939929770287, 62.308151371941577 ], [ 28.923210847374794, 62.218439738216453 ], [ 29.115383219029315, 62.215641458399546 ] ] ] } },
{ "type": "Feature", "properties": { "cell_id": 5246, "stable_forest_class": "pine-spruce", "class_fraction_2019": 0.873146, "class_fraction_2021": 0.89573, "class_fraction_2023": 0.890913, "stable_class_min_fraction": 0.873146, "productive_fraction_2019": 0.781857, "productive_fraction_2021": 0.77954, "productive_fraction_2023": 0.77014, "min_productive_fraction": 0.77014, "target_landscape_fraction_2019": 0.682676, "target_landscape_fraction_2021": 0.698258, "target_landscape_fraction_2023": 0.686128, "min_target_landscape_fraction": 0.682676, "koppen_code": 27.0, "koppen_class": "Dfc", "koppen_fraction": 1.0, "north_south": "north", "east_west": "west", "geo_quadrant": "north-west", "admin1_name": "Lapland", "admin1_code": "FI-10", "admin1_fraction": 1.0, "center_x": 395000.0, "center_y": 7405000.0 }, "geometry": { "type": "Polygon", "coordinates": [ [ [ 24.733827547635379, 66.702204573819955 ], [ 24.725566047252212, 66.791841475009548 ], [ 24.498377114274088, 66.788406173689467 ], [ 24.507461848294767, 66.698784003075545 ], [ 24.733827547635379, 66.702204573819955 ] ] ] } },
{ "type": "Feature", "properties": { "cell_id": 3143, "stable_forest_class": "birch-pine", "class_fraction_2019": 0.786763, "class_fraction_2021": 0.810457, "class_fraction_2023": 0.795907, "stable_class_min_fraction": 0.786763, "productive_fraction_2019": 0.867141, "productive_fraction_2021": 0.864282, "productive_fraction_2023": 0.86078, "min_productive_fraction": 0.86078, "target_landscape_fraction_2019": 0.682235, "target_landscape_fraction_2021": 0.700463, "target_landscape_fraction_2023": 0.6851, "min_target_landscape_fraction": 0.682235, "koppen_code": 27.0, "koppen_class": "Dfc", "koppen_fraction": 1.0, "north_south": "north", "east_west": "east", "geo_quadrant": "north-east", "admin1_name": "Northern Savonia", "admin1_code": "FI-15", "admin1_fraction": 1.0, "center_x": 485000.0, "center_y": 7085000.0 }, "geometry": { "type": "Polygon", "coordinates": [ [ [ 26.796661513596145, 63.847169966260104 ], [ 26.796011441753063, 63.936910968597978 ], [ 26.592027556246926, 63.936480455427002 ], [ 26.593327652240841, 63.846741148934115 ], [ 26.796661513596145, 63.847169966260104 ] ] ] } },
{ "type": "Feature", "properties": { "cell_id": 3463, "stable_forest_class": "pine-spruce", "class_fraction_2019": 0.808819, "class_fraction_2021": 0.849405, "class_fraction_2023": 0.861374, "stable_class_min_fraction": 0.808819, "productive_fraction_2019": 0.843379, "productive_fraction_2021": 0.845632, "productive_fraction_2023": 0.842982, "min_productive_fraction": 0.842982, "target_landscape_fraction_2019": 0.682141, "target_landscape_fraction_2021": 0.718284, "target_landscape_fraction_2023": 0.726123, "min_target_landscape_fraction": 0.682141, "koppen_code": 27.0, "koppen_class": "Dfc", "koppen_fraction": 1.0, "north_south": "north", "east_west": "west", "geo_quadrant": "north-west", "admin1_name": "Northern Ostrobothnia", "admin1_code": "FI-14", "admin1_fraction": 1.0, "center_x": 385000.0, "center_y": 7135000.0 }, "geometry": { "type": "Polygon", "coordinates": [ [ [ 24.728073869726387, 64.278374972567832 ], [ 24.72067190838812, 64.368040400416433 ], [ 24.513686215483897, 64.364676732811674 ], [ 24.521758738504314, 64.275024701131443 ], [ 24.728073869726387, 64.278374972567832 ] ] ] } },
{ "type": "Feature", "properties": { "cell_id": 1162, "stable_forest_class": "pine-spruce", "class_fraction_2019": 0.823662, "class_fraction_2021": 0.822917, "class_fraction_2023": 0.886247, "stable_class_min_fraction": 0.822917, "productive_fraction_2019": 0.829693, "productive_fraction_2021": 0.828237, "productive_fraction_2023": 0.829094, "min_productive_fraction": 0.828237, "target_landscape_fraction_2019": 0.683387, "target_landscape_fraction_2021": 0.68157, "target_landscape_fraction_2023": 0.734782, "min_target_landscape_fraction": 0.68157, "koppen_code": 26.0, "koppen_class": "Dfb", "koppen_fraction": 1.0, "north_south": "south", "east_west": "east", "geo_quadrant": "south-east", "admin1_name": "Kymenlaakso", "admin1_code": "FI-09", "admin1_fraction": 1.0, "center_x": 475000.0, "center_y": 6785000.0 }, "geometry": { "type": "Polygon", "coordinates": [ [ [ 26.628415477499505, 61.154021790549855 ], [ 26.627356601101479, 61.243796302042128 ], [ 26.441043614867134, 61.243156465673593 ], [ 26.442631848959476, 61.153384313078305 ], [ 26.628415477499505, 61.154021790549855 ] ] ] } },
{ "type": "Feature", "properties": { "cell_id": 4787, "stable_forest_class": "pine-spruce", "class_fraction_2019": 0.848833, "class_fraction_2021": 0.843151, "class_fraction_2023": 0.852502, "stable_class_min_fraction": 0.843151, "productive_fraction_2019": 0.808282, "productive_fraction_2021": 0.806257, "productive_fraction_2023": 0.806577, "min_productive_fraction": 0.806257, "target_landscape_fraction_2019": 0.686096, "target_landscape_fraction_2021": 0.679796, "target_landscape_fraction_2023": 0.687608, "min_target_landscape_fraction": 0.679796, "koppen_code": 27.0, "koppen_class": "Dfc", "koppen_fraction": 1.0, "north_south": "north", "east_west": "west", "geo_quadrant": "north-west", "admin1_name": "Lapland", "admin1_code": "FI-10", "admin1_fraction": 1.0, "center_x": 425000.0, "center_y": 7335000.0 }, "geometry": { "type": "Polygon", "coordinates": [ [ [ 25.452550666102699, 66.082769491087561 ], [ 25.447072719582078, 66.172451155227662 ], [ 25.225348130644594, 66.17006838875723 ], [ 25.231607276867667, 66.080396743266263 ], [ 25.452550666102699, 66.082769491087561 ] ] ] } },
{ "type": "Feature", "properties": { "cell_id": 4918, "stable_forest_class": "pine-spruce", "class_fraction_2019": 0.852348, "class_fraction_2021": 0.849051, "class_fraction_2023": 0.846369, "stable_class_min_fraction": 0.846369, "productive_fraction_2019": 0.843205, "productive_fraction_2021": 0.828805, "productive_fraction_2023": 0.80075, "min_productive_fraction": 0.80075, "target_landscape_fraction_2019": 0.718704, "target_landscape_fraction_2021": 0.703698, "target_landscape_fraction_2023": 0.67773, "min_target_landscape_fraction": 0.67773, "koppen_code": 27.0, "koppen_class": "Dfc", "koppen_fraction": 1.0, "north_south": "north", "east_west": "west", "geo_quadrant": "north-west", "admin1_name": "Lapland", "admin1_code": "FI-10", "admin1_fraction": 1.0, "center_x": 415000.0, "center_y": 7355000.0 }, "geometry": { "type": "Polygon", "coordinates": [ [ [ 25.219040159093197, 66.259738682094167 ], [ 25.212682809081958, 66.349407622824529 ], [ 24.989427435312784, 66.346684568125355 ], [ 24.996577662442853, 66.257027140212386 ], [ 25.219040159093197, 66.259738682094167 ] ] ] } },
{ "type": "Feature", "properties": { "cell_id": 837, "stable_forest_class": "pine-spruce", "class_fraction_2019": 0.853098, "class_fraction_2021": 0.827496, "class_fraction_2023": 0.855507, "stable_class_min_fraction": 0.827496, "productive_fraction_2019": 0.811328, "productive_fraction_2021": 0.818734, "productive_fraction_2023": 0.815491, "min_productive_fraction": 0.811328, "target_landscape_fraction_2019": 0.692142, "target_landscape_fraction_2021": 0.677499, "target_landscape_fraction_2023": 0.697658, "min_target_landscape_fraction": 0.677499, "koppen_code": 26.0, "koppen_class": "Dfb", "koppen_fraction": 1.0, "north_south": "south", "east_west": "east", "geo_quadrant": "south-east", "admin1_name": "Kymenlaakso", "admin1_code": "FI-09", "admin1_fraction": 1.0, "center_x": 525000.0, "center_y": 6735000.0 }, "geometry": { "type": "Polygon", "coordinates": [ [ [ 27.549580465239373, 60.704505145795679 ], [ 27.551117849934315, 60.794283440345836 ], [ 27.367417446957809, 60.794911614525304 ], [ 27.36639247337866, 60.705131026613749 ], [ 27.549580465239373, 60.704505145795679 ] ] ] } },
{ "type": "Feature", "properties": { "cell_id": 3072, "stable_forest_class": "birch-pine", "class_fraction_2019": 0.852525, "class_fraction_2021": 0.857594, "class_fraction_2023": 0.803119, "stable_class_min_fraction": 0.803119, "productive_fraction_2019": 0.816527, "productive_fraction_2021": 0.824881, "productive_fraction_2023": 0.836728, "min_productive_fraction": 0.816527, "target_landscape_fraction_2019": 0.69611, "target_landscape_fraction_2021": 0.707413, "target_landscape_fraction_2023": 0.671992, "min_target_landscape_fraction": 0.671992, "koppen_code": 27.0, "koppen_class": "Dfc", "koppen_fraction": 1.0, "north_south": "north", "east_west": "west", "geo_quadrant": "north-west", "admin1_name": "Northern Ostrobothnia", "admin1_code": "FI-14", "admin1_fraction": 1.0, "center_x": 435000.0, "center_y": 7075000.0 }, "geometry": { "type": "Polygon", "coordinates": [ [ [ 25.784001956140955, 63.752445190114862 ], [ 25.78013092188306, 63.842167665158094 ], [ 25.576889516016273, 63.840309983816084 ], [ 25.581405009845714, 63.750594805747347 ], [ 25.784001956140955, 63.752445190114862 ] ] ] } },
{ "type": "Feature", "properties": { "cell_id": 4984, "stable_forest_class": "pine-spruce", "class_fraction_2019": 0.836127, "class_fraction_2021": 0.844292, "class_fraction_2023": 0.870683, "stable_class_min_fraction": 0.836127, "productive_fraction_2019": 0.799526, "productive_fraction_2021": 0.796088, "productive_fraction_2023": 0.802629, "min_productive_fraction": 0.796088, "target_landscape_fraction_2019": 0.668506, "target_landscape_fraction_2021": 0.672131, "target_landscape_fraction_2023": 0.698836, "min_target_landscape_fraction": 0.668506, "koppen_code": 27.0, "koppen_class": "Dfc", "koppen_fraction": 1.0, "north_south": "north", "east_west": "west", "geo_quadrant": "north-west", "admin1_name": "Lapland", "admin1_code": "FI-10", "admin1_fraction": 1.0, "center_x": 415000.0, "center_y": 7365000.0 }, "geometry": { "type": "Polygon", "coordinates": [ [ [ 25.212682809081958, 66.349407622824529 ], [ 25.206275519066608, 66.439075210453296 ], [ 24.982221053044217, 66.43634056048468 ], [ 24.989427435312784, 66.346684568125355 ], [ 25.212682809081958, 66.349407622824529 ] ] ] } },
{ "type": "Feature", "properties": { "cell_id": 6241, "stable_forest_class": "pine-spruce", "class_fraction_2019": 0.893694, "class_fraction_2021": 0.941705, "class_fraction_2023": 0.882136, "stable_class_min_fraction": 0.882136, "productive_fraction_2019": 0.735265, "productive_fraction_2021": 0.744947, "productive_fraction_2023": 0.751585, "min_productive_fraction": 0.735265, "target_landscape_fraction_2019": 0.657102, "target_landscape_fraction_2021": 0.70152, "target_landscape_fraction_2023": 0.663001, "min_target_landscape_fraction": 0.657102, "koppen_code": 27.0, "koppen_class": "Dfc", "koppen_fraction": 1.0, "north_south": "north", "east_west": "west", "geo_quadrant": "north-west", "admin1_name": "Lapland", "admin1_code": "FI-10", "admin1_fraction": 1.0, "center_x": 445000.0, "center_y": 7555000.0 }, "geometry": { "type": "Polygon", "coordinates": [ [ [ 25.800814462176589, 68.059648791171924 ], [ 25.796139262540176, 68.149321180697413 ], [ 25.555454166772051, 68.147397359548634 ], [ 25.561063346242829, 68.057733623464642 ], [ 25.800814462176589, 68.059648791171924 ] ] ] } },
{ "type": "Feature", "properties": { "cell_id": 2241, "stable_forest_class": "birch-pine", "class_fraction_2019": 0.814363, "class_fraction_2021": 0.760799, "class_fraction_2023": 0.798525, "stable_class_min_fraction": 0.760799, "productive_fraction_2019": 0.870141, "productive_fraction_2021": 0.860114, "productive_fraction_2023": 0.866255, "min_productive_fraction": 0.860114, "target_landscape_fraction_2019": 0.708611, "target_landscape_fraction_2021": 0.654374, "target_landscape_fraction_2023": 0.691726, "min_target_landscape_fraction": 0.654374, "koppen_code": 27.0, "koppen_class": "Dfc", "koppen_fraction": 1.0, "north_south": "south", "east_west": "east", "geo_quadrant": "south-east", "admin1_name": "North Karelia", "admin1_code": "FI-13", "admin1_fraction": 1.0, "center_x": 705000.0, "center_y": 6945000.0 }, "geometry": { "type": "Polygon", "coordinates": [ [ [ 31.082578798229779, 62.531191941203268 ], [ 31.094895171453008, 62.620721726517083 ], [ 30.900452113329855, 62.626278462374323 ], [ 30.888716881438803, 62.536727569616325 ], [ 31.082578798229779, 62.531191941203268 ] ] ] } },
{ "type": "Feature", "properties": { "cell_id": 6058, "stable_forest_class": "birch-pine", "class_fraction_2019": 0.855236, "class_fraction_2021": 0.855135, "class_fraction_2023": 0.803551, "stable_class_min_fraction": 0.803551, "productive_fraction_2019": 0.783347, "productive_fraction_2021": 0.805345, "productive_fraction_2023": 0.81311, "min_productive_fraction": 0.783347, "target_landscape_fraction_2019": 0.669947, "target_landscape_fraction_2021": 0.688679, "target_landscape_fraction_2023": 0.653375, "min_target_landscape_fraction": 0.653375, "koppen_code": 27.0, "koppen_class": "Dfc", "koppen_fraction": 1.0, "north_south": "north", "east_west": "east", "geo_quadrant": "north-east", "admin1_name": "Lapland", "admin1_code": "FI-10", "admin1_fraction": 1.0, "center_x": 595000.0, "center_y": 7525000.0 }, "geometry": { "type": "Polygon", "coordinates": [ [ [ 29.369843444089014, 67.777744986101098 ], [ 29.378950736731873, 67.867363180836861 ], [ 29.141272842714571, 67.870639797911409 ], [ 29.133073668735829, 67.781007020030245 ], [ 29.369843444089014, 67.777744986101098 ] ] ] } },
{ "type": "Feature", "properties": { "cell_id": 2371, "stable_forest_class": "birch-pine", "class_fraction_2019": 0.843244, "class_fraction_2021": 0.843771, "class_fraction_2023": 0.816393, "stable_class_min_fraction": 0.816393, "productive_fraction_2019": 0.799442, "productive_fraction_2021": 0.789537, "productive_fraction_2023": 0.792241, "min_productive_fraction": 0.789537, "target_landscape_fraction_2019": 0.674124, "target_landscape_fraction_2021": 0.666189, "target_landscape_fraction_2023": 0.646779, "min_target_landscape_fraction": 0.646779, "koppen_code": 27.0, "koppen_class": "Dfc", "koppen_fraction": 1.0, "north_south": "south", "east_west": "east", "geo_quadrant": "south-east", "admin1_name": "North Karelia", "admin1_code": "FI-13", "admin1_fraction": 1.0, "center_x": 685000.0, "center_y": 6965000.0 }, "geometry": { "type": "Polygon", "coordinates": [ [ [ 30.717158406133635, 62.721134225921908 ], [ 30.728465582166582, 62.810700626416917 ], [ 30.532688173772808, 62.815756306884012 ], [ 30.521971641885123, 62.726170603486203 ], [ 30.717158406133635, 62.721134225921908 ] ] ] } },
{ "type": "Feature", "properties": { "cell_id": 1973, "stable_forest_class": "birch-pine", "class_fraction_2019": 0.820944, "class_fraction_2021": 0.838718, "class_fraction_2023": 0.787805, "stable_class_min_fraction": 0.787805, "productive_fraction_2019": 0.817638, "productive_fraction_2021": 0.819215, "productive_fraction_2023": 0.820237, "min_productive_fraction": 0.817638, "target_landscape_fraction_2019": 0.671235, "target_landscape_fraction_2021": 0.687091, "target_landscape_fraction_2023": 0.646187, "min_target_landscape_fraction": 0.646187, "koppen_code": 27.0, "koppen_class": "Dfc", "koppen_fraction": 1.0, "north_south": "south", "east_west": "east", "geo_quadrant": "south-east", "admin1_name": "North Karelia", "admin1_code": "FI-13", "admin1_fraction": 1.0, "center_x": 665000.0, "center_y": 6905000.0 }, "geometry": { "type": "Polygon", "coordinates": [ [ [ 30.267392136546658, 62.193268806494835 ], [ 30.277111570356482, 62.282885101341861 ], [ 30.08468281528501, 62.28729445121207 ], [ 30.075531830552855, 62.197661529745453 ], [ 30.267392136546658, 62.193268806494835 ] ] ] } },
{ "type": "Feature", "properties": { "cell_id": 1865, "stable_forest_class": "pine", "class_fraction_2019": 0.84504, "class_fraction_2021": 0.842355, "class_fraction_2023": 0.840324, "stable_class_min_fraction": 0.840324, "productive_fraction_2019": 0.786616, "productive_fraction_2021": 0.773622, "productive_fraction_2023": 0.768323, "min_productive_fraction": 0.768323, "target_landscape_fraction_2019": 0.664722, "target_landscape_fraction_2021": 0.651664, "target_landscape_fraction_2023": 0.64564, "min_target_landscape_fraction": 0.64564, "koppen_code": 26.0, "koppen_class": "Dfb", "koppen_fraction": 0.677551, "north_south": "south", "east_west": "west", "geo_quadrant": "south-west", "admin1_name": "Southern Ostrobothnia", "admin1_code": "FI-03", "admin1_fraction": 0.907228, "center_x": 245000.0, "center_y": 6895000.0 }, "geometry": { "type": "Polygon", "coordinates": [ [ [ 22.214541894956771, 62.05914526907921 ], [ 22.200396086237689, 62.148595775146738 ], [ 22.009259878093467, 62.141823447239823 ], [ 22.023963445100087, 62.052398339468908 ], [ 22.214541894956771, 62.05914526907921 ] ] ] } },
{ "type": "Feature", "properties": { "cell_id": 2501, "stable_forest_class": "birch-pine", "class_fraction_2019": 0.847908, "class_fraction_2021": 0.833391, "class_fraction_2023": 0.834128, "stable_class_min_fraction": 0.833391, "productive_fraction_2019": 0.758044, "productive_fraction_2021": 0.760438, "productive_fraction_2023": 0.756296, "min_productive_fraction": 0.756296, "target_landscape_fraction_2019": 0.642752, "target_landscape_fraction_2021": 0.633742, "target_landscape_fraction_2023": 0.630848, "min_target_landscape_fraction": 0.630848, "koppen_code": 27.0, "koppen_class": "Dfc", "koppen_fraction": 1.0, "north_south": "south", "east_west": "east", "geo_quadrant": "south-east", "admin1_name": "North Karelia", "admin1_code": "FI-13", "admin1_fraction": 1.0, "center_x": 665000.0, "center_y": 6985000.0 }, "geometry": { "type": "Polygon", "coordinates": [ [ [ 30.347031873779105, 62.910141751198459 ], [ 30.357297651438532, 62.999741566432903 ], [ 30.16017992547372, 63.004287575452864 ], [ 30.150514372577717, 62.914670313927843 ], [ 30.347031873779105, 62.910141751198459 ] ] ] } },
{ "type": "Feature", "properties": { "cell_id": 3466, "stable_forest_class": "birch-pine", "class_fraction_2019": 0.840435, "class_fraction_2021": 0.851348, "class_fraction_2023": 0.838254, "stable_class_min_fraction": 0.838254, "productive_fraction_2019": 0.747338, "productive_fraction_2021": 0.75198, "productive_fraction_2023": 0.746081, "min_productive_fraction": 0.746081, "target_landscape_fraction_2019": 0.628089, "target_landscape_fraction_2021": 0.640197, "target_landscape_fraction_2023": 0.625405, "min_target_landscape_fraction": 0.625405, "koppen_code": 27.0, "koppen_class": "Dfc", "koppen_fraction": 1.0, "north_south": "north", "east_west": "west", "geo_quadrant": "north-west", "admin1_name": "Northern Ostrobothnia", "admin1_code": "FI-14", "admin1_fraction": 1.0, "center_x": 415000.0, "center_y": 7135000.0 }, "geometry": { "type": "Polygon", "coordinates": [ [ [ 25.347320433092037, 64.286680241090536 ], [ 25.341933312181375, 64.376378891944455 ], [ 25.134800342142448, 64.373891608569934 ], [ 25.140859551931246, 64.284202869883856 ], [ 25.347320433092037, 64.286680241090536 ] ] ] } },
{ "type": "Feature", "properties": { "cell_id": 3073, "stable_forest_class": "birch-pine", "class_fraction_2019": 0.835611, "class_fraction_2021": 0.829672, "class_fraction_2023": 0.767635, "stable_class_min_fraction": 0.767635, "productive_fraction_2019": 0.789192, "productive_fraction_2021": 0.792658, "productive_fraction_2023": 0.813939, "min_productive_fraction": 0.789192, "target_landscape_fraction_2019": 0.659457, "target_landscape_fraction_2021": 0.657646, "target_landscape_fraction_2023": 0.624808, "min_target_landscape_fraction": 0.624808, "koppen_code": 27.0, "koppen_class": "Dfc", "koppen_fraction": 1.0, "north_south": "north", "east_west": "west", "geo_quadrant": "north-west", "admin1_name": "Northern Ostrobothnia", "admin1_code": "FI-14", "admin1_fraction": 1.0, "center_x": 445000.0, "center_y": 7075000.0 }, "geometry": { "type": "Polygon", "coordinates": [ [ [ 25.986626348121856, 63.754011032453363 ], [ 25.983400055303093, 63.843739683133656 ], [ 25.78013092188306, 63.842167665158094 ], [ 25.784001956140955, 63.752445190114862 ], [ 25.986626348121856, 63.754011032453363 ] ] ] } },
{ "type": "Feature", "properties": { "cell_id": 1372, "stable_forest_class": "pine", "class_fraction_2019": 0.786891, "class_fraction_2021": 0.754566, "class_fraction_2023": 0.723223, "stable_class_min_fraction": 0.723223, "productive_fraction_2019": 0.858944, "productive_fraction_2021": 0.865334, "productive_fraction_2023": 0.859308, "min_productive_fraction": 0.858944, "target_landscape_fraction_2019": 0.675895, "target_landscape_fraction_2021": 0.652952, "target_landscape_fraction_2023": 0.621471, "min_target_landscape_fraction": 0.621471, "koppen_code": 26.0, "koppen_class": "Dfb", "koppen_fraction": 1.0, "north_south": "south", "east_west": "east", "geo_quadrant": "south-east", "admin1_name": "South Karelia", "admin1_code": "FI-02", "admin1_fraction": 0.867837, "center_x": 595000.0, "center_y": 6815000.0 }, "geometry": { "type": "Polygon", "coordinates": [ [ [ 28.87334280210521, 61.410968942430422 ], [ 28.878737380952771, 61.50069379126144 ], [ 28.690965695239843, 61.503151095396419 ], [ 28.686109622948987, 61.413417138683798 ], [ 28.87334280210521, 61.410968942430422 ] ] ] } },
{ "type": "Feature", "properties": { "cell_id": 2794, "stable_forest_class": "pine", "class_fraction_2019": 0.797418, "class_fraction_2021": 0.79952, "class_fraction_2023": 0.773877, "stable_class_min_fraction": 0.773877, "productive_fraction_2019": 0.795126, "productive_fraction_2021": 0.783995, "productive_fraction_2023": 0.793897, "min_productive_fraction": 0.783995, "target_landscape_fraction_2019": 0.634048, "target_landscape_fraction_2021": 0.62682, "target_landscape_fraction_2023": 0.614378, "min_target_landscape_fraction": 0.614378, "koppen_code": 26.0, "koppen_class": "Dfb", "koppen_fraction": 0.984375, "north_south": "south", "east_west": "west", "geo_quadrant": "south-west", "admin1_name": "Ostrobothnia", "admin1_code": "FI-12", "admin1_fraction": 0.863199, "center_x": 295000.0, "center_y": 7035000.0 }, "geometry": { "type": "Polygon", "coordinates": [ [ [ 23.00269970320803, 63.342598063566193 ], [ 22.990210485054764, 63.43212691552597 ], [ 22.790354621482855, 63.426374331665123 ], [ 22.803461968136887, 63.336867779156684 ], [ 23.00269970320803, 63.342598063566193 ] ] ] } },
{ "type": "Feature", "properties": { "cell_id": 4259, "stable_forest_class": "birch-pine", "class_fraction_2019": 0.837596, "class_fraction_2021": 0.805885, "class_fraction_2023": 0.867678, "stable_class_min_fraction": 0.805885, "productive_fraction_2019": 0.765056, "productive_fraction_2021": 0.760136, "productive_fraction_2023": 0.75093, "min_productive_fraction": 0.75093, "target_landscape_fraction_2019": 0.640808, "target_landscape_fraction_2021": 0.612582, "target_landscape_fraction_2023": 0.651565, "min_target_landscape_fraction": 0.612582, "koppen_code": 27.0, "koppen_class": "Dfc", "koppen_fraction": 1.0, "north_south": "north", "east_west": "west", "geo_quadrant": "north-west", "admin1_name": "Northern Ostrobothnia", "admin1_code": "FI-14", "admin1_fraction": 0.74737, "center_x": 425000.0, "center_y": 7255000.0 }, "geometry": { "type": "Polygon", "coordinates": [ [ [ 25.494891383250177, 65.365270010057102 ], [ 25.489738763110186, 65.454961938376726 ], [ 25.274098958452676, 65.452657394040642 ], [ 25.27998645541766, 65.362974942821054 ], [ 25.494891383250177, 65.365270010057102 ] ] ] } },
{ "type": "Feature", "properties": { "cell_id": 4193, "stable_forest_class": "birch-pine", "class_fraction_2019": 0.844398, "class_fraction_2021": 0.861383, "class_fraction_2023": 0.901487, "stable_class_min_fraction": 0.844398, "productive_fraction_2019": 0.722145, "productive_fraction_2021": 0.713684, "productive_fraction_2023": 0.710328, "min_productive_fraction": 0.710328, "target_landscape_fraction_2019": 0.609778, "target_landscape_fraction_2021": 0.614756, "target_landscape_fraction_2023": 0.640352, "min_target_landscape_fraction": 0.609778, "koppen_code": 27.0, "koppen_class": "Dfc", "koppen_fraction": 1.0, "north_south": "north", "east_west": "west", "geo_quadrant": "north-west", "admin1_name": "Northern Ostrobothnia", "admin1_code": "FI-14", "admin1_fraction": 0.864005, "center_x": 425000.0, "center_y": 7245000.0 }, "geometry": { "type": "Polygon", "coordinates": [ [ [ 25.500005312223834, 65.275576796285193 ], [ 25.494891383250177, 65.365270010057102 ], [ 25.27998645541766, 65.362974942821054 ], [ 25.285829751420639, 65.273291141763536 ], [ 25.500005312223834, 65.275576796285193 ] ] ] } },
{ "type": "Feature", "properties": { "cell_id": 2926, "stable_forest_class": "pine-spruce", "class_fraction_2019": 0.862889, "class_fraction_2021": 0.861669, "class_fraction_2023": 0.847523, "stable_class_min_fraction": 0.847523, "productive_fraction_2019": 0.712323, "productive_fraction_2021": 0.71583, "productive_fraction_2023": 0.712809, "min_productive_fraction": 0.712323, "target_landscape_fraction_2019": 0.614655, "target_landscape_fraction_2021": 0.616809, "target_landscape_fraction_2023": 0.604122, "min_target_landscape_fraction": 0.604122, "koppen_code": 26.0, "koppen_class": "Dfb", "koppen_fraction": 1.0, "north_south": "north", "east_west": "west", "geo_quadrant": "north-west", "admin1_name": "Ostrobothnia", "admin1_code": "FI-12", "admin1_fraction": 1.0, "center_x": 295000.0, "center_y": 7055000.0 }, "geometry": { "type": "Polygon", "coordinates": [ [ [ 22.977633253701217, 63.521653265143101 ], [ 22.964967119627556, 63.611177101122948 ], [ 22.763862011783679, 63.605379499365469 ], [ 22.777154946877626, 63.515878242638301 ], [ 22.977633253701217, 63.521653265143101 ] ] ] } },
{ "type": "Feature", "properties": { "cell_id": 3343, "stable_forest_class": "birch-pine", "class_fraction_2019": 0.923739, "class_fraction_2021": 0.944818, "class_fraction_2023": 0.870922, "stable_class_min_fraction": 0.870922, "productive_fraction_2019": 0.668145, "productive_fraction_2021": 0.674191, "productive_fraction_2023": 0.691523, "min_productive_fraction": 0.668145, "target_landscape_fraction_2019": 0.617191, "target_landscape_fraction_2021": 0.636988, "target_landscape_fraction_2023": 0.602262, "min_target_landscape_fraction": 0.602262, "koppen_code": 27.0, "koppen_class": "Dfc", "koppen_fraction": 1.0, "north_south": "north", "east_west": "east", "geo_quadrant": "north-east", "admin1_name": "Kainuu", "admin1_code": "FI-05", "admin1_fraction": 1.0, "center_x": 505000.0, "center_y": 7115000.0 }, "geometry": { "type": "Polygon", "coordinates": [ [ [ 27.205302768841623, 64.116389604557952 ], [ 27.205967004977019, 64.20612724362104 ], [ 27.0, 64.206272467878691 ], [ 27.0, 64.116534252518164 ], [ 27.205302768841623, 64.116389604557952 ] ] ] } },
{ "type": "Feature", "properties": { "cell_id": 1930, "stable_forest_class": "pine", "class_fraction_2019": 0.845577, "class_fraction_2021": 0.822763, "class_fraction_2023": 0.84167, "stable_class_min_fraction": 0.822763, "productive_fraction_2019": 0.718139, "productive_fraction_2021": 0.727629, "productive_fraction_2023": 0.718874, "min_productive_fraction": 0.718139, "target_landscape_fraction_2019": 0.607242, "target_landscape_fraction_2021": 0.598666, "target_landscape_fraction_2023": 0.605054, "min_target_landscape_fraction": 0.598666, "koppen_code": 26.0, "koppen_class": "Dfb", "koppen_fraction": 0.991903, "north_south": "south", "east_west": "west", "geo_quadrant": "south-west", "admin1_name": "Southern Ostrobothnia", "admin1_code": "FI-03", "admin1_fraction": 1.0, "center_x": 235000.0, "center_y": 6905000.0 }, "geometry": { "type": "Polygon", "coordinates": [ [ [ 22.009259878093467, 62.141823447239823 ], [ 21.994457139243984, 62.231245380848264 ], [ 21.802859581338275, 62.224183283396208 ], [ 21.818222839775672, 62.134787878620557 ], [ 22.009259878093467, 62.141823447239823 ] ] ] } },
{ "type": "Feature", "properties": { "cell_id": 3205, "stable_forest_class": "birch-pine", "class_fraction_2019": 0.876415, "class_fraction_2021": 0.861637, "class_fraction_2023": 0.809612, "stable_class_min_fraction": 0.809612, "productive_fraction_2019": 0.711217, "productive_fraction_2021": 0.724746, "productive_fraction_2023": 0.738122, "min_productive_fraction": 0.711217, "target_landscape_fraction_2019": 0.623321, "target_landscape_fraction_2021": 0.624468, "target_landscape_fraction_2023": 0.597593, "min_target_landscape_fraction": 0.597593, "koppen_code": 27.0, "koppen_class": "Dfc", "koppen_fraction": 1.0, "north_south": "north", "east_west": "west", "geo_quadrant": "north-west", "admin1_name": "Northern Ostrobothnia", "admin1_code": "FI-14", "admin1_fraction": 1.0, "center_x": 445000.0, "center_y": 7095000.0 }, "geometry": { "type": "Polygon", "coordinates": [ [ [ 25.980150649696309, 63.933467121178431 ], [ 25.976877893055843, 64.023193348396418 ], [ 25.772305382990154, 64.021608860396057 ], [ 25.776232159423188, 63.931888888119033 ], [ 25.980150649696309, 63.933467121178431 ] ] ] } },
{ "type": "Feature", "properties": { "cell_id": 1864, "stable_forest_class": "pine", "class_fraction_2019": 0.79739, "class_fraction_2021": 0.763066, "class_fraction_2023": 0.806386, "stable_class_min_fraction": 0.763066, "productive_fraction_2019": 0.773778, "productive_fraction_2021": 0.772244, "productive_fraction_2023": 0.767951, "min_productive_fraction": 0.767951, "target_landscape_fraction_2019": 0.617003, "target_landscape_fraction_2021": 0.589274, "target_landscape_fraction_2023": 0.619265, "min_target_landscape_fraction": 0.589274, "koppen_code": 26.0, "koppen_class": "Dfb", "koppen_fraction": 1.0, "north_south": "south", "east_west": "west", "geo_quadrant": "south-west", "admin1_name": "Southern Ostrobothnia", "admin1_code": "FI-03", "admin1_fraction": 1.0, "center_x": 235000.0, "center_y": 6895000.0 }, "geometry": { "type": "Polygon", "coordinates": [ [ [ 22.023963445100087, 62.052398339468908 ], [ 22.009259878093467, 62.141823447239823 ], [ 21.818222839775672, 62.134787878620557 ], [ 21.833483224534305, 62.045389144414465 ], [ 22.023963445100087, 62.052398339468908 ] ] ] } },
{ "type": "Feature", "properties": { "cell_id": 3544, "stable_forest_class": "birch-pine", "class_fraction_2019": 0.805827, "class_fraction_2021": 0.827183, "class_fraction_2023": 0.836682, "stable_class_min_fraction": 0.805827, "productive_fraction_2019": 0.72802, "productive_fraction_2021": 0.743859, "productive_fraction_2023": 0.739784, "min_productive_fraction": 0.72802, "target_landscape_fraction_2019": 0.586658, "target_landscape_fraction_2021": 0.615307, "target_landscape_fraction_2023": 0.618964, "min_target_landscape_fraction": 0.586658, "koppen_code": 27.0, "koppen_class": "Dfc", "koppen_fraction": 1.0, "north_south": "north", "east_west": "east", "geo_quadrant": "north-east", "admin1_name": "Kainuu", "admin1_code": "FI-05", "admin1_fraction": 1.0, "center_x": 535000.0, "center_y": 7145000.0 }, "geometry": { "type": "Polygon", "coordinates": [ [ [ 27.829190740776696, 64.383403484754311 ], [ 27.831905614142009, 64.473128971775211 ], [ 27.623946614211686, 64.474157710961947 ], [ 27.621910277801611, 64.384428111323203 ], [ 27.829190740776696, 64.383403484754311 ] ] ] } },
{ "type": "Feature", "properties": { "cell_id": 3538, "stable_forest_class": "birch-pine", "class_fraction_2019": 0.967797, "class_fraction_2021": 0.950957, "class_fraction_2023": 0.932877, "stable_class_min_fraction": 0.932877, "productive_fraction_2019": 0.611666, "productive_fraction_2021": 0.608261, "productive_fraction_2023": 0.623299, "min_productive_fraction": 0.608261, "target_landscape_fraction_2019": 0.591968, "target_landscape_fraction_2021": 0.57843, "target_landscape_fraction_2023": 0.581461, "min_target_landscape_fraction": 0.57843, "koppen_code": 27.0, "koppen_class": "Dfc", "koppen_fraction": 1.0, "north_south": "north", "east_west": "east", "geo_quadrant": "north-east", "admin1_name": "Kainuu", "admin1_code": "FI-05", "admin1_fraction": 0.81455, "center_x": 475000.0, "center_y": 7145000.0 }, "geometry": { "type": "Polygon", "coordinates": [ [ [ 26.58538494635447, 64.385160019681322 ], [ 26.584027302360681, 64.474892557222731 ], [ 26.376053385788314, 64.474157710961947 ], [ 26.378089722198389, 64.384428111323203 ], [ 26.58538494635447, 64.385160019681322 ] ] ] } },
{ "type": "Feature", "properties": { "cell_id": 2306, "stable_forest_class": "birch-pine", "class_fraction_2019": 0.811696, "class_fraction_2021": 0.790978, "class_fraction_2023": 0.8099, "stable_class_min_fraction": 0.790978, "productive_fraction_2019": 0.736484, "productive_fraction_2021": 0.728407, "productive_fraction_2023": 0.727836, "min_productive_fraction": 0.727836, "target_landscape_fraction_2019": 0.597801, "target_landscape_fraction_2021": 0.576154, "target_landscape_fraction_2023": 0.589475, "min_target_landscape_fraction": 0.576154, "koppen_code": 27.0, "koppen_class": "Dfc", "koppen_fraction": 1.0, "north_south": "south", "east_west": "east", "geo_quadrant": "south-east", "admin1_name": "North Karelia", "admin1_code": "FI-13", "admin1_fraction": 1.0, "center_x": 695000.0, "center_y": 6955000.0 }, "geometry": { "type": "Polygon", "coordinates": [ [ [ 30.900452113329855, 62.626278462374323 ], [ 30.912267864203926, 62.71582694690094 ], [ 30.717158406133635, 62.721134225921908 ], [ 30.705928537929342, 62.631565529782513 ], [ 30.900452113329855, 62.626278462374323 ] ] ] } },
{ "type": "Feature", "properties": { "cell_id": 1370, "stable_forest_class": "pine", "class_fraction_2019": 0.801733, "class_fraction_2021": 0.773889, "class_fraction_2023": 0.779666, "stable_class_min_fraction": 0.773889, "productive_fraction_2019": 0.744369, "productive_fraction_2021": 0.743995, "productive_fraction_2023": 0.74251, "min_productive_fraction": 0.74251, "target_landscape_fraction_2019": 0.596785, "target_landscape_fraction_2021": 0.57577, "target_landscape_fraction_2023": 0.57891, "min_target_landscape_fraction": 0.57577, "koppen_code": 26.0, "koppen_class": "Dfb", "koppen_fraction": 1.0, "north_south": "south", "east_west": "east", "geo_quadrant": "south-east", "admin1_name": "South Karelia", "admin1_code": "FI-02", "admin1_fraction": 0.5093, "center_x": 575000.0, "center_y": 6815000.0 }, "geometry": { "type": "Polygon", "coordinates": [ [ [ 28.498844534156319, 61.415607872247456 ], [ 28.503161799740191, 61.505349980236417 ], [ 28.315329263722504, 61.507290364395182 ], [ 28.311551071795293, 61.417541062440833 ], [ 28.498844534156319, 61.415607872247456 ] ] ] } },
{ "type": "Feature", "properties": { "cell_id": 1371, "stable_forest_class": "pine", "class_fraction_2019": 0.797031, "class_fraction_2021": 0.768085, "class_fraction_2023": 0.750592, "stable_class_min_fraction": 0.750592, "productive_fraction_2019": 0.765929, "productive_fraction_2021": 0.768013, "productive_fraction_2023": 0.764247, "min_productive_fraction": 0.764247, "target_landscape_fraction_2019": 0.610469, "target_landscape_fraction_2021": 0.589899, "target_landscape_fraction_2023": 0.573638, "min_target_landscape_fraction": 0.573638, "koppen_code": 26.0, "koppen_class": "Dfb", "koppen_fraction": 1.0, "north_south": "south", "east_west": "east", "geo_quadrant": "south-east", "admin1_name": "South Karelia", "admin1_code": "FI-02", "admin1_fraction": 0.696692, "center_x": 585000.0, "center_y": 6815000.0 }, "geometry": { "type": "Polygon", "coordinates": [ [ [ 28.686109622948987, 61.413417138683798 ], [ 28.690965695239843, 61.503151095396419 ], [ 28.503161799740191, 61.505349980236417 ], [ 28.498844534156319, 61.415607872247456 ], [ 28.686109622948987, 61.413417138683798 ] ] ] } },
{ "type": "Feature", "properties": { "cell_id": 2925, "stable_forest_class": "pine-spruce", "class_fraction_2019": 0.831933, "class_fraction_2021": 0.867969, "class_fraction_2023": 0.848949, "stable_class_min_fraction": 0.831933, "productive_fraction_2019": 0.686612, "productive_fraction_2021": 0.715674, "productive_fraction_2023": 0.71618, "min_productive_fraction": 0.686612, "target_landscape_fraction_2019": 0.571216, "target_landscape_fraction_2021": 0.621183, "target_landscape_fraction_2023": 0.608, "min_target_landscape_fraction": 0.571216, "koppen_code": 26.0, "koppen_class": "Dfb", "koppen_fraction": 1.0, "north_south": "north", "east_west": "west", "geo_quadrant": "north-west", "admin1_name": "Ostrobothnia", "admin1_code": "FI-12", "admin1_fraction": 1.0, "center_x": 285000.0, "center_y": 7055000.0 }, "geometry": { "type": "Polygon", "coordinates": [ [ [ 22.777154946877626, 63.515878242638301 ], [ 22.763862011783679, 63.605379499365469 ], [ 22.56285110747028, 63.599300871174634 ], [ 22.5767698984349, 63.509823278348243 ], [ 22.777154946877626, 63.515878242638301 ] ] ] } },
{ "type": "Feature", "properties": { "cell_id": 1100, "stable_forest_class": "pine", "class_fraction_2019": 0.732088, "class_fraction_2021": 0.725912, "class_fraction_2023": 0.740539, "stable_class_min_fraction": 0.725912, "productive_fraction_2019": 0.784038, "productive_fraction_2021": 0.786076, "productive_fraction_2023": 0.786534, "min_productive_fraction": 0.784038, "target_landscape_fraction_2019": 0.573985, "target_landscape_fraction_2021": 0.570622, "target_landscape_fraction_2023": 0.582459, "min_target_landscape_fraction": 0.570622, "koppen_code": 26.0, "koppen_class": "Dfb", "koppen_fraction": 1.0, "north_south": "south", "east_west": "east", "geo_quadrant": "south-east", "admin1_name": "South Karelia", "admin1_code": "FI-02", "admin1_fraction": 0.906957, "center_x": 515000.0, "center_y": 6775000.0 }, "geometry": { "type": "Polygon", "coordinates": [ [ [ 27.37053255232377, 61.064246068340807 ], [ 27.371584522500495, 61.154021790549855 ], [ 27.185793987872, 61.154404286296547 ], [ 27.185267986880728, 61.064627156682121 ], [ 27.37053255232377, 61.064246068340807 ] ] ] } },
{ "type": "Feature", "properties": { "cell_id": 2860, "stable_forest_class": "pine", "class_fraction_2019": 0.759783, "class_fraction_2021": 0.744959, "class_fraction_2023": 0.728679, "stable_class_min_fraction": 0.728679, "productive_fraction_2019": 0.786839, "productive_fraction_2021": 0.784704, "productive_fraction_2023": 0.782479, "min_productive_fraction": 0.782479, "target_landscape_fraction_2019": 0.597827, "target_landscape_fraction_2021": 0.584572, "target_landscape_fraction_2023": 0.570176, "min_target_landscape_fraction": 0.570176, "koppen_code": 26.0, "koppen_class": "Dfb", "koppen_fraction": 1.0, "north_south": "north", "east_west": "west", "geo_quadrant": "north-west", "admin1_name": "Ostrobothnia", "admin1_code": "FI-12", "admin1_fraction": 1.0, "center_x": 295000.0, "center_y": 7045000.0 }, "geometry": { "type": "Polygon", "coordinates": [ [ [ 22.990210485054764, 63.43212691552597 ], [ 22.977633253701217, 63.521653265143101 ], [ 22.777154946877626, 63.515878242638301 ], [ 22.790354621482855, 63.426374331665123 ], [ 22.990210485054764, 63.43212691552597 ] ] ] } },
{ "type": "Feature", "properties": { "cell_id": 2632, "stable_forest_class": "birch-pine", "class_fraction_2019": 0.832572, "class_fraction_2021": 0.804327, "class_fraction_2023": 0.831815, "stable_class_min_fraction": 0.804327, "productive_fraction_2019": 0.707917, "productive_fraction_2021": 0.707576, "productive_fraction_2023": 0.707318, "min_productive_fraction": 0.707318, "target_landscape_fraction_2019": 0.589392, "target_landscape_fraction_2021": 0.569123, "target_landscape_fraction_2023": 0.588358, "min_target_landscape_fraction": 0.569123, "koppen_code": 27.0, "koppen_class": "Dfc", "koppen_fraction": 1.0, "north_south": "south", "east_west": "east", "geo_quadrant": "south-east", "admin1_name": "North Karelia", "admin1_code": "FI-13", "admin1_fraction": 1.0, "center_x": 655000.0, "center_y": 7005000.0 }, "geometry": { "type": "Polygon", "coordinates": [ [ [ 30.169912682381096, 63.093902854972704 ], [ 30.179713312513353, 63.183516146719136 ], [ 29.981314100689076, 63.187820658218371 ], [ 29.972122711423037, 63.098190766636158 ], [ 30.169912682381096, 63.093902854972704 ] ] ] } },
{ "type": "Feature", "properties": { "cell_id": 1974, "stable_forest_class": "birch-pine", "class_fraction_2019": 0.752255, "class_fraction_2021": 0.760225, "class_fraction_2023": 0.758399, "stable_class_min_fraction": 0.752255, "productive_fraction_2019": 0.744297, "productive_fraction_2021": 0.742259, "productive_fraction_2023": 0.742986, "min_productive_fraction": 0.742259, "target_landscape_fraction_2019": 0.559901, "target_landscape_fraction_2021": 0.564284, "target_landscape_fraction_2023": 0.56348, "min_target_landscape_fraction": 0.559901, "koppen_code": 27.0, "koppen_class": "Dfc", "koppen_fraction": 1.0, "north_south": "south", "east_west": "east", "geo_quadrant": "south-east", "admin1_name": "North Karelia", "admin1_code": "FI-13", "admin1_fraction": 1.0, "center_x": 675000.0, "center_y": 6905000.0 }, "geometry": { "type": "Polygon", "coordinates": [ [ [ 30.459187080148467, 62.188610874166294 ], [ 30.469474331729113, 62.278209543879598 ], [ 30.277111570356482, 62.282885101341861 ], [ 30.267392136546658, 62.193268806494835 ], [ 30.459187080148467, 62.188610874166294 ] ] ] } },
{ "type": "Feature", "properties": { "cell_id": 2301, "stable_forest_class": "birch-pine", "class_fraction_2019": 0.860408, "class_fraction_2021": 0.852667, "class_fraction_2023": 0.86147, "stable_class_min_fraction": 0.852667, "productive_fraction_2019": 0.651223, "productive_fraction_2021": 0.654541, "productive_fraction_2023": 0.655752, "min_productive_fraction": 0.651223, "target_landscape_fraction_2019": 0.560317, "target_landscape_fraction_2021": 0.558105, "target_landscape_fraction_2023": 0.564911, "min_target_landscape_fraction": 0.558105, "koppen_code": 27.0, "koppen_class": "Dfc", "koppen_fraction": 0.922481, "north_south": "south", "east_west": "east", "geo_quadrant": "south-east", "admin1_name": "North Karelia", "admin1_code": "FI-13", "admin1_fraction": 1.0, "center_x": 645000.0, "center_y": 6955000.0 }, "geometry": { "type": "Polygon", "coordinates": [ [ [ 29.927108448412273, 62.650013111837879 ], [ 29.935987662624225, 62.739652386955193 ], [ 29.740531869191159, 62.743603271321646 ], [ 29.73224190530555, 62.653948926645874 ], [ 29.927108448412273, 62.650013111837879 ] ] ] } },
{ "type": "Feature", "properties": { "cell_id": 4716, "stable_forest_class": "birch-spruce", "class_fraction_2019": 0.734433, "class_fraction_2021": 0.744879, "class_fraction_2023": 0.796594, "stable_class_min_fraction": 0.734433, "productive_fraction_2019": 0.777526, "productive_fraction_2021": 0.749143, "productive_fraction_2023": 0.734308, "min_productive_fraction": 0.734308, "target_landscape_fraction_2019": 0.57104, "target_landscape_fraction_2021": 0.558021, "target_landscape_fraction_2023": 0.584945, "min_target_landscape_fraction": 0.558021, "koppen_code": 27.0, "koppen_class": "Dfc", "koppen_fraction": 1.0, "north_south": "north", "east_west": "west", "geo_quadrant": "north-west", "admin1_name": "Lapland", "admin1_code": "FI-10", "admin1_fraction": 1.0, "center_x": 375000.0, "center_y": 7325000.0 }, "geometry": { "type": "Polygon", "coordinates": [ [ [ 24.357682117329293, 65.978127044370311 ], [ 24.348376554696717, 66.067747036018361 ], [ 24.127734555213998, 66.063795710060091 ], [ 24.137811952140957, 65.974192264754407 ], [ 24.357682117329293, 65.978127044370311 ] ] ] } },
{ "type": "Feature", "properties": { "cell_id": 2498, "stable_forest_class": "birch-pine", "class_fraction_2019": 0.786573, "class_fraction_2021": 0.812679, "class_fraction_2023": 0.789753, "stable_class_min_fraction": 0.786573, "productive_fraction_2019": 0.709117, "productive_fraction_2021": 0.712765, "productive_fraction_2023": 0.71042, "min_productive_fraction": 0.709117, "target_landscape_fraction_2019": 0.557772, "target_landscape_fraction_2021": 0.57925, "target_landscape_fraction_2023": 0.561057, "min_target_landscape_fraction": 0.557772, "koppen_code": 27.0, "koppen_class": "Dfc", "koppen_fraction": 1.0, "north_south": "south", "east_west": "east", "geo_quadrant": "south-east", "admin1_name": "North Karelia", "admin1_code": "FI-13", "admin1_fraction": 1.0, "center_x": 635000.0, "center_y": 6985000.0 }, "geometry": { "type": "Polygon", "coordinates": [ [ [ 29.757283860331015, 62.922906629097461 ], [ 29.765747023134509, 63.012555634945706 ], [ 29.568440169472161, 63.016277352105696 ], [ 29.560579090723685, 62.926614051284176 ], [ 29.757283860331015, 62.922906629097461 ] ] ] } },
{ "type": "Feature", "properties": { "cell_id": 4127, "stable_forest_class": "birch-pine", "class_fraction_2019": 0.748439, "class_fraction_2021": 0.789879, "class_fraction_2023": 0.841688, "stable_class_min_fraction": 0.748439, "productive_fraction_2019": 0.745083, "productive_fraction_2021": 0.735724, "productive_fraction_2023": 0.735506, "min_productive_fraction": 0.735506, "target_landscape_fraction_2019": 0.557649, "target_landscape_fraction_2021": 0.581133, "target_landscape_fraction_2023": 0.619067, "min_target_landscape_fraction": 0.557649, "koppen_code": 27.0, "koppen_class": "Dfc", "koppen_fraction": 0.992337, "north_south": "north", "east_west": "west", "geo_quadrant": "north-west", "admin1_name": "Northern Ostrobothnia", "admin1_code": "FI-14", "admin1_fraction": 0.951902, "center_x": 425000.0, "center_y": 7235000.0 }, "geometry": { "type": "Polygon", "coordinates": [ [ [ 25.505080967751013, 65.185882296440013 ], [ 25.500005312223834, 65.275576796285193 ], [ 25.285829751420639, 65.273291141763536 ], [ 25.291629323540832, 65.183605990946958 ], [ 25.505080967751013, 65.185882296440013 ] ] ] } },
{ "type": "Feature", "properties": { "cell_id": 1734, "stable_forest_class": "pine", "class_fraction_2019": 0.771026, "class_fraction_2021": 0.732379, "class_fraction_2023": 0.820792, "stable_class_min_fraction": 0.732379, "productive_fraction_2019": 0.747717, "productive_fraction_2021": 0.761068, "productive_fraction_2023": 0.753692, "min_productive_fraction": 0.747717, "target_landscape_fraction_2019": 0.576509, "target_landscape_fraction_2021": 0.55739, "target_landscape_fraction_2023": 0.618624, "min_target_landscape_fraction": 0.55739, "koppen_code": 26.0, "koppen_class": "Dfb", "koppen_fraction": 1.0, "north_south": "south", "east_west": "west", "geo_quadrant": "south-west", "admin1_name": "Satakunta", "admin1_code": "FI-17", "admin1_fraction": 1.0, "center_x": 255000.0, "center_y": 6875000.0 }, "geometry": { "type": "Polygon", "coordinates": [ [ [ 22.432117460662955, 61.88667123770076 ], [ 22.418711178209534, 61.976151883853063 ], [ 22.228593151750299, 61.969691753829551 ], [ 22.242550751120479, 61.880235244505251 ], [ 22.432117460662955, 61.88667123770076 ] ] ] } },
{ "type": "Feature", "properties": { "cell_id": 1604, "stable_forest_class": "pine", "class_fraction_2019": 0.711782, "class_fraction_2021": 0.768862, "class_fraction_2023": 0.802014, "stable_class_min_fraction": 0.711782, "productive_fraction_2019": 0.770675, "productive_fraction_2021": 0.764006, "productive_fraction_2023": 0.758835, "min_productive_fraction": 0.758835, "target_landscape_fraction_2019": 0.548553, "target_landscape_fraction_2021": 0.587416, "target_landscape_fraction_2023": 0.608597, "min_target_landscape_fraction": 0.548553, "koppen_code": 26.0, "koppen_class": "Dfb", "koppen_fraction": 0.797571, "north_south": "south", "east_west": "west", "geo_quadrant": "south-west", "admin1_name": "Satakunta", "admin1_code": "FI-17", "admin1_fraction": 0.615543, "center_x": 275000.0, "center_y": 6855000.0 }, "geometry": { "type": "Polygon", "coordinates": [ [ [ 22.835872112674021, 61.71970077547747 ], [ 22.823733956232903, 61.809231928504985 ], [ 22.634541917981384, 61.803339886590628 ], [ 22.647225802467908, 61.713830674633442 ], [ 22.835872112674021, 61.71970077547747 ] ] ] } },
{ "type": "Feature", "properties": { "cell_id": 5523, "stable_forest_class": "birch-pine", "class_fraction_2019": 0.90777, "class_fraction_2021": 0.933579, "class_fraction_2023": 0.963236, "stable_class_min_fraction": 0.90777, "productive_fraction_2019": 0.603479, "productive_fraction_2021": 0.596849, "productive_fraction_2023": 0.593969, "min_productive_fraction": 0.593969, "target_landscape_fraction_2019": 0.54782, "target_landscape_fraction_2021": 0.557205, "target_landscape_fraction_2023": 0.572132, "min_target_landscape_fraction": 0.54782, "koppen_code": 27.0, "koppen_class": "Dfc", "koppen_fraction": 1.0, "north_south": "north", "east_west": "east", "geo_quadrant": "north-east", "admin1_name": "Lapland", "admin1_code": "FI-10", "admin1_fraction": 1.0, "center_x": 525000.0, "center_y": 7445000.0 }, "geometry": { "type": "Polygon", "coordinates": [ [ [ 27.690197026453056, 67.075831019942683 ], [ 27.692759781843083, 67.165527554317208 ], [ 27.46185141743727, 67.166360543295397 ], [ 27.460142779071411, 67.076660388749815 ], [ 27.690197026453056, 67.075831019942683 ] ] ] } },
{ "type": "Feature", "properties": { "cell_id": 4717, "stable_forest_class": "birch-spruce", "class_fraction_2019": 0.761403, "class_fraction_2021": 0.790901, "class_fraction_2023": 0.812877, "stable_class_min_fraction": 0.761403, "productive_fraction_2019": 0.717015, "productive_fraction_2021": 0.709972, "productive_fraction_2023": 0.694108, "min_productive_fraction": 0.694108, "target_landscape_fraction_2019": 0.545938, "target_landscape_fraction_2021": 0.561518, "target_landscape_fraction_2023": 0.564224, "min_target_landscape_fraction": 0.545938, "koppen_code": 27.0, "koppen_class": "Dfc", "koppen_fraction": 1.0, "north_south": "north", "east_west": "west", "geo_quadrant": "north-west", "admin1_name": "Lapland", "admin1_code": "FI-10", "admin1_fraction": 1.0, "center_x": 385000.0, "center_y": 7325000.0 }, "geometry": { "type": "Polygon", "coordinates": [ [ [ 24.577623736991818, 65.98174775196496 ], [ 24.569090810777691, 66.071382973772614 ], [ 24.348376554696717, 66.067747036018361 ], [ 24.357682117329293, 65.978127044370311 ], [ 24.577623736991818, 65.98174775196496 ] ] ] } },
{ "type": "Feature", "properties": { "cell_id": 3336, "stable_forest_class": "birch-pine", "class_fraction_2019": 0.904504, "class_fraction_2021": 0.897565, "class_fraction_2023": 0.845409, "stable_class_min_fraction": 0.845409, "productive_fraction_2019": 0.658035, "productive_fraction_2021": 0.650598, "productive_fraction_2023": 0.644111, "min_productive_fraction": 0.644111, "target_landscape_fraction_2019": 0.595195, "target_landscape_fraction_2021": 0.583954, "target_landscape_fraction_2023": 0.544537, "min_target_landscape_fraction": 0.544537, "koppen_code": 27.0, "koppen_class": "Dfc", "koppen_fraction": 1.0, "north_south": "north", "east_west": "west", "geo_quadrant": "north-west", "admin1_name": "Northern Ostrobothnia", "admin1_code": "FI-14", "admin1_fraction": 1.0, "center_x": 435000.0, "center_y": 7115000.0 }, "geometry": { "type": "Polygon", "coordinates": [ [ [ 25.768350302852856, 64.111327583379818 ], [ 25.764366625251512, 64.201045058452934 ], [ 25.558500788007155, 64.199157718346399 ], [ 25.563147658652706, 64.109447729577084 ], [ 25.768350302852856, 64.111327583379818 ] ] ] } },
{ "type": "Feature", "properties": { "cell_id": 4656, "stable_forest_class": "birch-pine", "class_fraction_2019": 0.867977, "class_fraction_2021": 0.897105, "class_fraction_2023": 0.891671, "stable_class_min_fraction": 0.867977, "productive_fraction_2019": 0.625633, "productive_fraction_2021": 0.622241, "productive_fraction_2023": 0.628216, "min_productive_fraction": 0.622241, "target_landscape_fraction_2019": 0.543036, "target_landscape_fraction_2021": 0.558216, "target_landscape_fraction_2023": 0.560162, "min_target_landscape_fraction": 0.543036, "koppen_code": 27.0, "koppen_class": "Dfc", "koppen_fraction": 1.0, "north_south": "north", "east_west": "west", "geo_quadrant": "north-west", "admin1_name": "Lapland", "admin1_code": "FI-10", "admin1_fraction": 1.0, "center_x": 435000.0, "center_y": 7315000.0 }, "geometry": { "type": "Polygon", "coordinates": [ [ [ 25.682820543597519, 65.90544174853818 ], [ 25.678196348284999, 65.995134539833927 ], [ 25.457986349465614, 65.993086545573661 ], [ 25.463380239675885, 65.903402318269045 ], [ 25.682820543597519, 65.90544174853818 ] ] ] } },
{ "type": "Feature", "properties": { "cell_id": 3144, "stable_forest_class": "birch-pine", "class_fraction_2019": 0.742151, "class_fraction_2021": 0.748645, "class_fraction_2023": 0.743072, "stable_class_min_fraction": 0.742151, "productive_fraction_2019": 0.729825, "productive_fraction_2021": 0.731745, "productive_fraction_2023": 0.734572, "min_productive_fraction": 0.729825, "target_landscape_fraction_2019": 0.54164, "target_landscape_fraction_2021": 0.547817, "target_landscape_fraction_2023": 0.54584, "min_target_landscape_fraction": 0.54164, "koppen_code": 27.0, "koppen_class": "Dfc", "koppen_fraction": 1.0, "north_south": "north", "east_west": "east", "geo_quadrant": "north-east", "admin1_name": "Northern Savonia", "admin1_code": "FI-15", "admin1_fraction": 1.0, "center_x": 495000.0, "center_y": 7085000.0 }, "geometry": { "type": "Polygon", "coordinates": [ [ [ 27.0, 63.84731290739667 ], [ 27.0, 63.937054475035787 ], [ 26.796011441753063, 63.936910968597978 ], [ 26.796661513596145, 63.847169966260104 ], [ 27.0, 63.84731290739667 ] ] ] } },
{ "type": "Feature", "properties": { "cell_id": 1166, "stable_forest_class": "pine", "class_fraction_2019": 0.739518, "class_fraction_2021": 0.709761, "class_fraction_2023": 0.771438, "stable_class_min_fraction": 0.709761, "productive_fraction_2019": 0.753285, "productive_fraction_2021": 0.754022, "productive_fraction_2023": 0.755244, "min_productive_fraction": 0.753285, "target_landscape_fraction_2019": 0.557068, "target_landscape_fraction_2021": 0.535176, "target_landscape_fraction_2023": 0.582623, "min_target_landscape_fraction": 0.535176, "koppen_code": 26.0, "koppen_class": "Dfb", "koppen_fraction": 1.0, "north_south": "south", "east_west": "east", "geo_quadrant": "south-east", "admin1_name": "Southern Savonia", "admin1_code": "FI-04", "admin1_fraction": 0.78745, "center_x": 515000.0, "center_y": 6785000.0 }, "geometry": { "type": "Polygon", "coordinates": [ [ [ 27.371584522500495, 61.154021790549855 ], [ 27.372643398898521, 61.243796302042128 ], [ 27.186323442173201, 61.244180213207322 ], [ 27.185793987872, 61.154404286296547 ], [ 27.371584522500495, 61.154021790549855 ] ] ] } },
{ "type": "Feature", "properties": { "cell_id": 3127, "stable_forest_class": "pine-spruce", "class_fraction_2019": 0.828241, "class_fraction_2021": 0.858685, "class_fraction_2023": 0.823995, "stable_class_min_fraction": 0.823995, "productive_fraction_2019": 0.633541, "productive_fraction_2021": 0.634143, "productive_fraction_2023": 0.639119, "min_productive_fraction": 0.633541, "target_landscape_fraction_2019": 0.524725, "target_landscape_fraction_2021": 0.544529, "target_landscape_fraction_2023": 0.526631, "min_target_landscape_fraction": 0.524725, "koppen_code": 26.0, "koppen_class": "Dfb", "koppen_fraction": 0.880769, "north_south": "north", "east_west": "west", "geo_quadrant": "north-west", "admin1_name": "Central Ostrobothnia", "admin1_code": "FI-07", "admin1_fraction": 1.0, "center_x": 325000.0, "center_y": 7085000.0 }, "geometry": { "type": "Polygon", "coordinates": [ [ [ 23.547012229963745, 63.806045047994196 ], [ 23.53599979509757, 63.895623649926492 ], [ 23.332723612141571, 63.89061186059827 ], [ 23.344378865334249, 63.801052939807434 ], [ 23.547012229963745, 63.806045047994196 ] ] ] } },
{ "type": "Feature", "properties": { "cell_id": 1089, "stable_forest_class": "birch-spruce", "class_fraction_2019": 0.745048, "class_fraction_2021": 0.724705, "class_fraction_2023": 0.769492, "stable_class_min_fraction": 0.724705, "productive_fraction_2019": 0.724022, "productive_fraction_2021": 0.722775, "productive_fraction_2023": 0.722934, "min_productive_fraction": 0.722775, "target_landscape_fraction_2019": 0.539431, "target_landscape_fraction_2021": 0.523799, "target_landscape_fraction_2023": 0.556292, "min_target_landscape_fraction": 0.523799, "koppen_code": 26.0, "koppen_class": "Dfb", "koppen_fraction": 0.991803, "north_south": "south", "east_west": "west", "geo_quadrant": "south-west", "admin1_name": "Tavastia Proper", "admin1_code": "FI-06", "admin1_fraction": 0.668547, "center_x": 405000.0, "center_y": 6775000.0 }, "geometry": { "type": "Polygon", "coordinates": [ [ [ 25.332998509392379, 61.054467157473383 ], [ 25.328268314337357, 61.144206776627286 ], [ 25.142629591010678, 61.141785593564208 ], [ 25.14788435781691, 61.052054876935472 ], [ 25.332998509392379, 61.054467157473383 ] ] ] } },
{ "type": "Feature", "properties": { "cell_id": 1502, "stable_forest_class": "birch-pine", "class_fraction_2019": 0.829428, "class_fraction_2021": 0.816705, "class_fraction_2023": 0.805636, "stable_class_min_fraction": 0.805636, "productive_fraction_2019": 0.650839, "productive_fraction_2021": 0.650808, "productive_fraction_2023": 0.650086, "min_productive_fraction": 0.650086, "target_landscape_fraction_2019": 0.539824, "target_landscape_fraction_2021": 0.531518, "target_landscape_fraction_2023": 0.523733, "min_target_landscape_fraction": 0.523733, "koppen_code": 26.0, "koppen_class": "Dfb", "koppen_fraction": 1.0, "north_south": "south", "east_west": "east", "geo_quadrant": "south-east", "admin1_name": "Southern Savonia", "admin1_code": "FI-04", "admin1_fraction": 1.0, "center_x": 575000.0, "center_y": 6835000.0 }, "geometry": { "type": "Polygon", "coordinates": [ [ [ 28.507507706406027, 61.595090720507727 ], [ 28.51188252449608, 61.684830093815648 ], [ 28.322961089323037, 61.68678499092664 ], [ 28.31913252400939, 61.597038340173263 ], [ 28.507507706406027, 61.595090720507727 ] ] ] } },
{ "type": "Feature", "properties": { "cell_id": 3126, "stable_forest_class": "pine-spruce", "class_fraction_2019": 0.819666, "class_fraction_2021": 0.833857, "class_fraction_2023": 0.820828, "stable_class_min_fraction": 0.819666, "productive_fraction_2019": 0.640486, "productive_fraction_2021": 0.640422, "productive_fraction_2023": 0.637937, "min_productive_fraction": 0.637937, "target_landscape_fraction_2019": 0.524985, "target_landscape_fraction_2021": 0.534021, "target_landscape_fraction_2023": 0.523636, "min_target_landscape_fraction": 0.523636, "koppen_code": 26.0, "koppen_class": "Dfb", "koppen_fraction": 1.0, "north_south": "north", "east_west": "west", "geo_quadrant": "north-west", "admin1_name": "Central Ostrobothnia", "admin1_code": "FI-07", "admin1_fraction": 0.97463, "center_x": 315000.0, "center_y": 7085000.0 }, "geometry": { "type": "Polygon", "coordinates": [ [ [ 23.344378865334249, 63.801052939807434 ], [ 23.332723612141571, 63.89061186059827 ], [ 23.129530901360678, 63.885315039460231 ], [ 23.141828125236572, 63.795776911527838 ], [ 23.344378865334249, 63.801052939807434 ] ] ] } },
{ "type": "Feature", "properties": { "cell_id": 2529, "stable_forest_class": "birch-pine", "class_fraction_2019": 0.839579, "class_fraction_2021": 0.85736, "class_fraction_2023": 0.830089, "stable_class_min_fraction": 0.830089, "productive_fraction_2019": 0.65259, "productive_fraction_2021": 0.637212, "productive_fraction_2023": 0.630103, "min_productive_fraction": 0.630103, "target_landscape_fraction_2019": 0.547901, "target_landscape_fraction_2021": 0.54632, "target_landscape_fraction_2023": 0.523041, "min_target_landscape_fraction": 0.523041, "koppen_code": 26.0, "koppen_class": "Dfb", "koppen_fraction": 0.965251, "north_south": "south", "east_west": "west", "geo_quadrant": "south-west", "admin1_name": "Southern Ostrobothnia", "admin1_code": "FI-03", "admin1_fraction": 1.0, "center_x": 285000.0, "center_y": 6995000.0 }, "geometry": { "type": "Polygon", "coordinates": [ [ [ 22.854986294973095, 62.978815401253499 ], [ 22.842239180434916, 63.068332396632094 ], [ 22.644919082321916, 63.062393572450318 ], [ 22.658266613041828, 62.972899379314541 ], [ 22.854986294973095, 62.978815401253499 ] ] ] } },
{ "type": "Feature", "properties": { "cell_id": 4650, "stable_forest_class": "birch-spruce", "class_fraction_2019": 0.734339, "class_fraction_2021": 0.804167, "class_fraction_2023": 0.766019, "stable_class_min_fraction": 0.734339, "productive_fraction_2019": 0.70945, "productive_fraction_2021": 0.677755, "productive_fraction_2023": 0.690422, "min_productive_fraction": 0.677755, "target_landscape_fraction_2019": 0.520977, "target_landscape_fraction_2021": 0.545028, "target_landscape_fraction_2023": 0.528876, "min_target_landscape_fraction": 0.520977, "koppen_code": 27.0, "koppen_class": "Dfc", "koppen_fraction": 1.0, "north_south": "north", "east_west": "west", "geo_quadrant": "north-west", "admin1_name": "Lapland", "admin1_code": "FI-10", "admin1_fraction": 1.0, "center_x": 375000.0, "center_y": 7315000.0 }, "geometry": { "type": "Polygon", "coordinates": [ [ [ 24.366916223510671, 65.888505330997091 ], [ 24.357682117329293, 65.978127044370311 ], [ 24.137811952140957, 65.974192264754407 ], [ 24.147811991645884, 65.884586982247683 ], [ 24.366916223510671, 65.888505330997091 ] ] ] } },
{ "type": "Feature", "properties": { "cell_id": 2927, "stable_forest_class": "pine", "class_fraction_2019": 0.759791, "class_fraction_2021": 0.777912, "class_fraction_2023": 0.753064, "stable_class_min_fraction": 0.753064, "productive_fraction_2019": 0.692925, "productive_fraction_2021": 0.688522, "productive_fraction_2023": 0.691558, "min_productive_fraction": 0.688522, "target_landscape_fraction_2019": 0.526478, "target_landscape_fraction_2021": 0.53561, "target_landscape_fraction_2023": 0.520788, "min_target_landscape_fraction": 0.520788, "koppen_code": 26.0, "koppen_class": "Dfb", "koppen_fraction": 0.969231, "north_south": "north", "east_west": "west", "geo_quadrant": "north-west", "admin1_name": "Ostrobothnia", "admin1_code": "FI-12", "admin1_fraction": 1.0, "center_x": 305000.0, "center_y": 7055000.0 }, "geometry": { "type": "Polygon", "coordinates": [ [ [ 23.178200461232706, 63.527148106259432 ], [ 23.166162029738917, 63.61669343457536 ], [ 22.964967119627556, 63.611177101122948 ], [ 22.977633253701217, 63.521653265143101 ], [ 23.178200461232706, 63.527148106259432 ] ] ] } },
{ "type": "Feature", "properties": { "cell_id": 2062, "stable_forest_class": "pine", "class_fraction_2019": 0.799303, "class_fraction_2021": 0.787413, "class_fraction_2023": 0.831227, "stable_class_min_fraction": 0.787413, "productive_fraction_2019": 0.659853, "productive_fraction_2021": 0.660557, "productive_fraction_2023": 0.651185, "min_productive_fraction": 0.651185, "target_landscape_fraction_2019": 0.527423, "target_landscape_fraction_2021": 0.520131, "target_landscape_fraction_2023": 0.541283, "min_target_landscape_fraction": 0.520131, "koppen_code": 26.0, "koppen_class": "Dfb", "koppen_fraction": 0.904762, "north_south": "south", "east_west": "west", "geo_quadrant": "south-west", "admin1_name": "Southern Ostrobothnia", "admin1_code": "FI-03", "admin1_fraction": 1.0, "center_x": 235000.0, "center_y": 6925000.0 }, "geometry": { "type": "Polygon", "coordinates": [ [ [ 21.97955427588515, 62.320664123304347 ], [ 21.964550323056951, 62.410079657377516 ], [ 21.771820480731456, 62.402964030428407 ], [ 21.787392461730956, 62.313575340249436 ], [ 21.97955427588515, 62.320664123304347 ] ] ] } },
{ "type": "Feature", "properties": { "cell_id": 2419, "stable_forest_class": "birch-spruce", "class_fraction_2019": 0.703652, "class_fraction_2021": 0.759609, "class_fraction_2023": 0.719493, "stable_class_min_fraction": 0.703652, "productive_fraction_2019": 0.738194, "productive_fraction_2021": 0.737797, "productive_fraction_2023": 0.738135, "min_productive_fraction": 0.737797, "target_landscape_fraction_2019": 0.519432, "target_landscape_fraction_2021": 0.560437, "target_landscape_fraction_2023": 0.531083, "min_target_landscape_fraction": 0.519432, "koppen_code": 27.0, "koppen_class": "Dfc", "koppen_fraction": 1.0, "north_south": "south", "east_west": "east", "geo_quadrant": "south-east", "admin1_name": "Northern Savonia", "admin1_code": "FI-15", "admin1_fraction": 1.0, "center_x": 505000.0, "center_y": 6975000.0 }, "geometry": { "type": "Polygon", "coordinates": [ [ [ 27.196482914788213, 62.859944002865682 ], [ 27.197084595344329, 62.94969754335586 ], [ 27.0, 62.949835023006429 ], [ 27.0, 62.86008095475681 ], [ 27.196482914788213, 62.859944002865682 ] ] ] } },
{ "type": "Feature", "properties": { "cell_id": 1231, "stable_forest_class": "pine", "class_fraction_2019": 0.720042, "class_fraction_2021": 0.753536, "class_fraction_2023": 0.76488, "stable_class_min_fraction": 0.720042, "productive_fraction_2019": 0.7213, "productive_fraction_2021": 0.721748, "productive_fraction_2023": 0.722209, "min_productive_fraction": 0.7213, "target_landscape_fraction_2019": 0.519366, "target_landscape_fraction_2021": 0.543863, "target_landscape_fraction_2023": 0.552403, "min_target_landscape_fraction": 0.519366, "koppen_code": 26.0, "koppen_class": "Dfb", "koppen_fraction": 1.0, "north_south": "south", "east_west": "east", "geo_quadrant": "south-east", "admin1_name": "Southern Savonia", "admin1_code": "FI-04", "admin1_fraction": 0.976253, "center_x": 505000.0, "center_y": 6795000.0 }, "geometry": { "type": "Polygon", "coordinates": [ [ [ 27.186323442173201, 61.244180213207322 ], [ 27.186856381989756, 61.333954939794594 ], [ 27.0, 61.33408338625641 ], [ 27.0, 61.244308185153137 ], [ 27.186323442173201, 61.244180213207322 ] ] ] } },
{ "type": "Feature", "properties": { "cell_id": 2728, "stable_forest_class": "pine", "class_fraction_2019": 0.80774, "class_fraction_2021": 0.782241, "class_fraction_2023": 0.793666, "stable_class_min_fraction": 0.782241, "productive_fraction_2019": 0.666947, "productive_fraction_2021": 0.663398, "productive_fraction_2023": 0.66357, "min_productive_fraction": 0.663398, "target_landscape_fraction_2019": 0.53872, "target_landscape_fraction_2021": 0.518938, "target_landscape_fraction_2023": 0.526653, "min_target_landscape_fraction": 0.518938, "koppen_code": 26.0, "koppen_class": "Dfb", "koppen_fraction": 0.605364, "north_south": "south", "east_west": "west", "geo_quadrant": "south-west", "admin1_name": "Southern Ostrobothnia", "admin1_code": "FI-03", "admin1_fraction": 0.998657, "center_x": 295000.0, "center_y": 7025000.0 }, "geometry": { "type": "Polygon", "coordinates": [ [ [ 23.015101785807779, 63.253066720382883 ], [ 23.00269970320803, 63.342598063566193 ], [ 22.803461968136887, 63.336867779156684 ], [ 22.816477906939646, 63.247358597629365 ], [ 23.015101785807779, 63.253066720382883 ] ] ] } },
{ "type": "Feature", "properties": { "cell_id": 2861, "stable_forest_class": "pine", "class_fraction_2019": 0.725908, "class_fraction_2021": 0.766313, "class_fraction_2023": 0.749076, "stable_class_min_fraction": 0.725908, "productive_fraction_2019": 0.713779, "productive_fraction_2021": 0.703311, "productive_fraction_2023": 0.704474, "min_productive_fraction": 0.703311, "target_landscape_fraction_2019": 0.518138, "target_landscape_fraction_2021": 0.538957, "target_landscape_fraction_2023": 0.527704, "min_target_landscape_fraction": 0.518138, "koppen_code": 26.0, "koppen_class": "Dfb", "koppen_fraction": 0.890566, "north_south": "north", "east_west": "west", "geo_quadrant": "north-west", "admin1_name": "Ostrobothnia", "admin1_code": "FI-12", "admin1_fraction": 1.0, "center_x": 305000.0, "center_y": 7045000.0 }, "geometry": { "type": "Polygon", "coordinates": [ [ [ 23.190154359848229, 63.43760039824523 ], [ 23.178200461232706, 63.527148106259432 ], [ 22.977633253701217, 63.521653265143101 ], [ 22.990210485054764, 63.43212691552597 ], [ 23.190154359848229, 63.43760039824523 ] ] ] } },
{ "type": "Feature", "properties": { "cell_id": 3060, "stable_forest_class": "pine-spruce", "class_fraction_2019": 0.824592, "class_fraction_2021": 0.832961, "class_fraction_2023": 0.827421, "stable_class_min_fraction": 0.824592, "productive_fraction_2019": 0.62486, "productive_fraction_2021": 0.621993, "productive_fraction_2023": 0.626852, "min_productive_fraction": 0.621993, "target_landscape_fraction_2019": 0.515255, "target_landscape_fraction_2021": 0.518096, "target_landscape_fraction_2023": 0.518671, "min_target_landscape_fraction": 0.515255, "koppen_code": 26.0, "koppen_class": "Dfb", "koppen_fraction": 1.0, "north_south": "north", "east_west": "west", "geo_quadrant": "north-west", "admin1_name": "Central Ostrobothnia", "admin1_code": "FI-07", "admin1_fraction": 0.709359, "center_x": 315000.0, "center_y": 7075000.0 }, "geometry": { "type": "Polygon", "coordinates": [ [ [ 23.35595149208152, 63.711491739706524 ], [ 23.344378865334249, 63.801052939807434 ], [ 23.141828125236572, 63.795776911527838 ], [ 23.154038207569677, 63.706236373087762 ], [ 23.35595149208152, 63.711491739706524 ] ] ] } },
{ "type": "Feature", "properties": { "cell_id": 2566, "stable_forest_class": "birch-pine", "class_fraction_2019": 0.842378, "class_fraction_2021": 0.828265, "class_fraction_2023": 0.854216, "stable_class_min_fraction": 0.828265, "productive_fraction_2019": 0.606996, "productive_fraction_2021": 0.606587, "productive_fraction_2023": 0.605399, "min_productive_fraction": 0.605399, "target_landscape_fraction_2019": 0.511321, "target_landscape_fraction_2021": 0.502415, "target_landscape_fraction_2023": 0.517141, "min_target_landscape_fraction": 0.502415, "koppen_code": 27.0, "koppen_class": "Dfc", "koppen_fraction": 1.0, "north_south": "south", "east_west": "east", "geo_quadrant": "south-east", "admin1_name": "North Karelia", "admin1_code": "FI-13", "admin1_fraction": 1.0, "center_x": 655000.0, "center_y": 6995000.0 }, "geometry": { "type": "Polygon", "coordinates": [ [ [ 30.16017992547372, 63.004287575452864 ], [ 30.169912682381096, 63.093902854972704 ], [ 29.972122711423037, 63.098190766636158 ], [ 29.962994996965989, 63.008558989005628 ], [ 30.16017992547372, 63.004287575452864 ] ] ] } },
{ "type": "Feature", "properties": { "cell_id": 4585, "stable_forest_class": "birch-spruce", "class_fraction_2019": 0.706976, "class_fraction_2021": 0.758986, "class_fraction_2023": 0.789565, "stable_class_min_fraction": 0.706976, "productive_fraction_2019": 0.694748, "productive_fraction_2021": 0.67636, "productive_fraction_2023": 0.68254, "min_productive_fraction": 0.67636, "target_landscape_fraction_2019": 0.49117, "target_landscape_fraction_2021": 0.513348, "target_landscape_fraction_2023": 0.538909, "min_target_landscape_fraction": 0.49117, "koppen_code": 27.0, "koppen_class": "Dfc", "koppen_fraction": 1.0, "north_south": "north", "east_west": "west", "geo_quadrant": "north-west", "admin1_name": "Lapland", "admin1_code": "FI-10", "admin1_fraction": 0.932347, "center_x": 385000.0, "center_y": 7305000.0 }, "geometry": { "type": "Polygon", "coordinates": [ [ [ 24.594493683776733, 65.802472465484897 ], [ 24.586091119587667, 65.892110914778868 ], [ 24.366916223510671, 65.888505330997091 ], [ 24.376079663539173, 65.798881900352157 ], [ 24.594493683776733, 65.802472465484897 ] ] ] } },
{ "type": "Feature", "properties": { "cell_id": 871, "stable_forest_class": "pine", "class_fraction_2019": 0.767387, "class_fraction_2021": 0.789079, "class_fraction_2023": 0.712805, "stable_class_min_fraction": 0.712805, "productive_fraction_2019": 0.687268, "productive_fraction_2021": 0.681664, "productive_fraction_2023": 0.687511, "min_productive_fraction": 0.681664, "target_landscape_fraction_2019": 0.527401, "target_landscape_fraction_2021": 0.537887, "target_landscape_fraction_2023": 0.490061, "min_target_landscape_fraction": 0.490061, "koppen_code": 26.0, "koppen_class": "Dfb", "koppen_fraction": 1.0, "north_south": "south", "east_west": "west", "geo_quadrant": "south-west", "admin1_name": "Finland Proper", "admin1_code": "FI-19", "admin1_fraction": 1.0, "center_x": 205000.0, "center_y": 6745000.0 }, "geometry": { "type": "Polygon", "coordinates": [ [ [ 21.68584855481031, 60.690014027698567 ], [ 21.671012921644916, 60.779409540039858 ], [ 21.488235992947654, 60.772007998980875 ], [ 21.503574305714299, 60.682639378241873 ], [ 21.68584855481031, 60.690014027698567 ] ] ] } },
{ "type": "Feature", "properties": { "cell_id": 1304, "stable_forest_class": "pine", "class_fraction_2019": 0.806308, "class_fraction_2021": 0.773767, "class_fraction_2023": 0.769498, "stable_class_min_fraction": 0.769498, "productive_fraction_2019": 0.618872, "productive_fraction_2021": 0.618501, "productive_fraction_2023": 0.616622, "min_productive_fraction": 0.616622, "target_landscape_fraction_2019": 0.499002, "target_landscape_fraction_2021": 0.478576, "target_landscape_fraction_2023": 0.474489, "min_target_landscape_fraction": 0.474489, "koppen_code": 26.0, "koppen_class": "Dfb", "koppen_fraction": 1.0, "north_south": "south", "east_west": "east", "geo_quadrant": "south-east", "admin1_name": "South Karelia", "admin1_code": "FI-02", "admin1_fraction": 0.994312, "center_x": 575000.0, "center_y": 6805000.0 }, "geometry": { "type": "Polygon", "coordinates": [ [ [ 28.494555642695985, 61.325864395776861 ], [ 28.498844534156319, 61.415607872247456 ], [ 28.311551071795293, 61.417541062440833 ], [ 28.307797714523677, 61.327790433153815 ], [ 28.494555642695985, 61.325864395776861 ] ] ] } },
{ "type": "Feature", "properties": { "cell_id": 4718, "stable_forest_class": "birch-spruce", "class_fraction_2019": 0.70254, "class_fraction_2021": 0.713548, "class_fraction_2023": 0.781936, "stable_class_min_fraction": 0.70254, "productive_fraction_2019": 0.674772, "productive_fraction_2021": 0.667604, "productive_fraction_2023": 0.64874, "min_productive_fraction": 0.64874, "target_landscape_fraction_2019": 0.474055, "target_landscape_fraction_2021": 0.476368, "target_landscape_fraction_2023": 0.507273, "min_target_landscape_fraction": 0.474055, "koppen_code": 27.0, "koppen_class": "Dfc", "koppen_fraction": 1.0, "north_south": "north", "east_west": "west", "geo_quadrant": "north-west", "admin1_name": "Lapland", "admin1_code": "FI-10", "admin1_fraction": 1.0, "center_x": 395000.0, "center_y": 7325000.0 }, "geometry": { "type": "Polygon", "coordinates": [ [ [ 24.797630898457449, 65.985054210226778 ], [ 24.789871344730877, 66.074703344135159 ], [ 24.569090810777691, 66.071382973772614 ], [ 24.577623736991818, 65.98174775196496 ], [ 24.797630898457449, 65.985054210226778 ] ] ] } },
{ "type": "Feature", "properties": { "cell_id": 3059, "stable_forest_class": "pine-spruce", "class_fraction_2019": 0.843247, "class_fraction_2021": 0.855188, "class_fraction_2023": 0.81744, "stable_class_min_fraction": 0.81744, "productive_fraction_2019": 0.584771, "productive_fraction_2021": 0.585208, "productive_fraction_2023": 0.579492, "min_productive_fraction": 0.579492, "target_landscape_fraction_2019": 0.493106, "target_landscape_fraction_2021": 0.500463, "target_landscape_fraction_2023": 0.4737, "min_target_landscape_fraction": 0.4737, "koppen_code": 26.0, "koppen_class": "Dfb", "koppen_fraction": 1.0, "north_south": "north", "east_west": "west", "geo_quadrant": "north-west", "admin1_name": "Ostrobothnia", "admin1_code": "FI-12", "admin1_fraction": 0.761676, "center_x": 305000.0, "center_y": 7075000.0 }, "geometry": { "type": "Polygon", "coordinates": [ [ [ 23.154038207569677, 63.706236373087762 ], [ 23.141828125236572, 63.795776911527838 ], [ 22.939364524666139, 63.79021718609421 ], [ 22.95221118124006, 63.700698411991858 ], [ 23.154038207569677, 63.706236373087762 ] ] ] } },
{ "type": "Feature", "properties": { "cell_id": 6044, "stable_forest_class": "spruce", "class_fraction_2019": 0.713575, "class_fraction_2021": 0.838076, "class_fraction_2023": 0.753742, "stable_class_min_fraction": 0.713575, "productive_fraction_2019": 0.659878, "productive_fraction_2021": 0.654756, "productive_fraction_2023": 0.644122, "min_productive_fraction": 0.644122, "target_landscape_fraction_2019": 0.470873, "target_landscape_fraction_2021": 0.548735, "target_landscape_fraction_2023": 0.485502, "min_target_landscape_fraction": 0.470873, "koppen_code": 27.0, "koppen_class": "Dfc", "koppen_fraction": 1.0, "north_south": "north", "east_west": "west", "geo_quadrant": "north-west", "admin1_name": "Lapland", "admin1_code": "FI-10", "admin1_fraction": 1.0, "center_x": 455000.0, "center_y": 7525000.0 }, "geometry": { "type": "Polygon", "coordinates": [ [ [ 26.051640745720601, 67.792170992586549 ], [ 26.047992693609597, 67.881853710780817 ], [ 25.810048098251261, 67.880300605671906 ], [ 25.814607474816071, 67.790624806966207 ], [ 26.051640745720601, 67.792170992586549 ] ] ] } },
{ "type": "Feature", "properties": { "cell_id": 6045, "stable_forest_class": "spruce", "class_fraction_2019": 0.756032, "class_fraction_2021": 0.828488, "class_fraction_2023": 0.838967, "stable_class_min_fraction": 0.756032, "productive_fraction_2019": 0.622653, "productive_fraction_2021": 0.618468, "productive_fraction_2023": 0.611866, "min_productive_fraction": 0.611866, "target_landscape_fraction_2019": 0.470746, "target_landscape_fraction_2021": 0.512393, "target_landscape_fraction_2023": 0.513335, "min_target_landscape_fraction": 0.470746, "koppen_code": 27.0, "koppen_class": "Dfc", "koppen_fraction": 1.0, "north_south": "north", "east_west": "east", "geo_quadrant": "north-east", "admin1_name": "Lapland", "admin1_code": "FI-10", "admin1_fraction": 1.0, "center_x": 465000.0, "center_y": 7525000.0 }, "geometry": { "type": "Polygon", "coordinates": [ [ [ 26.288704168594407, 67.793373671410009 ], [ 26.285967808092543, 67.883061772468878 ], [ 26.047992693609597, 67.881853710780817 ], [ 26.051640745720601, 67.792170992586549 ], [ 26.288704168594407, 67.793373671410009 ] ] ] } },
{ "type": "Feature", "properties": { "cell_id": 6111, "stable_forest_class": "spruce", "class_fraction_2019": 0.863978, "class_fraction_2021": 0.938816, "class_fraction_2023": 0.906045, "stable_class_min_fraction": 0.863978, "productive_fraction_2019": 0.537393, "productive_fraction_2021": 0.538926, "productive_fraction_2023": 0.531149, "min_productive_fraction": 0.531149, "target_landscape_fraction_2019": 0.464296, "target_landscape_fraction_2021": 0.505953, "target_landscape_fraction_2023": 0.481245, "min_target_landscape_fraction": 0.464296, "koppen_code": 27.0, "koppen_class": "Dfc", "koppen_fraction": 1.0, "north_south": "north", "east_west": "east", "geo_quadrant": "north-east", "admin1_name": "Lapland", "admin1_code": "FI-10", "admin1_fraction": 1.0, "center_x": 465000.0, "center_y": 7535000.0 }, "geometry": { "type": "Polygon", "coordinates": [ [ [ 26.285967808092543, 67.883061772468878 ], [ 26.283208552243419, 67.97274883081765 ], [ 26.044314121373993, 67.971535344670258 ], [ 26.047992693609597, 67.881853710780817 ], [ 26.285967808092543, 67.883061772468878 ] ] ] } },
{ "type": "Feature", "properties": { "cell_id": 2407, "stable_forest_class": "birch-pine", "class_fraction_2019": 0.807942, "class_fraction_2021": 0.793515, "class_fraction_2023": 0.813561, "stable_class_min_fraction": 0.793515, "productive_fraction_2019": 0.569585, "productive_fraction_2021": 0.568338, "productive_fraction_2023": 0.568351, "min_productive_fraction": 0.568338, "target_landscape_fraction_2019": 0.460191, "target_landscape_fraction_2021": 0.450985, "target_landscape_fraction_2023": 0.462388, "min_target_landscape_fraction": 0.450985, "koppen_code": 27.0, "koppen_class": "Dfc", "koppen_fraction": 1.0, "north_south": "south", "east_west": "west", "geo_quadrant": "south-west", "admin1_name": "Central Finland", "admin1_code": "FI-08", "admin1_fraction": 1.0, "center_x": 385000.0, "center_y": 6975000.0 }, "geometry": { "type": "Polygon", "coordinates": [ [ [ 24.839598266931773, 62.84351641013518 ], [ 24.832988814012445, 62.933206680962947 ], [ 24.636179847214361, 62.930047447858563 ], [ 24.643388273685019, 62.840369289809971 ], [ 24.839598266931773, 62.84351641013518 ] ] ] } },
{ "type": "Feature", "properties": { "cell_id": 2858, "stable_forest_class": "pine-spruce", "class_fraction_2019": 0.766222, "class_fraction_2021": 0.795267, "class_fraction_2023": 0.765868, "stable_class_min_fraction": 0.765868, "productive_fraction_2019": 0.586808, "productive_fraction_2021": 0.605727, "productive_fraction_2023": 0.599188, "min_productive_fraction": 0.586808, "target_landscape_fraction_2019": 0.449625, "target_landscape_fraction_2021": 0.481714, "target_landscape_fraction_2023": 0.458899, "min_target_landscape_fraction": 0.449625, "koppen_code": 26.0, "koppen_class": "Dfb", "koppen_fraction": 1.0, "north_south": "north", "east_west": "west", "geo_quadrant": "north-west", "admin1_name": "Ostrobothnia", "admin1_code": "FI-12", "admin1_fraction": 0.889083, "center_x": 275000.0, "center_y": 7045000.0 }, "geometry": { "type": "Polygon", "coordinates": [ [ [ 22.590591083789306, 63.420342884026908 ], [ 22.5767698984349, 63.509823278348243 ], [ 22.376482453399611, 63.503488623273739 ], [ 22.390924174194708, 63.414032821268492 ], [ 22.590591083789306, 63.420342884026908 ] ] ] } },
{ "type": "Feature", "properties": { "cell_id": 3124, "stable_forest_class": "pine-spruce", "class_fraction_2019": 0.816545, "class_fraction_2021": 0.884752, "class_fraction_2023": 0.85842, "stable_class_min_fraction": 0.816545, "productive_fraction_2019": 0.528571, "productive_fraction_2021": 0.56299, "productive_fraction_2023": 0.563628, "min_productive_fraction": 0.528571, "target_landscape_fraction_2019": 0.431602, "target_landscape_fraction_2021": 0.498106, "target_landscape_fraction_2023": 0.483829, "min_target_landscape_fraction": 0.431602, "koppen_code": 26.0, "koppen_class": "Dfb", "koppen_fraction": 1.0, "north_south": "north", "east_west": "west", "geo_quadrant": "north-west", "admin1_name": "Ostrobothnia", "admin1_code": "FI-12", "admin1_fraction": 0.031597, "center_x": 295000.0, "center_y": 7085000.0 }, "geometry": { "type": "Polygon", "coordinates": [ [ [ 22.939364524666139, 63.79021718609421 ], [ 22.926426223545249, 63.879733411588973 ], [ 22.723414127185649, 63.873867213972204 ], [ 22.736992566525913, 63.784373998245165 ], [ 22.939364524666139, 63.79021718609421 ] ] ] } },
{ "type": "Feature", "properties": { "cell_id": 821, "stable_forest_class": "birch-spruce", "class_fraction_2019": 0.722227, "class_fraction_2021": 0.75, "class_fraction_2023": 0.704254, "stable_class_min_fraction": 0.704254, "productive_fraction_2019": 0.610647, "productive_fraction_2021": 0.608696, "productive_fraction_2023": 0.611866, "min_productive_fraction": 0.608696, "target_landscape_fraction_2019": 0.441026, "target_landscape_fraction_2021": 0.456522, "target_landscape_fraction_2023": 0.430909, "min_target_landscape_fraction": 0.430909, "koppen_code": 26.0, "koppen_class": "Dfb", "koppen_fraction": 1.0, "north_south": "south", "east_west": "west", "geo_quadrant": "south-west", "admin1_name": "Tavastia Proper", "admin1_code": "FI-06", "admin1_fraction": 1.0, "center_x": 365000.0, "center_y": 6735000.0 }, "geometry": { "type": "Polygon", "coordinates": [ [ [ 24.619626879428317, 60.684486716325551 ], [ 24.61297535625032, 60.774191706401986 ], [ 24.429567337933676, 60.77080310652795 ], [ 24.436728616060954, 60.681110470714081 ], [ 24.619626879428317, 60.684486716325551 ] ] ] } },
{ "type": "Feature", "properties": { "cell_id": 4584, "stable_forest_class": "birch-spruce", "class_fraction_2019": 0.717846, "class_fraction_2021": 0.776412, "class_fraction_2023": 0.830411, "stable_class_min_fraction": 0.717846, "productive_fraction_2019": 0.59348, "productive_fraction_2021": 0.584115, "productive_fraction_2023": 0.587297, "min_productive_fraction": 0.584115, "target_landscape_fraction_2019": 0.426027, "target_landscape_fraction_2021": 0.453514, "target_landscape_fraction_2023": 0.487698, "min_target_landscape_fraction": 0.426027, "koppen_code": 27.0, "koppen_class": "Dfc", "koppen_fraction": 1.0, "north_south": "north", "east_west": "west", "geo_quadrant": "north-west", "admin1_name": "Lapland", "admin1_code": "FI-10", "admin1_fraction": 0.923619, "center_x": 375000.0, "center_y": 7305000.0 }, "geometry": { "type": "Polygon", "coordinates": [ [ [ 24.376079663539173, 65.798881900352157 ], [ 24.366916223510671, 65.888505330997091 ], [ 24.147811991645884, 65.884586982247683 ], [ 24.157735528895813, 65.794979868276954 ], [ 24.376079663539173, 65.798881900352157 ] ] ] } },
{ "type": "Feature", "properties": { "cell_id": 703, "stable_forest_class": "birch-pine", "class_fraction_2019": 0.83244, "class_fraction_2021": 0.749333, "class_fraction_2023": 0.801833, "stable_class_min_fraction": 0.749333, "productive_fraction_2019": 0.541376, "productive_fraction_2021": 0.558543, "productive_fraction_2023": 0.535268, "min_productive_fraction": 0.535268, "target_landscape_fraction_2019": 0.450663, "target_landscape_fraction_2021": 0.418535, "target_landscape_fraction_2023": 0.429196, "min_target_landscape_fraction": 0.418535, "koppen_code": 26.0, "koppen_class": "Dfb", "koppen_fraction": 1.0, "north_south": "south", "east_west": "east", "geo_quadrant": "south-east", "admin1_name": "Kymenlaakso", "admin1_code": "FI-09", "admin1_fraction": 0.906396, "center_x": 505000.0, "center_y": 6715000.0 }, "geometry": { "type": "Polygon", "coordinates": [ [ [ 27.182182746395803, 60.525938990358682 ], [ 27.182688681943919, 60.615723385542871 ], [ 27.0, 60.615848109984093 ], [ 27.0, 60.526063261165213 ], [ 27.182182746395803, 60.525938990358682 ] ] ] } },
{ "type": "Feature", "properties": { "cell_id": 1088, "stable_forest_class": "birch-spruce", "class_fraction_2019": 0.749447, "class_fraction_2021": 0.739615, "class_fraction_2023": 0.755173, "stable_class_min_fraction": 0.739615, "productive_fraction_2019": 0.561498, "productive_fraction_2021": 0.561249, "productive_fraction_2023": 0.559736, "min_productive_fraction": 0.559736, "target_landscape_fraction_2019": 0.420813, "target_landscape_fraction_2021": 0.415108, "target_landscape_fraction_2023": 0.422698, "min_target_landscape_fraction": 0.415108, "koppen_code": 26.0, "koppen_class": "Dfb", "koppen_fraction": 1.0, "north_south": "south", "east_west": "west", "geo_quadrant": "south-west", "admin1_name": "Tavastia Proper", "admin1_code": "FI-06", "admin1_fraction": 1.0, "center_x": 395000.0, "center_y": 6775000.0 }, "geometry": { "type": "Polygon", "coordinates": [ [ [ 25.14788435781691, 61.052054876935472 ], [ 25.142629591010678, 61.141785593564208 ], [ 24.957025334450886, 61.139109872925715 ], [ 24.962804355960184, 61.049388993159859 ], [ 25.14788435781691, 61.052054876935472 ] ] ] } },
{ "type": "Feature", "properties": { "cell_id": 2557, "stable_forest_class": "birch-spruce", "class_fraction_2019": 0.774948, "class_fraction_2021": 0.774387, "class_fraction_2023": 0.823769, "stable_class_min_fraction": 0.774387, "productive_fraction_2019": 0.536113, "productive_fraction_2021": 0.535754, "productive_fraction_2023": 0.534572, "min_productive_fraction": 0.534572, "target_landscape_fraction_2019": 0.415459, "target_landscape_fraction_2021": 0.414881, "target_landscape_fraction_2023": 0.440364, "min_target_landscape_fraction": 0.414881, "koppen_code": 27.0, "koppen_class": "Dfc", "koppen_fraction": 1.0, "north_south": "south", "east_west": "east", "geo_quadrant": "south-east", "admin1_name": "Northern Savonia", "admin1_code": "FI-15", "admin1_fraction": 1.0, "center_x": 565000.0, "center_y": 6995000.0 }, "geometry": { "type": "Polygon", "coordinates": [ [ [ 28.383596744743777, 63.03282651461199 ], [ 28.387864988251458, 63.122552116612347 ], [ 28.189653990032181, 63.124352687567956 ], [ 28.185994947219193, 63.034620144703133 ], [ 28.383596744743777, 63.03282651461199 ] ] ] } },
{ "type": "Feature", "properties": { "cell_id": 3393, "stable_forest_class": "pine", "class_fraction_2019": 0.825999, "class_fraction_2021": 0.772072, "class_fraction_2023": 0.76407, "stable_class_min_fraction": 0.76407, "productive_fraction_2019": 0.558277, "productive_fraction_2021": 0.531049, "productive_fraction_2023": 0.546102, "min_productive_fraction": 0.531049, "target_landscape_fraction_2019": 0.461136, "target_landscape_fraction_2021": 0.410008, "target_landscape_fraction_2023": 0.41726, "min_target_landscape_fraction": 0.410008, "koppen_code": 26.0, "koppen_class": "Dfb", "koppen_fraction": 0.6, "north_south": "north", "east_west": "west", "geo_quadrant": "north-west", "admin1_name": "Northern Ostrobothnia", "admin1_code": "FI-14", "admin1_fraction": 0.608558, "center_x": 345000.0, "center_y": 7125000.0 }, "geometry": { "type": "Polygon", "coordinates": [ [ [ 23.913189729347387, 64.173623534791489 ], [ 23.903182040793702, 64.263230389087923 ], [ 23.69712872652255, 64.258718357450562 ], [ 23.707799451251788, 64.169129407786613 ], [ 23.913189729347387, 64.173623534791489 ] ] ] } },
{ "type": "Feature", "properties": { "cell_id": 1906, "stable_forest_class": "birch-pine", "class_fraction_2019": 0.756413, "class_fraction_2021": 0.780013, "class_fraction_2023": 0.734829, "stable_class_min_fraction": 0.734829, "productive_fraction_2019": 0.555717, "productive_fraction_2021": 0.558687, "productive_fraction_2023": 0.556554, "min_productive_fraction": 0.555717, "target_landscape_fraction_2019": 0.420352, "target_landscape_fraction_2021": 0.435783, "target_landscape_fraction_2023": 0.408972, "min_target_landscape_fraction": 0.408972, "koppen_code": 26.0, "koppen_class": "Dfb", "koppen_fraction": 0.787402, "north_south": "south", "east_west": "east", "geo_quadrant": "south-east", "admin1_name": "North Karelia", "admin1_code": "FI-13", "admin1_fraction": 1.0, "center_x": 655000.0, "center_y": 6895000.0 }, "geometry": { "type": "Polygon", "coordinates": [ [ [ 30.066442406687557, 62.108026673925728 ], [ 30.075531830552855, 62.197661529745453 ], [ 29.883609964960431, 62.201788875192847 ], [ 29.875085774546999, 62.112138484959715 ], [ 30.066442406687557, 62.108026673925728 ] ] ] } },
{ "type": "Feature", "properties": { "cell_id": 1365, "stable_forest_class": "birch-pine", "class_fraction_2019": 0.83053, "class_fraction_2021": 0.84324, "class_fraction_2023": 0.821065, "stable_class_min_fraction": 0.821065, "productive_fraction_2019": 0.494886, "productive_fraction_2021": 0.496115, "productive_fraction_2023": 0.496448, "min_productive_fraction": 0.494886, "target_landscape_fraction_2019": 0.411018, "target_landscape_fraction_2021": 0.418344, "target_landscape_fraction_2023": 0.407616, "min_target_landscape_fraction": 0.407616, "koppen_code": 26.0, "koppen_class": "Dfb", "koppen_fraction": 1.0, "north_south": "south", "east_west": "east", "geo_quadrant": "south-east", "admin1_name": "Southern Savonia", "admin1_code": "FI-04", "admin1_fraction": 1.0, "center_x": 525000.0, "center_y": 6815000.0 }, "geometry": { "type": "Polygon", "coordinates": [ [ [ 27.562164315903615, 61.422697107374063 ], [ 27.563784209425705, 61.512465600861567 ], [ 27.375862113526754, 61.513112595313551 ], [ 27.374782128786379, 61.423341702104139 ], [ 27.562164315903615, 61.422697107374063 ] ] ] } },
{ "type": "Feature", "properties": { "cell_id": 2491, "stable_forest_class": "birch-spruce", "class_fraction_2019": 0.773781, "class_fraction_2021": 0.750714, "class_fraction_2023": 0.761104, "stable_class_min_fraction": 0.750714, "productive_fraction_2019": 0.541507, "productive_fraction_2021": 0.542538, "productive_fraction_2023": 0.541012, "min_productive_fraction": 0.541012, "target_landscape_fraction_2019": 0.419008, "target_landscape_fraction_2021": 0.407291, "target_landscape_fraction_2023": 0.411767, "min_target_landscape_fraction": 0.407291, "koppen_code": 27.0, "koppen_class": "Dfc", "koppen_fraction": 1.0, "north_south": "south", "east_west": "east", "geo_quadrant": "south-east", "admin1_name": "Northern Savonia", "admin1_code": "FI-15", "admin1_fraction": 1.0, "center_x": 565000.0, "center_y": 6985000.0 }, "geometry": { "type": "Polygon", "coordinates": [ [ [ 28.37935803719472, 62.943099605128843 ], [ 28.383596744743777, 63.03282651461199 ], [ 28.185994947219193, 63.034620144703133 ], [ 28.182361228192725, 62.944886336875854 ], [ 28.37935803719472, 62.943099605128843 ] ] ] } },
{ "type": "Feature", "properties": { "cell_id": 1170, "stable_forest_class": "birch-pine", "class_fraction_2019": 0.803645, "class_fraction_2021": 0.788265, "class_fraction_2023": 0.798049, "stable_class_min_fraction": 0.788265, "productive_fraction_2019": 0.512614, "productive_fraction_2021": 0.5122, "productive_fraction_2023": 0.515003, "min_productive_fraction": 0.5122, "target_landscape_fraction_2019": 0.41196, "target_landscape_fraction_2021": 0.403749, "target_landscape_fraction_2023": 0.410998, "min_target_landscape_fraction": 0.403749, "koppen_code": 26.0, "koppen_class": "Dfb", "koppen_fraction": 1.0, "north_south": "south", "east_west": "east", "geo_quadrant": "south-east", "admin1_name": "South Karelia", "admin1_code": "FI-02", "admin1_fraction": 1.0, "center_x": 555000.0, "center_y": 6785000.0 }, "geometry": { "type": "Polygon", "coordinates": [ [ [ 28.114643086023566, 61.149942268173874 ], [ 28.11781868502737, 61.239701685614953 ], [ 27.931547510408024, 61.241109120096539 ], [ 27.928900882858382, 61.151344514847835 ], [ 28.114643086023566, 61.149942268173874 ] ] ] } },
{ "type": "Feature", "properties": { "cell_id": 481, "stable_forest_class": "birch-pine", "class_fraction_2019": 0.810816, "class_fraction_2021": 0.831302, "class_fraction_2023": 0.831273, "stable_class_min_fraction": 0.810816, "productive_fraction_2019": 0.49281, "productive_fraction_2021": 0.494182, "productive_fraction_2023": 0.477204, "min_productive_fraction": 0.477204, "target_landscape_fraction_2019": 0.399578, "target_landscape_fraction_2021": 0.410815, "target_landscape_fraction_2023": 0.396687, "min_target_landscape_fraction": 0.396687, "koppen_code": 26.0, "koppen_class": "Dfb", "koppen_fraction": 1.0, "north_south": "south", "east_west": "west", "geo_quadrant": "south-west", "admin1_name": "Finland Proper", "admin1_code": "FI-19", "admin1_fraction": 0.69477, "center_x": 265000.0, "center_y": 6685000.0 }, "geometry": { "type": "Polygon", "coordinates": [ [ [ 22.850623953059458, 60.191773004908626 ], [ 22.839266272113491, 60.281326300038799 ], [ 22.658959192363099, 60.27554635149643 ], [ 22.670805384320634, 60.186013874270728 ], [ 22.850623953059458, 60.191773004908626 ] ] ] } },
{ "type": "Feature", "properties": { "cell_id": 5915, "stable_forest_class": "birch-pine", "class_fraction_2019": 0.821338, "class_fraction_2021": 0.838603, "class_fraction_2023": 0.817366, "stable_class_min_fraction": 0.817366, "productive_fraction_2019": 0.508012, "productive_fraction_2021": 0.495014, "productive_fraction_2023": 0.481725, "min_productive_fraction": 0.481725, "target_landscape_fraction_2019": 0.417249, "target_landscape_fraction_2021": 0.415121, "target_landscape_fraction_2023": 0.393746, "min_target_landscape_fraction": 0.393746, "koppen_code": 27.0, "koppen_class": "Dfc", "koppen_fraction": 1.0, "north_south": "north", "east_west": "east", "geo_quadrant": "north-east", "admin1_name": "Lapland", "admin1_code": "FI-10", "admin1_fraction": 1.0, "center_x": 485000.0, "center_y": 7505000.0 }, "geometry": { "type": "Polygon", "coordinates": [ [ [ 26.764693284396653, 67.615356751976165 ], [ 26.763796035188392, 67.705053005655358 ], [ 26.527599521654981, 67.704539813525003 ], [ 26.529393931121763, 67.614845832318181 ], [ 26.764693284396653, 67.615356751976165 ] ] ] } },
{ "type": "Feature", "properties": { "cell_id": 2595, "stable_forest_class": "birch-pine", "class_fraction_2019": 0.863913, "class_fraction_2021": 0.848809, "class_fraction_2023": 0.809883, "stable_class_min_fraction": 0.809883, "productive_fraction_2019": 0.484265, "productive_fraction_2021": 0.474345, "productive_fraction_2023": 0.475113, "min_productive_fraction": 0.474345, "target_landscape_fraction_2019": 0.418363, "target_landscape_fraction_2021": 0.402628, "target_landscape_fraction_2023": 0.384786, "min_target_landscape_fraction": 0.384786, "koppen_code": 26.0, "koppen_class": "Dfb", "koppen_fraction": 0.890196, "north_south": "south", "east_west": "west", "geo_quadrant": "south-west", "admin1_name": "Southern Ostrobothnia", "admin1_code": "FI-03", "admin1_fraction": 0.937555, "center_x": 285000.0, "center_y": 7005000.0 }, "geometry": { "type": "Polygon", "coordinates": [ [ [ 22.842239180434916, 63.068332396632094 ], [ 22.829403345759435, 63.157846799408546 ], [ 22.631478694866757, 63.151885032949806 ], [ 22.644919082321916, 63.062393572450318 ], [ 22.842239180434916, 63.068332396632094 ] ] ] } },
{ "type": "Feature", "properties": { "cell_id": 2198, "stable_forest_class": "birch-pine", "class_fraction_2019": 0.839857, "class_fraction_2021": 0.850739, "class_fraction_2023": 0.831933, "stable_class_min_fraction": 0.831933, "productive_fraction_2019": 0.458355, "productive_fraction_2021": 0.46455, "productive_fraction_2023": 0.461857, "min_productive_fraction": 0.458355, "target_landscape_fraction_2019": 0.384953, "target_landscape_fraction_2021": 0.395211, "target_landscape_fraction_2023": 0.384234, "min_target_landscape_fraction": 0.384234, "koppen_code": 27.0, "koppen_class": "Dfc", "koppen_fraction": 1.0, "north_south": "south", "east_west": "west", "geo_quadrant": "south-west", "admin1_name": "Southern Ostrobothnia", "admin1_code": "FI-03", "admin1_fraction": 1.0, "center_x": 275000.0, "center_y": 6945000.0 }, "geometry": { "type": "Polygon", "coordinates": [ [ [ 22.723642937174322, 62.525387877874039 ], [ 22.710746239552709, 62.614895540672393 ], [ 22.516476060817393, 62.608800133710965 ], [ 22.529952228313149, 62.519315606437459 ], [ 22.723642937174322, 62.525387877874039 ] ] ] } },
{ "type": "Feature", "properties": { "cell_id": 1369, "stable_forest_class": "pine", "class_fraction_2019": 0.735928, "class_fraction_2021": 0.703159, "class_fraction_2023": 0.719819, "stable_class_min_fraction": 0.703159, "productive_fraction_2019": 0.543706, "productive_fraction_2021": 0.544673, "productive_fraction_2023": 0.543485, "min_productive_fraction": 0.543485, "target_landscape_fraction_2019": 0.400128, "target_landscape_fraction_2021": 0.382992, "target_landscape_fraction_2023": 0.391211, "min_target_landscape_fraction": 0.382992, "koppen_code": 26.0, "koppen_class": "Dfb", "koppen_fraction": 1.0, "north_south": "south", "east_west": "east", "geo_quadrant": "south-east", "admin1_name": "Southern Savonia", "admin1_code": "FI-04", "admin1_fraction": 1.0, "center_x": 565000.0, "center_y": 6815000.0 }, "geometry": { "type": "Polygon", "coordinates": [ [ [ 28.311551071795293, 61.417541062440833 ], [ 28.315329263722504, 61.507290364395182 ], [ 28.127471659838971, 61.508972176033964 ], [ 28.12423277526479, 61.419216638048198 ], [ 28.311551071795293, 61.417541062440833 ] ] ] } },
{ "type": "Feature", "properties": { "cell_id": 2857, "stable_forest_class": "pine-spruce", "class_fraction_2019": 0.775531, "class_fraction_2021": 0.777621, "class_fraction_2023": 0.766698, "stable_class_min_fraction": 0.766698, "productive_fraction_2019": 0.492019, "productive_fraction_2021": 0.513823, "productive_fraction_2023": 0.512855, "min_productive_fraction": 0.492019, "target_landscape_fraction_2019": 0.381576, "target_landscape_fraction_2021": 0.39956, "target_landscape_fraction_2023": 0.393205, "min_target_landscape_fraction": 0.381576, "koppen_code": 26.0, "koppen_class": "Dfb", "koppen_fraction": 1.0, "north_south": "north", "east_west": "west", "geo_quadrant": "north-west", "admin1_name": "Ostrobothnia", "admin1_code": "FI-12", "admin1_fraction": 0.606687, "center_x": 265000.0, "center_y": 7045000.0 }, "geometry": { "type": "Polygon", "coordinates": [ [ [ 22.390924174194708, 63.414032821268492 ], [ 22.376482453399611, 63.503488623273739 ], [ 22.176296943582329, 63.496874539772307 ], [ 22.191358181923082, 63.407444403299912 ], [ 22.390924174194708, 63.414032821268492 ] ] ] } },
{ "type": "Feature", "properties": { "cell_id": 3193, "stable_forest_class": "pine-spruce", "class_fraction_2019": 0.783789, "class_fraction_2021": 0.819749, "class_fraction_2023": 0.772627, "stable_class_min_fraction": 0.772627, "productive_fraction_2019": 0.4913, "productive_fraction_2021": 0.491272, "productive_fraction_2023": 0.491203, "min_productive_fraction": 0.491203, "target_landscape_fraction_2019": 0.385075, "target_landscape_fraction_2021": 0.40272, "target_landscape_fraction_2023": 0.379517, "min_target_landscape_fraction": 0.379517, "koppen_code": 26.0, "koppen_class": "Dfb", "koppen_fraction": 0.990698, "north_south": "north", "east_west": "west", "geo_quadrant": "north-west", "admin1_name": "Central Ostrobothnia", "admin1_code": "FI-07", "admin1_fraction": 0.741614, "center_x": 325000.0, "center_y": 7095000.0 }, "geometry": { "type": "Polygon", "coordinates": [ [ [ 23.53599979509757, 63.895623649926492 ], [ 23.524908458682642, 63.985200088849993 ], [ 23.320984884827322, 63.98016849282881 ], [ 23.332723612141571, 63.89061186059827 ], [ 23.53599979509757, 63.895623649926492 ] ] ] } },
{ "type": "Feature", "properties": { "cell_id": 1503, "stable_forest_class": "birch-pine", "class_fraction_2019": 0.804256, "class_fraction_2021": 0.802905, "class_fraction_2023": 0.783051, "stable_class_min_fraction": 0.783051, "productive_fraction_2019": 0.480236, "productive_fraction_2021": 0.481564, "productive_fraction_2023": 0.48042, "min_productive_fraction": 0.480236, "target_landscape_fraction_2019": 0.386232, "target_landscape_fraction_2021": 0.38665, "target_landscape_fraction_2023": 0.376193, "min_target_landscape_fraction": 0.376193, "koppen_code": 26.0, "koppen_class": "Dfb", "koppen_fraction": 1.0, "north_south": "south", "east_west": "east", "geo_quadrant": "south-east", "admin1_name": "Southern Savonia", "admin1_code": "FI-04", "admin1_fraction": 1.0, "center_x": 585000.0, "center_y": 6835000.0 }, "geometry": { "type": "Polygon", "coordinates": [ [ [ 28.695853977951327, 61.592883637334239 ], [ 28.700774775047172, 61.682614764801606 ], [ 28.51188252449608, 61.684830093815648 ], [ 28.507507706406027, 61.595090720507727 ], [ 28.695853977951327, 61.592883637334239 ] ] ] } },
{ "type": "Feature", "properties": { "cell_id": 1214, "stable_forest_class": "birch-spruce", "class_fraction_2019": 0.737744, "class_fraction_2021": 0.774054, "class_fraction_2023": 0.741987, "stable_class_min_fraction": 0.737744, "productive_fraction_2019": 0.490575, "productive_fraction_2021": 0.498737, "productive_fraction_2023": 0.498368, "min_productive_fraction": 0.490575, "target_landscape_fraction_2019": 0.361919, "target_landscape_fraction_2021": 0.386049, "target_landscape_fraction_2023": 0.369783, "min_target_landscape_fraction": 0.361919, "koppen_code": 26.0, "koppen_class": "Dfb", "koppen_fraction": 1.0, "north_south": "south", "east_west": "west", "geo_quadrant": "south-west", "admin1_name": "Pirkanmaa", "admin1_code": "FI-11", "admin1_fraction": 1.0, "center_x": 335000.0, "center_y": 6795000.0 }, "geometry": { "type": "Polygon", "coordinates": [ [ [ 24.021191567473299, 61.211572754112865 ], [ 24.012686650238027, 61.301226699725142 ], [ 23.826307469130612, 61.296995003551345 ], [ 23.835340910744382, 61.20735665637509 ], [ 24.021191567473299, 61.211572754112865 ] ] ] } },
{ "type": "Feature", "properties": { "cell_id": 2462, "stable_forest_class": "birch-pine", "class_fraction_2019": 0.784761, "class_fraction_2021": 0.816836, "class_fraction_2023": 0.77968, "stable_class_min_fraction": 0.77968, "productive_fraction_2019": 0.434447, "productive_fraction_2021": 0.430446, "productive_fraction_2023": 0.427108, "min_productive_fraction": 0.427108, "target_landscape_fraction_2019": 0.340937, "target_landscape_fraction_2021": 0.351604, "target_landscape_fraction_2023": 0.333007, "min_target_landscape_fraction": 0.333007, "koppen_code": 26.0, "koppen_class": "Dfb", "koppen_fraction": 0.996016, "north_south": "south", "east_west": "west", "geo_quadrant": "south-west", "admin1_name": "Southern Ostrobothnia", "admin1_code": "FI-03", "admin1_fraction": 1.0, "center_x": 275000.0, "center_y": 6985000.0 }, "geometry": { "type": "Polygon", "coordinates": [ [ [ 22.671522199490468, 62.883402466701604 ], [ 22.658266613041828, 62.972899379314541 ], [ 22.461638873387933, 62.966710023680086 ], [ 22.475489879047462, 62.877236812005641 ], [ 22.671522199490468, 62.883402466701604 ] ] ] } },
{ "type": "Feature", "properties": { "cell_id": 1570, "stable_forest_class": "birch-pine", "class_fraction_2019": 0.804407, "class_fraction_2021": 0.782357, "class_fraction_2023": 0.787389, "stable_class_min_fraction": 0.782357, "productive_fraction_2019": 0.422129, "productive_fraction_2021": 0.422564, "productive_fraction_2023": 0.42145, "min_productive_fraction": 0.42145, "target_landscape_fraction_2019": 0.339563, "target_landscape_fraction_2021": 0.330596, "target_landscape_fraction_2023": 0.331845, "min_target_landscape_fraction": 0.330596, "koppen_code": 26.0, "koppen_class": "Dfb", "koppen_fraction": 1.0, "north_south": "south", "east_west": "east", "geo_quadrant": "south-east", "admin1_name": "Southern Savonia", "admin1_code": "FI-04", "admin1_fraction": 1.0, "center_x": 595000.0, "center_y": 6845000.0 }, "geometry": { "type": "Polygon", "coordinates": [ [ [ 28.889634204040465, 61.680139086708252 ], [ 28.895137127619609, 61.769859532905855 ], [ 28.705728394355013, 61.772344478087199 ], [ 28.700774775047172, 61.682614764801606 ], [ 28.889634204040465, 61.680139086708252 ] ] ] } },
{ "type": "Feature", "properties": { "cell_id": 2881, "stable_forest_class": "birch-spruce", "class_fraction_2019": 0.748678, "class_fraction_2021": 0.708753, "class_fraction_2023": 0.742655, "stable_class_min_fraction": 0.708753, "productive_fraction_2019": 0.455718, "productive_fraction_2021": 0.456115, "productive_fraction_2023": 0.455035, "min_productive_fraction": 0.455035, "target_landscape_fraction_2019": 0.341186, "target_landscape_fraction_2021": 0.323273, "target_landscape_fraction_2023": 0.337934, "min_target_landscape_fraction": 0.323273, "koppen_code": 27.0, "koppen_class": "Dfc", "koppen_fraction": 1.0, "north_south": "north", "east_west": "east", "geo_quadrant": "north-east", "admin1_name": "Northern Savonia", "admin1_code": "FI-15", "admin1_fraction": 1.0, "center_x": 505000.0, "center_y": 7045000.0 }, "geometry": { "type": "Polygon", "coordinates": [ [ [ 27.20078398334492, 63.488194664860238 ], [ 27.201415834279004, 63.577940189386041 ], [ 27.0, 63.578081456011695 ], [ 27.0, 63.488335380325296 ], [ 27.20078398334492, 63.488194664860238 ] ] ] } },
{ "type": "Feature", "properties": { "cell_id": 2527, "stable_forest_class": "birch-pine", "class_fraction_2019": 0.819955, "class_fraction_2021": 0.789174, "class_fraction_2023": 0.778162, "stable_class_min_fraction": 0.778162, "productive_fraction_2019": 0.430052, "productive_fraction_2021": 0.427272, "productive_fraction_2023": 0.415071, "min_productive_fraction": 0.415071, "target_landscape_fraction_2019": 0.352623, "target_landscape_fraction_2021": 0.337191, "target_landscape_fraction_2023": 0.322992, "min_target_landscape_fraction": 0.322992, "koppen_code": 26.0, "koppen_class": "Dfb", "koppen_fraction": 1.0, "north_south": "south", "east_west": "west", "geo_quadrant": "south-west", "admin1_name": "Ostrobothnia", "admin1_code": "FI-12", "admin1_fraction": 0.985636, "center_x": 265000.0, "center_y": 6995000.0 }, "geometry": { "type": "Polygon", "coordinates": [ [ [ 22.461638873387933, 62.966710023680086 ], [ 22.447691838917152, 63.056180370997971 ], [ 22.250561574569655, 63.049693042705975 ], [ 22.265107160465917, 62.960247582486517 ], [ 22.461638873387933, 62.966710023680086 ] ] ] } },
{ "type": "Feature", "properties": { "cell_id": 2397, "stable_forest_class": "birch-pine", "class_fraction_2019": 0.84383, "class_fraction_2021": 0.87126, "class_fraction_2023": 0.808958, "stable_class_min_fraction": 0.808958, "productive_fraction_2019": 0.400712, "productive_fraction_2021": 0.398646, "productive_fraction_2023": 0.39114, "min_productive_fraction": 0.39114, "target_landscape_fraction_2019": 0.338133, "target_landscape_fraction_2021": 0.347324, "target_landscape_fraction_2023": 0.316416, "min_target_landscape_fraction": 0.316416, "koppen_code": 26.0, "koppen_class": "Dfb", "koppen_fraction": 0.94, "north_south": "south", "east_west": "west", "geo_quadrant": "south-west", "admin1_name": "Southern Ostrobothnia", "admin1_code": "FI-03", "admin1_fraction": 1.0, "center_x": 285000.0, "center_y": 6975000.0 }, "geometry": { "type": "Polygon", "coordinates": [ [ [ 22.880217841667871, 62.799773679601785 ], [ 22.867645561743384, 62.889295825045174 ], [ 22.671522199490468, 62.883402466701604 ], [ 22.684686742167749, 62.793902847574707 ], [ 22.880217841667871, 62.799773679601785 ] ] ] } },
{ "type": "Feature", "properties": { "cell_id": 1213, "stable_forest_class": "birch-spruce", "class_fraction_2019": 0.716699, "class_fraction_2021": 0.74662, "class_fraction_2023": 0.733863, "stable_class_min_fraction": 0.716699, "productive_fraction_2019": 0.440929, "productive_fraction_2021": 0.440402, "productive_fraction_2023": 0.439201, "min_productive_fraction": 0.439201, "target_landscape_fraction_2019": 0.316013, "target_landscape_fraction_2021": 0.328813, "target_landscape_fraction_2023": 0.322313, "min_target_landscape_fraction": 0.316013, "koppen_code": 26.0, "koppen_class": "Dfb", "koppen_fraction": 1.0, "north_south": "south", "east_west": "west", "geo_quadrant": "south-west", "admin1_name": "Pirkanmaa", "admin1_code": "FI-11", "admin1_fraction": 1.0, "center_x": 325000.0, "center_y": 6795000.0 }, "geometry": { "type": "Polygon", "coordinates": [ [ [ 23.835340910744382, 61.20735665637509 ], [ 23.826307469130612, 61.296995003551345 ], [ 23.639987760885667, 61.292507771881517 ], [ 23.649549177686797, 61.202885960497568 ], [ 23.835340910744382, 61.20735665637509 ] ] ] } },
{ "type": "Feature", "properties": { "cell_id": 3259, "stable_forest_class": "pine", "class_fraction_2019": 0.781302, "class_fraction_2021": 0.808456, "class_fraction_2023": 0.726812, "stable_class_min_fraction": 0.726812, "productive_fraction_2019": 0.432356, "productive_fraction_2021": 0.430943, "productive_fraction_2023": 0.420247, "min_productive_fraction": 0.420247, "target_landscape_fraction_2019": 0.3378, "target_landscape_fraction_2021": 0.348398, "target_landscape_fraction_2023": 0.305441, "min_target_landscape_fraction": 0.305441, "koppen_code": 26.0, "koppen_class": "Dfb", "koppen_fraction": 1.0, "north_south": "north", "east_west": "west", "geo_quadrant": "north-west", "admin1_name": "Central Ostrobothnia", "admin1_code": "FI-07", "admin1_fraction": 0.507191, "center_x": 325000.0, "center_y": 7105000.0 }, "geometry": { "type": "Polygon", "coordinates": [ [ [ 23.524908458682642, 63.985200088849993 ], [ 23.513737407983271, 64.074774356662274 ], [ 23.309161824035883, 64.069722827094637 ], [ 23.320984884827322, 63.98016849282881 ], [ 23.524908458682642, 63.985200088849993 ] ] ] } },
{ "type": "Feature", "properties": { "cell_id": 2330, "stable_forest_class": "birch-pine", "class_fraction_2019": 0.816865, "class_fraction_2021": 0.847507, "class_fraction_2023": 0.794321, "stable_class_min_fraction": 0.794321, "productive_fraction_2019": 0.364047, "productive_fraction_2021": 0.363341, "productive_fraction_2023": 0.360673, "min_productive_fraction": 0.360673, "target_landscape_fraction_2019": 0.297377, "target_landscape_fraction_2021": 0.307934, "target_landscape_fraction_2023": 0.28649, "min_target_landscape_fraction": 0.28649, "koppen_code": 26.0, "koppen_class": "Dfb", "koppen_fraction": 0.864341, "north_south": "south", "east_west": "west", "geo_quadrant": "south-west", "admin1_name": "Southern Ostrobothnia", "admin1_code": "FI-03", "admin1_fraction": 1.0, "center_x": 275000.0, "center_y": 6965000.0 }, "geometry": { "type": "Polygon", "coordinates": [ [ [ 22.697761129804352, 62.704400534704497 ], [ 22.684686742167749, 62.793902847574707 ], [ 22.489245795778697, 62.787760750366651 ], [ 22.502907551190656, 62.698281852943921 ], [ 22.697761129804352, 62.704400534704497 ] ] ] } },
{ "type": "Feature", "properties": { "cell_id": 1301, "stable_forest_class": "pine", "class_fraction_2019": 0.773619, "class_fraction_2021": 0.756593, "class_fraction_2023": 0.766923, "stable_class_min_fraction": 0.756593, "productive_fraction_2019": 0.373297, "productive_fraction_2021": 0.373499, "productive_fraction_2023": 0.373166, "min_productive_fraction": 0.373166, "target_landscape_fraction_2019": 0.288789, "target_landscape_fraction_2021": 0.282587, "target_landscape_fraction_2023": 0.28619, "min_target_landscape_fraction": 0.282587, "koppen_code": 26.0, "koppen_class": "Dfb", "koppen_fraction": 1.0, "north_south": "south", "east_west": "east", "geo_quadrant": "south-east", "admin1_name": "Southern Savonia", "admin1_code": "FI-04", "admin1_fraction": 0.606395, "center_x": 545000.0, "center_y": 6805000.0 }, "geometry": { "type": "Polygon", "coordinates": [ [ [ 27.934211557440687, 61.330872460330966 ], [ 27.936893186880337, 61.420634537328951 ], [ 27.749535851458997, 61.421794708026155 ], [ 27.747390349855131, 61.332028337119297 ], [ 27.934211557440687, 61.330872460330966 ] ] ] } },
{ "type": "Feature", "properties": { "cell_id": 1569, "stable_forest_class": "birch-pine", "class_fraction_2019": 0.722036, "class_fraction_2021": 0.724442, "class_fraction_2023": 0.759129, "stable_class_min_fraction": 0.722036, "productive_fraction_2019": 0.368013, "productive_fraction_2021": 0.368563, "productive_fraction_2023": 0.366981, "min_productive_fraction": 0.366981, "target_landscape_fraction_2019": 0.265718, "target_landscape_fraction_2021": 0.267003, "target_landscape_fraction_2023": 0.278586, "min_target_landscape_fraction": 0.265718, "koppen_code": 26.0, "koppen_class": "Dfb", "koppen_fraction": 1.0, "north_south": "south", "east_west": "east", "geo_quadrant": "south-east", "admin1_name": "Southern Savonia", "admin1_code": "FI-04", "admin1_fraction": 1.0, "center_x": 585000.0, "center_y": 6845000.0 }, "geometry": { "type": "Polygon", "coordinates": [ [ [ 28.700774775047172, 61.682614764801606 ], [ 28.705728394355013, 61.772344478087199 ], [ 28.516286527790086, 61.774568100904482 ], [ 28.51188252449608, 61.684830093815648 ], [ 28.700774775047172, 61.682614764801606 ] ] ] } },
{ "type": "Feature", "properties": { "cell_id": 2526, "stable_forest_class": "birch-pine", "class_fraction_2019": 0.764205, "class_fraction_2021": 0.70003, "class_fraction_2023": 0.712829, "stable_class_min_fraction": 0.70003, "productive_fraction_2019": 0.373158, "productive_fraction_2021": 0.373837, "productive_fraction_2023": 0.371517, "min_productive_fraction": 0.371517, "target_landscape_fraction_2019": 0.28517, "target_landscape_fraction_2021": 0.261697, "target_landscape_fraction_2023": 0.264829, "min_target_landscape_fraction": 0.261697, "koppen_code": 26.0, "koppen_class": "Dfb", "koppen_fraction": 1.0, "north_south": "south", "east_west": "west", "geo_quadrant": "south-west", "admin1_name": "Ostrobothnia", "admin1_code": "FI-12", "admin1_fraction": 1.0, "center_x": 255000.0, "center_y": 6995000.0 }, "geometry": { "type": "Polygon", "coordinates": [ [ [ 22.265107160465917, 62.960247582486517 ], [ 22.250561574569655, 63.049693042705975 ], [ 22.053532400945929, 63.042931848815911 ], [ 22.06867554625472, 62.953512314583918 ], [ 22.265107160465917, 62.960247582486517 ] ] ] } },
{ "type": "Feature", "properties": { "cell_id": 1236, "stable_forest_class": "pine", "class_fraction_2019": 0.885045, "class_fraction_2021": 0.827406, "class_fraction_2023": 0.838571, "stable_class_min_fraction": 0.827406, "productive_fraction_2019": 0.312881, "productive_fraction_2021": 0.313167, "productive_fraction_2023": 0.314729, "min_productive_fraction": 0.312881, "target_landscape_fraction_2019": 0.276913, "target_landscape_fraction_2021": 0.259116, "target_landscape_fraction_2023": 0.263923, "min_target_landscape_fraction": 0.259116, "koppen_code": 26.0, "koppen_class": "Dfb", "koppen_fraction": 1.0, "north_south": "south", "east_west": "east", "geo_quadrant": "south-east", "admin1_name": "South Karelia", "admin1_code": "FI-02", "admin1_fraction": 1.0, "center_x": 555000.0, "center_y": 6795000.0 }, "geometry": { "type": "Polygon", "coordinates": [ [ [ 28.11781868502737, 61.239701685614953 ], [ 28.121015182961514, 61.329459808407471 ], [ 27.934211557440687, 61.330872460330966 ], [ 27.931547510408024, 61.241109120096539 ], [ 28.11781868502737, 61.239701685614953 ] ] ] } },
{ "type": "Feature", "properties": { "cell_id": 2169, "stable_forest_class": "birch-spruce", "class_fraction_2019": 0.723854, "class_fraction_2021": 0.798763, "class_fraction_2023": 0.770312, "stable_class_min_fraction": 0.723854, "productive_fraction_2019": 0.320238, "productive_fraction_2021": 0.319706, "productive_fraction_2023": 0.318172, "min_productive_fraction": 0.318172, "target_landscape_fraction_2019": 0.231806, "target_landscape_fraction_2021": 0.255369, "target_landscape_fraction_2023": 0.245092, "min_target_landscape_fraction": 0.231806, "koppen_code": 27.0, "koppen_class": "Dfc", "koppen_fraction": 0.534694, "north_south": "south", "east_west": "east", "geo_quadrant": "south-east", "admin1_name": "North Karelia", "admin1_code": "FI-13", "admin1_fraction": 1.0, "center_x": 645000.0, "center_y": 6935000.0 }, "geometry": { "type": "Polygon", "coordinates": [ [ [ 29.909531278973329, 62.470728976602125 ], [ 29.918289849882605, 62.560371973606543 ], [ 29.724008551195386, 62.564292809495953 ], [ 29.715831257433738, 62.474634923324487 ], [ 29.909531278973329, 62.470728976602125 ] ] ] } },
{ "type": "Feature", "properties": { "cell_id": 1705, "stable_forest_class": "birch-pine", "class_fraction_2019": 0.774901, "class_fraction_2021": 0.754122, "class_fraction_2023": 0.775459, "stable_class_min_fraction": 0.754122, "productive_fraction_2019": 0.241052, "productive_fraction_2021": 0.242301, "productive_fraction_2023": 0.242168, "min_productive_fraction": 0.241052, "target_landscape_fraction_2019": 0.186792, "target_landscape_fraction_2021": 0.182725, "target_landscape_fraction_2023": 0.187792, "min_target_landscape_fraction": 0.182725, "koppen_code": 26.0, "koppen_class": "Dfb", "koppen_fraction": 1.0, "north_south": "south", "east_west": "east", "geo_quadrant": "south-east", "admin1_name": "Southern Savonia", "admin1_code": "FI-04", "admin1_fraction": 1.0, "center_x": 625000.0, "center_y": 6865000.0 }, "geometry": { "type": "Polygon", "coordinates": [ [ [ 29.470324273679825, 61.850522895154782 ], [ 29.477568901840534, 61.940206378494992 ], [ 29.287174235898604, 61.94349926876221 ], [ 29.280485111007398, 61.853803460990697 ], [ 29.470324273679825, 61.850522895154782 ] ] ] } },
{ "type": "Feature", "properties": { "cell_id": 3593, "stable_forest_class": "birch-pine", "class_fraction_2019": 0.902689, "class_fraction_2021": 0.836397, "class_fraction_2023": 0.786606, "stable_class_min_fraction": 0.786606, "productive_fraction_2019": 0.233992, "productive_fraction_2021": 0.235924, "productive_fraction_2023": 0.230566, "min_productive_fraction": 0.230566, "target_landscape_fraction_2019": 0.211222, "target_landscape_fraction_2021": 0.197327, "target_landscape_fraction_2023": 0.181365, "min_target_landscape_fraction": 0.181365, "koppen_code": 26.0, "koppen_class": "Dfb", "koppen_fraction": 0.724138, "north_south": "north", "east_west": "west", "geo_quadrant": "north-west", "admin1_name": "Northern Ostrobothnia", "admin1_code": "FI-14", "admin1_fraction": 0.206164, "center_x": 365000.0, "center_y": 7155000.0 }, "geometry": { "type": "Polygon", "coordinates": [ [ [ 24.29795318079854, 64.45065694226102 ], [ 24.289082601739164, 64.540290914704627 ], [ 24.080866272249377, 64.536311976042782 ], [ 24.09041590626784, 64.446693921531235 ], [ 24.29795318079854, 64.45065694226102 ] ] ] } },
{ "type": "Feature", "properties": { "cell_id": 3409, "stable_forest_class": "birch-pine", "class_fraction_2019": 0.858216, "class_fraction_2021": 0.922311, "class_fraction_2023": 0.850324, "stable_class_min_fraction": 0.850324, "productive_fraction_2019": 0.173624, "productive_fraction_2021": 0.172204, "productive_fraction_2023": 0.172326, "min_productive_fraction": 0.172204, "target_landscape_fraction_2019": 0.149007, "target_landscape_fraction_2021": 0.158825, "target_landscape_fraction_2023": 0.146533, "min_target_landscape_fraction": 0.146533, "koppen_code": 27.0, "koppen_class": "Dfc", "koppen_fraction": 1.0, "north_south": "north", "east_west": "east", "geo_quadrant": "north-east", "admin1_name": "Kainuu", "admin1_code": "FI-05", "admin1_fraction": 1.0, "center_x": 505000.0, "center_y": 7125000.0 }, "geometry": { "type": "Polygon", "coordinates": [ [ [ 27.205967004977019, 64.20612724362104 ], [ 27.206636061060109, 64.295863767050491 ], [ 27.0, 64.296009571348179 ], [ 27.0, 64.206272467878691 ], [ 27.205967004977019, 64.20612724362104 ] ] ] } },
{ "type": "Feature", "properties": { "cell_id": 2366, "stable_forest_class": "birch-pine", "class_fraction_2019": 0.812225, "class_fraction_2021": 0.827911, "class_fraction_2023": 0.815865, "stable_class_min_fraction": 0.812225, "productive_fraction_2019": 0.150764, "productive_fraction_2021": 0.151363, "productive_fraction_2023": 0.150932, "min_productive_fraction": 0.150764, "target_landscape_fraction_2019": 0.122454, "target_landscape_fraction_2021": 0.125315, "target_landscape_fraction_2023": 0.123141, "min_target_landscape_fraction": 0.122454, "koppen_code": 26.0, "koppen_class": "Dfb", "koppen_fraction": 0.855422, "north_south": "south", "east_west": "east", "geo_quadrant": "south-east", "admin1_name": "North Karelia", "admin1_code": "FI-13", "admin1_fraction": 1.0, "center_x": 635000.0, "center_y": 6965000.0 }, "geometry": { "type": "Polygon", "coordinates": [ [ [ 29.740531869191159, 62.743603271321646 ], [ 29.748878999522155, 62.833255840002323 ], [ 29.552772181485153, 62.836949054233948 ], [ 29.54501891053971, 62.747282363754934 ], [ 29.740531869191159, 62.743603271321646 ] ] ] } },
{ "type": "Feature", "properties": { "cell_id": 4649, "stable_forest_class": "birch-spruce", "class_fraction_2019": 0.754423, "class_fraction_2021": 0.773648, "class_fraction_2023": 0.767386, "stable_class_min_fraction": 0.754423, "productive_fraction_2019": 0.131592, "productive_fraction_2021": 0.130941, "productive_fraction_2023": 0.132288, "min_productive_fraction": 0.130941, "target_landscape_fraction_2019": 0.099276, "target_landscape_fraction_2021": 0.101303, "target_landscape_fraction_2023": 0.101516, "min_target_landscape_fraction": 0.099276, "koppen_code": 27.0, "koppen_class": "Dfc", "koppen_fraction": 1.0, "north_south": "north", "east_west": "west", "geo_quadrant": "north-west", "admin1_name": "Lapland", "admin1_code": "FI-10", "admin1_fraction": 0.28529, "center_x": 365000.0, "center_y": 7315000.0 }, "geometry": { "type": "Polygon", "coordinates": [ [ [ 24.147811991645884, 65.884586982247683 ], [ 24.137811952140957, 65.974192264754407 ], [ 23.918019142236616, 65.96994360569208 ], [ 23.928784259937338, 65.88035605909846 ], [ 24.147811991645884, 65.884586982247683 ] ] ] } },
{ "type": "Feature", "properties": { "cell_id": 2600, "stable_forest_class": "birch-pine", "class_fraction_2019": 0.785853, "class_fraction_2021": 0.828113, "class_fraction_2023": 0.833036, "stable_class_min_fraction": 0.785853, "productive_fraction_2019": 0.11935, "productive_fraction_2021": 0.118456, "productive_fraction_2023": 0.117788, "min_productive_fraction": 0.117788, "target_landscape_fraction_2019": 0.093791, "target_landscape_fraction_2021": 0.098095, "target_landscape_fraction_2023": 0.098122, "min_target_landscape_fraction": 0.093791, "koppen_code": 27.0, "koppen_class": "Dfc", "koppen_fraction": 1.0, "north_south": "south", "east_west": "west", "geo_quadrant": "south-west", "admin1_name": "Southern Ostrobothnia", "admin1_code": "FI-03", "admin1_fraction": 1.0, "center_x": 335000.0, "center_y": 7005000.0 }, "geometry": { "type": "Polygon", "coordinates": [ [ [ 23.830087317618904, 63.093902854972704 ], [ 23.820286687486643, 63.183516146719136 ], [ 23.621956025541053, 63.178934922761172 ], [ 23.632365218392778, 63.089339292568397 ], [ 23.830087317618904, 63.093902854972704 ] ] ] } },
{ "type": "Feature", "properties": { "cell_id": 3459, "stable_forest_class": "pine", "class_fraction_2019": 0.78474, "class_fraction_2021": 0.720393, "class_fraction_2023": 0.720123, "stable_class_min_fraction": 0.720123, "productive_fraction_2019": 0.076815, "productive_fraction_2021": 0.077394, "productive_fraction_2023": 0.07841, "min_productive_fraction": 0.076815, "target_landscape_fraction_2019": 0.06028, "target_landscape_fraction_2021": 0.055754, "target_landscape_fraction_2023": 0.056465, "min_target_landscape_fraction": 0.055754, "koppen_code": 26.0, "koppen_class": "Dfb", "koppen_fraction": 1.0, "north_south": "north", "east_west": "west", "geo_quadrant": "north-west", "admin1_name": "Northern Ostrobothnia", "admin1_code": "FI-14", "admin1_fraction": 0.006483, "center_x": 345000.0, "center_y": 7135000.0 }, "geometry": { "type": "Polygon", "coordinates": [ [ [ 23.903182040793702, 64.263230389087923 ], [ 23.893101692178497, 64.352835286863993 ], [ 23.686380555810487, 64.348305234396548 ], [ 23.69712872652255, 64.258718357450562 ], [ 23.903182040793702, 64.263230389087923 ] ] ] } },
{ "type": "Feature", "properties": { "cell_id": 6117, "stable_forest_class": "birch-pine", "class_fraction_2019": 0.880103, "class_fraction_2021": 0.903051, "class_fraction_2023": 0.951512, "stable_class_min_fraction": 0.880103, "productive_fraction_2019": 0.054543, "productive_fraction_2021": 0.055462, "productive_fraction_2023": 0.05429, "min_productive_fraction": 0.05429, "target_landscape_fraction_2019": 0.048004, "target_landscape_fraction_2021": 0.050085, "target_landscape_fraction_2023": 0.051658, "min_target_landscape_fraction": 0.048004, "koppen_code": 27.0, "koppen_class": "Dfc", "koppen_fraction": 1.0, "north_south": "north", "east_west": "east", "geo_quadrant": "north-east", "admin1_name": "Lapland", "admin1_code": "FI-10", "admin1_fraction": 1.0, "center_x": 525000.0, "center_y": 7535000.0 }, "geometry": { "type": "Polygon", "coordinates": [ [ [ 27.714032191907457, 67.883061772468878 ], [ 27.716791447756581, 67.97274883081765 ], [ 27.477873842316171, 67.973615655987246 ], [ 27.476034182827675, 67.88392472245836 ], [ 27.714032191907457, 67.883061772468878 ] ] ] } },
{ "type": "Feature", "properties": { "cell_id": 2851, "stable_forest_class": "birch-pine", "class_fraction_2019": 0.746172, "class_fraction_2021": 0.792731, "class_fraction_2023": 0.814116, "stable_class_min_fraction": 0.746172, "productive_fraction_2019": 0.056435, "productive_fraction_2021": 0.065789, "productive_fraction_2023": 0.061025, "min_productive_fraction": 0.056435, "target_landscape_fraction_2019": 0.04211, "target_landscape_fraction_2021": 0.052153, "target_landscape_fraction_2023": 0.049682, "min_target_landscape_fraction": 0.04211, "koppen_code": 26.0, "koppen_class": "Dfb", "koppen_fraction": 0.6, "north_south": "north", "east_west": "west", "geo_quadrant": "north-west", "admin1_name": null, "admin1_code": null, "admin1_fraction": null, "center_x": 205000.0, "center_y": 7045000.0 }, "geometry": { "type": "Polygon", "coordinates": [ [ [ 21.195191123822958, 63.370336864405203 ], [ 21.177049040206548, 63.459622667809278 ], [ 20.977565299016387, 63.451338153623063 ], [ 20.996319911916583, 63.362084397925749 ], [ 21.195191123822958, 63.370336864405203 ] ] ] } },
{ "type": "Feature", "properties": { "cell_id": 4126, "stable_forest_class": "birch-pine", "class_fraction_2019": 0.816837, "class_fraction_2021": 0.802987, "class_fraction_2023": 0.867929, "stable_class_min_fraction": 0.802987, "productive_fraction_2019": 0.045855, "productive_fraction_2021": 0.044938, "productive_fraction_2023": 0.044772, "min_productive_fraction": 0.044772, "target_landscape_fraction_2019": 0.037456, "target_landscape_fraction_2021": 0.036085, "target_landscape_fraction_2023": 0.038859, "min_target_landscape_fraction": 0.036085, "koppen_code": 26.0, "koppen_class": "Dfb", "koppen_fraction": 0.75, "north_south": "north", "east_west": "west", "geo_quadrant": "north-west", "admin1_name": "Northern Ostrobothnia", "admin1_code": "FI-14", "admin1_fraction": 0.015949, "center_x": 415000.0, "center_y": 7235000.0 }, "geometry": { "type": "Polygon", "coordinates": [ [ [ 25.291629323540832, 65.183605990946958 ], [ 25.285829751420639, 65.273291141763536 ], [ 25.071697913355941, 65.270701056011774 ], [ 25.078220931876597, 65.181026497494116 ], [ 25.291629323540832, 65.183605990946958 ] ] ] } },
{ "type": "Feature", "properties": { "cell_id": 214, "stable_forest_class": "birch-pine", "class_fraction_2019": 0.858466, "class_fraction_2021": 0.821575, "class_fraction_2023": 0.840845, "stable_class_min_fraction": 0.821575, "productive_fraction_2019": 0.036751, "productive_fraction_2021": 0.030234, "productive_fraction_2023": 0.030451, "min_productive_fraction": 0.030234, "target_landscape_fraction_2019": 0.03155, "target_landscape_fraction_2021": 0.024839, "target_landscape_fraction_2023": 0.025605, "min_target_landscape_fraction": 0.024839, "koppen_code": 26.0, "koppen_class": "Dfb", "koppen_fraction": 1.0, "north_south": "south", "east_west": "west", "geo_quadrant": "south-west", "admin1_name": null, "admin1_code": null, "admin1_fraction": null, "center_x": 235000.0, "center_y": 6645000.0 }, "geometry": { "type": "Polygon", "coordinates": [ [ [ 22.361878065644326, 59.815784255308685 ], [ 22.349376489810044, 59.905283823738827 ], [ 22.17123282458661, 59.898864610187879 ], [ 22.184208836469743, 59.809387971339824 ], [ 22.361878065644326, 59.815784255308685 ] ] ] } },
{ "type": "Feature", "properties": { "cell_id": 3994, "stable_forest_class": "birch-pine", "class_fraction_2019": 0.959846, "class_fraction_2021": 0.940265, "class_fraction_2023": 0.931222, "stable_class_min_fraction": 0.931222, "productive_fraction_2019": 0.024102, "productive_fraction_2021": 0.022807, "productive_fraction_2023": 0.02238, "min_productive_fraction": 0.02238, "target_landscape_fraction_2019": 0.023135, "target_landscape_fraction_2021": 0.021445, "target_landscape_fraction_2023": 0.02084, "min_target_landscape_fraction": 0.02084, "koppen_code": 26.0, "koppen_class": "Dfb", "koppen_fraction": 1.0, "north_south": "north", "east_west": "west", "geo_quadrant": "north-west", "admin1_name": null, "admin1_code": null, "admin1_fraction": null, "center_x": 415000.0, "center_y": 7215000.0 }, "geometry": { "type": "Polygon", "coordinates": [ [ [ 25.303099170241747, 65.004231640189971 ], [ 25.297385641991276, 65.093919490417619 ], [ 25.084695311541019, 65.091350517913995 ], [ 25.091121573368575, 65.001673118055763 ], [ 25.303099170241747, 65.004231640189971 ] ] ] } },
{ "type": "Feature", "properties": { "cell_id": 3325, "stable_forest_class": "pine", "class_fraction_2019": 0.85253, "class_fraction_2021": 0.821954, "class_fraction_2023": 0.786618, "stable_class_min_fraction": 0.786618, "productive_fraction_2019": 0.02475, "productive_fraction_2021": 0.024594, "productive_fraction_2023": 0.023314, "min_productive_fraction": 0.023314, "target_landscape_fraction_2019": 0.0211, "target_landscape_fraction_2021": 0.020215, "target_landscape_fraction_2023": 0.018339, "min_target_landscape_fraction": 0.018339, "koppen_code": 26.0, "koppen_class": "Dfb", "koppen_fraction": 1.0, "north_south": "north", "east_west": "west", "geo_quadrant": "north-west", "admin1_name": null, "admin1_code": null, "admin1_fraction": null, "center_x": 325000.0, "center_y": 7115000.0 }, "geometry": { "type": "Polygon", "coordinates": [ [ [ 23.513737407983271, 64.074774356662274 ], [ 23.502485819019668, 64.164346445121637 ], [ 23.297253558530841, 64.159274853834233 ], [ 23.309161824035883, 64.069722827094637 ], [ 23.513737407983271, 64.074774356662274 ] ] ] } }
]
}
