cell_id,year,month,date,mean_sif,retrieval_uncertainty,spatial_sd,n_sif_cells_total,n_sif_cells_valid,valid_area_fraction,mean_product_weight,monthly_product_count
214,2019,3,2019-03-01,-0.196828,0.113626,0.067108,8,3,0.191872,1.19391,73511224.0
214,2019,4,2019-04-01,0.255701,0.123533,0.063822,8,4,0.50416,0.676726,74389486.0
214,2019,5,2019-05-01,-0.324997,0.089,0.147969,8,3,0.191872,1.290141,73985614.0
214,2019,6,2019-06-01,0.61253,0.171353,0.193801,8,5,0.635733,0.975198,76811205.0
214,2019,7,2019-07-01,0.691466,0.180478,0.332336,8,5,0.635733,0.869528,76826548.0
214,2019,8,2019-08-01,0.148004,0.095001,0.044874,8,5,0.635733,1.299066,95194713.0
214,2019,9,2019-09-01,0.473181,0.139818,0.154566,8,4,0.50416,0.817183,91974497.0
214,2020,3,2020-03-01,-0.118447,0.130613,0.053609,8,4,0.50416,0.63926,94604585.0
214,2020,4,2020-04-01,0.107008,0.096204,0.058948,8,3,0.191872,1.256347,96808107.0
214,2020,5,2020-05-01,-0.273257,0.121678,0.072101,8,4,0.50416,0.843929,93035456.0
214,2020,6,2020-06-01,-0.164944,0.134719,0.175695,8,4,0.50416,0.917835,96006563.0
214,2020,7,2020-07-01,-0.111489,0.097128,0.060944,8,3,0.191872,1.612386,99686529.0
214,2020,8,2020-08-01,0.382275,0.134379,0.072591,8,4,0.50416,1.23599,97684078.0
214,2020,9,2020-09-01,-0.575457,0.130228,0.333292,8,6,0.874802,0.66965,91237630.0
214,2021,3,2021-03-01,0.066682,0.120918,0.028724,8,3,0.191872,0.773433,94409616.0
214,2021,4,2021-04-01,-0.029992,0.072695,0.046022,8,3,0.191872,1.869468,98410821.0
214,2021,5,2021-05-01,-0.195612,0.105227,0.087704,8,3,0.191872,0.861514,91970868.0
214,2021,6,2021-06-01,0.242325,0.078946,0.075414,8,3,0.191872,2.269588,95947119.0
214,2021,7,2021-07-01,0.191543,0.080123,0.007546,8,3,0.191872,1.571201,101406324.0
214,2021,8,2021-08-01,-0.109252,0.1338,0.054145,8,5,0.635733,0.705195,97445628.0
214,2021,9,2021-09-01,-0.101618,0.161675,0.198075,8,4,0.50416,0.928355,90094126.0
214,2022,3,2022-03-01,-0.176542,0.143177,0.018996,8,4,0.50416,0.413238,95748274.0
214,2022,4,2022-04-01,-0.021974,0.111109,0.03226,8,3,0.191872,1.178269,97595138.0
214,2022,5,2022-05-01,0.374911,0.159528,0.145305,8,4,0.50416,0.50395,92699999.0
214,2022,6,2022-06-01,0.112503,0.125013,0.01737,8,5,0.635733,1.086387,95901303.0
214,2022,7,2022-07-01,-0.189986,0.128954,0.046177,8,4,0.50416,0.471467,102035161.0
214,2022,8,2022-08-01,0.30129,0.154146,0.059394,8,4,0.50416,1.171952,98258702.0
214,2022,9,2022-09-01,-0.284869,0.129326,0.138951,8,4,0.50416,0.724901,88902747.0
214,2023,3,2023-03-01,-0.144484,0.183226,0.017283,8,4,0.50416,1.033627,93671913.0
214,2023,4,2023-04-01,0.625605,0.249713,0.182129,8,4,0.50416,0.458364,98665163.0
214,2023,5,2023-05-01,0.250597,0.123067,0.087252,8,4,0.50416,1.465066,95301562.0
214,2023,6,2023-06-01,0.341109,0.132901,0.210771,8,5,0.635733,1.290548,96444568.0
214,2023,7,2023-07-01,-0.50493,0.131195,0.220063,8,4,0.50416,0.877681,101753881.0
214,2023,8,2023-08-01,-0.724112,0.205795,0.228097,8,4,0.50416,0.581984,96968132.0
214,2023,9,2023-09-01,0.392968,0.113633,0.21128,8,5,0.635733,1.020002,90239324.0
214,2024,3,2024-03-01,0.116428,0.127227,0.052521,8,4,0.50416,0.544176,86372445.0
214,2024,4,2024-04-01,-0.041287,0.138776,0.082287,8,2,0.181108,0.823921,95332509.0
214,2024,5,2024-05-01,0.170957,0.077534,0.067208,8,3,0.191872,2.376871,89883638.0
214,2024,6,2024-06-01,0.08876,0.086324,0.027624,8,3,0.191872,1.734993,84217408.0
214,2024,7,2024-07-01,0.11534,0.133512,0.090866,8,4,0.50416,1.121089,95425695.0
214,2024,8,2024-08-01,0.131565,0.108417,0.038593,8,4,0.50416,1.427518,91425313.0
214,2024,9,2024-09-01,-0.017234,0.115829,0.055282,8,3,0.191872,1.411498,85979995.0
214,2025,3,2025-03-01,0.077076,0.123379,0.049705,8,3,0.191872,1.051199,87368194.0
214,2025,4,2025-04-01,0.862494,0.146773,0.175803,8,4,0.50416,0.27493,96861891.0
214,2025,5,2025-05-01,-0.08536,0.175329,0.133202,8,4,0.50416,0.567921,89188846.0
214,2025,6,2025-06-01,0.074087,0.102862,0.076657,8,4,0.50416,0.950846,91704495.0
214,2025,7,2025-07-01,0.180706,0.105674,0.090858,8,3,0.191872,0.937786,94751856.0
214,2025,8,2025-08-01,0.178264,0.122926,0.086765,8,4,0.50416,1.18276,94948426.0
214,2025,9,2025-09-01,0.338149,0.090336,0.054907,8,6,0.874802,0.841276,89061648.0
481,2019,3,2019-03-01,0.117592,0.028365,0.02841,9,9,1.0,21.215047,73511224.0
481,2019,4,2019-04-01,0.276246,0.023043,0.04248,9,9,1.0,32.066796,74389486.0
481,2019,5,2019-05-01,0.431748,0.026913,0.0965,9,9,1.0,32.525458,73985614.0
481,2019,6,2019-06-01,1.187443,0.026674,0.083946,9,9,1.0,35.994691,76811205.0
481,2019,7,2019-07-01,0.876022,0.027072,0.072364,9,9,1.0,34.975007,76826548.0
481,2019,8,2019-08-01,0.553061,0.025721,0.064292,9,9,1.0,37.039597,95194713.0
481,2019,9,2019-09-01,0.441966,0.027644,0.086149,9,9,1.0,24.874158,91974497.0
481,2020,3,2020-03-01,0.079244,0.02417,0.040639,9,9,1.0,26.641243,94604585.0
481,2020,4,2020-04-01,0.173218,0.025166,0.050807,9,9,1.0,29.01171,96808107.0
481,2020,5,2020-05-01,0.367506,0.02607,0.035405,9,9,1.0,32.91424,93035456.0
481,2020,6,2020-06-01,0.944273,0.025366,0.068849,9,9,1.0,37.64118,96006563.0
481,2020,7,2020-07-01,0.93656,0.030745,0.088324,9,9,1.0,27.805619,99686529.0
481,2020,8,2020-08-01,0.778912,0.026213,0.106812,9,9,1.0,35.552426,97684078.0
481,2020,9,2020-09-01,0.44794,0.026901,0.02858,9,9,1.0,24.910981,91237630.0
481,2021,3,2021-03-01,0.097684,0.025695,0.013144,9,9,1.0,25.765541,94409616.0
481,2021,4,2021-04-01,0.245825,0.023293,0.034529,9,9,1.0,28.05625,98410821.0
481,2021,5,2021-05-01,0.395731,0.028272,0.043569,9,9,1.0,27.161077,91970868.0
481,2021,6,2021-06-01,1.014544,0.02603,0.084384,9,9,1.0,39.467857,95947119.0
481,2021,7,2021-07-01,0.962625,0.024743,0.076586,9,9,1.0,38.335701,101406324.0
481,2021,8,2021-08-01,0.562664,0.029448,0.062747,9,9,1.0,27.753734,97445628.0
481,2021,9,2021-09-01,0.418828,0.025204,0.054203,9,9,1.0,29.055798,90094126.0
481,2022,3,2022-03-01,0.138584,0.024789,0.025097,9,9,1.0,32.935625,95748274.0
481,2022,4,2022-04-01,0.150057,0.024312,0.021947,9,9,1.0,33.684925,97595138.0
481,2022,5,2022-05-01,0.272909,0.026374,0.064846,9,9,1.0,31.781818,92699999.0
481,2022,6,2022-06-01,1.05784,0.026403,0.117699,9,9,1.0,36.776909,95901303.0
481,2022,7,2022-07-01,0.944186,0.030777,0.079233,9,9,1.0,30.462946,102035161.0
481,2022,8,2022-08-01,0.776078,0.024931,0.060817,9,9,1.0,35.176154,98258702.0
481,2022,9,2022-09-01,0.336707,0.025682,0.045746,9,9,1.0,29.453427,88902747.0
481,2023,3,2023-03-01,0.129774,0.034273,0.033374,9,9,1.0,21.978171,93671913.0
481,2023,4,2023-04-01,0.190633,0.022426,0.033101,9,9,1.0,37.213837,98665163.0
481,2023,5,2023-05-01,0.525477,0.023354,0.056178,9,9,1.0,39.425009,95301562.0
481,2023,6,2023-06-01,0.871545,0.025435,0.052561,9,9,1.0,38.346781,96444568.0
481,2023,7,2023-07-01,0.829689,0.032719,0.050738,9,9,1.0,24.104764,101753881.0
481,2023,8,2023-08-01,0.610163,0.034027,0.072697,9,9,1.0,21.99093,96968132.0
481,2023,9,2023-09-01,0.569521,0.025831,0.04965,9,9,1.0,29.968199,90239324.0
481,2024,3,2024-03-01,0.067271,0.030173,0.045766,9,9,1.0,18.757259,86372445.0
481,2024,4,2024-04-01,0.155298,0.033767,0.074904,9,9,1.0,19.501733,95332509.0
481,2024,5,2024-05-01,0.555187,0.021927,0.040259,9,9,1.0,40.406994,89883638.0
481,2024,6,2024-06-01,1.096213,0.029364,0.059596,9,9,1.0,30.224767,84217408.0
481,2024,7,2024-07-01,1.05533,0.031136,0.078284,9,9,1.0,29.451732,95425695.0
481,2024,8,2024-08-01,0.638777,0.026771,0.066992,9,9,1.0,29.798002,91425313.0
481,2024,9,2024-09-01,0.497138,0.025219,0.043158,9,9,1.0,29.09889,85979995.0
481,2025,3,2025-03-01,0.158163,0.027417,0.035555,9,9,1.0,20.283862,87368194.0
481,2025,4,2025-04-01,0.238031,0.023296,0.037474,9,9,1.0,31.701923,96861891.0
481,2025,5,2025-05-01,0.559963,0.027745,0.037243,9,9,1.0,30.326306,89188846.0
481,2025,6,2025-06-01,1.06968,0.032008,0.084583,9,9,1.0,28.442219,91704495.0
481,2025,7,2025-07-01,1.208821,0.028036,0.098143,9,9,1.0,33.840544,94751856.0
481,2025,8,2025-08-01,0.727274,0.028355,0.064921,9,9,1.0,29.874073,94948426.0
481,2025,9,2025-09-01,0.404563,0.023253,0.054247,9,9,1.0,32.31717,89061648.0
703,2019,3,2019-03-01,0.131173,0.041834,0.071472,6,6,1.0,12.033486,73511224.0
703,2019,4,2019-04-01,0.103029,0.026803,0.047552,6,6,1.0,27.365859,74389486.0
703,2019,5,2019-05-01,0.410895,0.032712,0.073771,6,6,1.0,21.281095,73985614.0
703,2019,6,2019-06-01,1.084511,0.03121,0.144996,6,6,1.0,28.459517,76811205.0
703,2019,7,2019-07-01,0.990506,0.036516,0.111109,6,6,1.0,19.924491,76826548.0
703,2019,8,2019-08-01,0.648392,0.031726,0.082281,6,6,1.0,21.40842,95194713.0
703,2019,9,2019-09-01,0.388731,0.033083,0.053198,6,6,1.0,19.504945,91974497.0
703,2020,3,2020-03-01,0.095741,0.026815,0.033702,6,6,1.0,21.61159,94604585.0
703,2020,4,2020-04-01,0.181908,0.032275,0.050512,6,6,1.0,15.169889,96808107.0
703,2020,5,2020-05-01,0.290368,0.030168,0.076024,6,6,1.0,23.87165,93035456.0
703,2020,6,2020-06-01,1.059267,0.030161,0.167157,6,6,1.0,28.717099,96006563.0
703,2020,7,2020-07-01,1.051494,0.033899,0.082741,6,6,1.0,24.277556,99686529.0
703,2020,8,2020-08-01,0.771357,0.032966,0.063453,6,6,1.0,20.881831,97684078.0
703,2020,9,2020-09-01,0.384476,0.029525,0.05522,6,6,1.0,19.344658,91237630.0
703,2021,3,2021-03-01,0.189955,0.03964,0.05765,6,6,1.0,14.976165,94409616.0
703,2021,4,2021-04-01,0.114338,0.028381,0.048343,6,6,1.0,20.698124,98410821.0
703,2021,5,2021-05-01,0.399701,0.034776,0.14435,6,6,1.0,16.892116,91970868.0
703,2021,6,2021-06-01,1.091685,0.030161,0.129377,6,6,1.0,28.357508,95947119.0
703,2021,7,2021-07-01,0.838719,0.028763,0.085256,6,6,1.0,33.028034,101406324.0
703,2021,8,2021-08-01,0.531103,0.034448,0.04735,6,6,1.0,18.011828,97445628.0
703,2021,9,2021-09-01,0.370023,0.039332,0.070908,6,6,1.0,13.789192,90094126.0
703,2022,3,2022-03-01,0.265757,0.03188,0.059484,6,6,1.0,22.683952,95748274.0
703,2022,4,2022-04-01,0.280158,0.03623,0.068546,6,6,1.0,18.368639,97595138.0
703,2022,5,2022-05-01,0.299862,0.034879,0.046616,6,6,1.0,18.007929,92699999.0
703,2022,6,2022-06-01,1.126733,0.031601,0.128862,6,6,1.0,27.350409,95901303.0
703,2022,7,2022-07-01,1.062405,0.032596,0.110128,6,6,1.0,27.122074,102035161.0
703,2022,8,2022-08-01,0.672975,0.030877,0.08744,6,6,1.0,24.239758,98258702.0
703,2022,9,2022-09-01,0.343136,0.036413,0.083847,6,6,1.0,17.125393,88902747.0
703,2023,3,2023-03-01,0.210071,0.042952,0.075811,6,6,1.0,13.127499,93671913.0
703,2023,4,2023-04-01,0.145704,0.027636,0.063146,6,6,1.0,31.384534,98665163.0
703,2023,5,2023-05-01,0.429884,0.031079,0.103764,6,6,1.0,22.393612,95301562.0
703,2023,6,2023-06-01,0.935708,0.03147,0.104192,6,6,1.0,25.26076,96444568.0
703,2023,7,2023-07-01,0.859697,0.031618,0.109478,6,6,1.0,28.201993,101753881.0
703,2023,8,2023-08-01,0.574399,0.034796,0.078618,6,6,1.0,19.503024,96968132.0
703,2023,9,2023-09-01,0.369586,0.031634,0.113425,6,6,1.0,18.34105,90239324.0
703,2024,3,2024-03-01,0.143747,0.044511,0.073458,6,6,1.0,11.010238,86372445.0
703,2024,4,2024-04-01,0.103371,0.035276,0.044794,6,6,1.0,16.56902,95332509.0
703,2024,5,2024-05-01,0.570152,0.028731,0.053754,6,6,1.0,28.422063,89883638.0
703,2024,6,2024-06-01,1.062651,0.035575,0.072241,6,6,1.0,20.406983,84217408.0
703,2024,7,2024-07-01,0.901799,0.034336,0.131357,6,6,1.0,23.941174,95425695.0
703,2024,8,2024-08-01,0.689807,0.031951,0.103313,6,6,1.0,23.264615,91425313.0
703,2024,9,2024-09-01,0.547386,0.028305,0.066175,6,6,1.0,21.676951,85979995.0
703,2025,3,2025-03-01,0.104928,0.028264,0.047529,6,6,1.0,18.569106,87368194.0
703,2025,4,2025-04-01,0.111639,0.030847,0.083426,6,6,1.0,20.179976,96861891.0
703,2025,5,2025-05-01,0.41909,0.035468,0.050305,6,6,1.0,15.236308,89188846.0
703,2025,6,2025-06-01,1.093736,0.040403,0.211988,6,6,1.0,17.667385,91704495.0
703,2025,7,2025-07-01,1.135192,0.031466,0.152706,6,6,1.0,24.949948,94751856.0
703,2025,8,2025-08-01,0.712066,0.03216,0.095712,6,6,1.0,23.701023,94948426.0
703,2025,9,2025-09-01,0.415038,0.027729,0.080514,6,6,1.0,22.555889,89061648.0
821,2019,3,2019-03-01,0.150745,0.036287,0.053851,9,9,1.0,15.410544,73511224.0
821,2019,4,2019-04-01,0.22582,0.024113,0.035261,9,9,1.0,33.159176,74389486.0
821,2019,5,2019-05-01,0.514415,0.030244,0.032128,9,9,1.0,27.524214,73985614.0
821,2019,6,2019-06-01,1.23431,0.029498,0.066125,9,9,1.0,38.007285,76811205.0
821,2019,7,2019-07-01,1.125566,0.031346,0.080216,9,9,1.0,32.055155,76826548.0
821,2019,8,2019-08-01,0.689203,0.02912,0.076731,9,9,1.0,33.600387,95194713.0
821,2019,9,2019-09-01,0.462544,0.028102,0.03259,9,9,1.0,29.863609,91974497.0
821,2020,3,2020-03-01,0.10295,0.023829,0.030763,9,9,1.0,30.650014,94604585.0
821,2020,4,2020-04-01,0.214694,0.025758,0.043556,9,9,1.0,30.159397,96808107.0
821,2020,5,2020-05-01,0.446087,0.026746,0.02748,9,9,1.0,33.302366,93035456.0
821,2020,6,2020-06-01,1.358601,0.029463,0.066864,9,9,1.0,36.571067,96006563.0
821,2020,7,2020-07-01,1.105274,0.034577,0.081807,9,9,1.0,28.022397,99686529.0
821,2020,8,2020-08-01,0.916933,0.028206,0.031926,9,9,1.0,36.767892,97684078.0
821,2020,9,2020-09-01,0.456853,0.027722,0.033533,9,9,1.0,28.400695,91237630.0
821,2021,3,2021-03-01,0.151264,0.031743,0.039054,9,9,1.0,24.082949,94409616.0
821,2021,4,2021-04-01,0.231239,0.026245,0.057905,9,9,1.0,28.310843,98410821.0
821,2021,5,2021-05-01,0.478077,0.030327,0.035785,9,9,1.0,28.812274,91970868.0
821,2021,6,2021-06-01,1.258947,0.028442,0.078964,9,9,1.0,42.539227,95947119.0
821,2021,7,2021-07-01,1.105689,0.028233,0.029314,9,9,1.0,40.767877,101406324.0
821,2021,8,2021-08-01,0.667281,0.03229,0.067386,9,9,1.0,24.424232,97445628.0
821,2021,9,2021-09-01,0.52105,0.029563,0.037763,9,9,1.0,26.010451,90094126.0
821,2022,3,2022-03-01,0.15858,0.028693,0.053032,9,9,1.0,32.153365,95748274.0
821,2022,4,2022-04-01,0.242601,0.030146,0.059943,9,9,1.0,25.934337,97595138.0
821,2022,5,2022-05-01,0.355097,0.03079,0.04484,9,9,1.0,22.744949,92699999.0
821,2022,6,2022-06-01,1.28052,0.028831,0.107619,9,9,1.0,38.262254,95901303.0
821,2022,7,2022-07-01,1.304532,0.031684,0.072099,9,9,1.0,33.842955,102035161.0
821,2022,8,2022-08-01,0.948819,0.027082,0.059466,9,9,1.0,41.131637,98258702.0
821,2022,9,2022-09-01,0.448653,0.027715,0.037913,9,9,1.0,29.401947,88902747.0
821,2023,3,2023-03-01,0.087845,0.036447,0.068705,9,9,1.0,19.469182,93671913.0
821,2023,4,2023-04-01,0.190458,0.023636,0.049623,9,9,1.0,40.713932,98665163.0
821,2023,5,2023-05-01,0.621415,0.026436,0.031672,9,9,1.0,35.959579,95301562.0
821,2023,6,2023-06-01,1.195911,0.028171,0.066949,9,9,1.0,37.414315,96444568.0
821,2023,7,2023-07-01,1.044839,0.033487,0.068178,9,9,1.0,27.541915,101753881.0
821,2023,8,2023-08-01,0.782927,0.032805,0.036248,9,9,1.0,26.44761,96968132.0
821,2023,9,2023-09-01,0.530541,0.026134,0.030572,9,9,1.0,32.12245,90239324.0
821,2024,3,2024-03-01,0.178173,0.03395,0.039665,9,9,1.0,24.439538,86372445.0
821,2024,4,2024-04-01,0.222144,0.035494,0.040213,9,9,1.0,18.997102,95332509.0
821,2024,5,2024-05-01,0.623662,0.022581,0.043999,9,9,1.0,47.726933,89883638.0
821,2024,6,2024-06-01,1.328147,0.032761,0.048267,9,9,1.0,31.352695,84217408.0
821,2024,7,2024-07-01,1.160596,0.036442,0.047152,9,9,1.0,24.542407,95425695.0
821,2024,8,2024-08-01,0.779751,0.027546,0.065208,9,9,1.0,33.31678,91425313.0
821,2024,9,2024-09-01,0.571431,0.025635,0.030836,9,9,1.0,28.937195,85979995.0
821,2025,3,2025-03-01,0.179773,0.024281,0.016876,9,9,1.0,35.654889,87368194.0
821,2025,4,2025-04-01,0.248898,0.025131,0.02681,9,9,1.0,31.85687,96861891.0
821,2025,5,2025-05-01,0.53132,0.03289,0.046047,9,9,1.0,24.119636,89188846.0
821,2025,6,2025-06-01,1.241284,0.03777,0.039463,9,9,1.0,22.851549,91704495.0
821,2025,7,2025-07-01,1.450335,0.029556,0.110402,9,9,1.0,35.661428,94751856.0
821,2025,8,2025-08-01,0.903467,0.028484,0.046283,9,9,1.0,34.809703,94948426.0
821,2025,9,2025-09-01,0.495116,0.026229,0.03882,9,9,1.0,27.860633,89061648.0
837,2019,3,2019-03-01,0.24171,0.034512,0.025725,6,6,1.0,20.442,73511224.0
837,2019,4,2019-04-01,0.300972,0.02707,0.027816,6,6,1.0,37.553965,74389486.0
837,2019,5,2019-05-01,0.490337,0.031103,0.028568,6,6,1.0,28.77556,73985614.0
837,2019,6,2019-06-01,1.09253,0.02954,0.048329,6,6,1.0,35.68621,76811205.0
837,2019,7,2019-07-01,1.039163,0.037089,0.026012,6,6,1.0,25.07302,76826548.0
837,2019,8,2019-08-01,0.817402,0.033296,0.028531,6,6,1.0,25.494256,95194713.0
837,2019,9,2019-09-01,0.49158,0.031282,0.03652,6,6,1.0,24.781181,91974497.0
837,2020,3,2020-03-01,0.193828,0.026045,0.020351,6,6,1.0,30.3295,94604585.0
837,2020,4,2020-04-01,0.272599,0.031262,0.052377,6,6,1.0,22.394441,96808107.0
837,2020,5,2020-05-01,0.34975,0.027595,0.020437,6,6,1.0,35.076543,93035456.0
837,2020,6,2020-06-01,1.10118,0.030167,0.108031,6,6,1.0,34.884501,96006563.0
837,2020,7,2020-07-01,0.987335,0.033975,0.087989,6,6,1.0,29.106321,99686529.0
837,2020,8,2020-08-01,0.781349,0.032061,0.04502,6,6,1.0,29.853542,97684078.0
837,2020,9,2020-09-01,0.444295,0.026915,0.021372,6,6,1.0,25.81771,91237630.0
837,2021,3,2021-03-01,0.182217,0.033358,0.024391,6,6,1.0,23.548407,94409616.0
837,2021,4,2021-04-01,0.258888,0.029031,0.025083,6,6,1.0,27.394405,98410821.0
837,2021,5,2021-05-01,0.566091,0.033027,0.045335,6,6,1.0,23.167206,91970868.0
837,2021,6,2021-06-01,1.070714,0.02815,0.054897,6,6,1.0,41.926827,95947119.0
837,2021,7,2021-07-01,0.941396,0.028722,0.053206,6,6,1.0,41.552938,101406324.0
837,2021,8,2021-08-01,0.653816,0.036984,0.078091,6,6,1.0,19.609429,97445628.0
837,2021,9,2021-09-01,0.497466,0.035024,0.072663,6,6,1.0,19.716953,90094126.0
837,2022,3,2022-03-01,0.192845,0.028554,0.031083,6,6,1.0,32.932139,95748274.0
837,2022,4,2022-04-01,0.377288,0.035751,0.02619,6,6,1.0,23.471697,97595138.0
837,2022,5,2022-05-01,0.355378,0.030012,0.030771,6,6,1.0,28.68247,92699999.0
837,2022,6,2022-06-01,1.097095,0.03026,0.071798,6,6,1.0,38.549886,95901303.0
837,2022,7,2022-07-01,1.165344,0.032989,0.064299,6,6,1.0,32.092377,102035161.0
837,2022,8,2022-08-01,0.88689,0.027615,0.042192,6,6,1.0,38.006058,98258702.0
837,2022,9,2022-09-01,0.470073,0.033908,0.048566,6,6,1.0,22.648716,88902747.0
837,2023,3,2023-03-01,0.139497,0.039525,0.038786,6,6,1.0,16.23568,93671913.0
837,2023,4,2023-04-01,0.3624,0.026176,0.029353,6,6,1.0,43.27659,98665163.0
837,2023,5,2023-05-01,0.533299,0.0307,0.055026,6,6,1.0,28.440731,95301562.0
837,2023,6,2023-06-01,0.962472,0.02877,0.028813,6,6,1.0,39.071812,96444568.0
837,2023,7,2023-07-01,0.886016,0.031942,0.077176,6,6,1.0,35.591984,101753881.0
837,2023,8,2023-08-01,0.782836,0.031433,0.052128,6,6,1.0,29.97413,96968132.0
837,2023,9,2023-09-01,0.598278,0.03132,0.045077,6,6,1.0,26.663839,90239324.0
837,2024,3,2024-03-01,0.183939,0.036585,0.023916,6,6,1.0,20.023664,86372445.0
837,2024,4,2024-04-01,0.266597,0.033485,0.017319,6,6,1.0,20.981675,95332509.0
837,2024,5,2024-05-01,0.696323,0.025601,0.025486,6,6,1.0,40.044197,89883638.0
837,2024,6,2024-06-01,1.154812,0.033635,0.098092,6,6,1.0,25.680411,84217408.0
837,2024,7,2024-07-01,1.000611,0.033425,0.06821,6,6,1.0,30.142319,95425695.0
837,2024,8,2024-08-01,0.775784,0.031087,0.085015,6,6,1.0,30.007273,91425313.0
837,2024,9,2024-09-01,0.512439,0.02521,0.053324,6,6,1.0,32.684256,85979995.0
837,2025,3,2025-03-01,0.270306,0.028983,0.020392,6,6,1.0,27.144994,87368194.0
837,2025,4,2025-04-01,0.27943,0.028662,0.033484,6,6,1.0,28.884876,96861891.0
837,2025,5,2025-05-01,0.558732,0.03389,0.080769,6,6,1.0,22.271336,89188846.0
837,2025,6,2025-06-01,1.102316,0.038991,0.073786,6,6,1.0,19.633811,91704495.0
837,2025,7,2025-07-01,1.156961,0.029505,0.051916,6,6,1.0,37.304068,94751856.0
837,2025,8,2025-08-01,0.824588,0.030599,0.053836,6,6,1.0,33.844919,94948426.0
837,2025,9,2025-09-01,0.585499,0.02587,0.022531,6,6,1.0,32.916068,89061648.0
838,2019,3,2019-03-01,0.229839,0.033264,0.02643,6,6,1.0,21.522092,73511224.0
838,2019,4,2019-04-01,0.317115,0.026802,0.028969,6,6,1.0,35.739573,74389486.0
838,2019,5,2019-05-01,0.484067,0.030793,0.033665,6,6,1.0,29.752739,73985614.0
838,2019,6,2019-06-01,1.061359,0.029378,0.048913,6,6,1.0,37.260271,76811205.0
838,2019,7,2019-07-01,0.942517,0.036308,0.082974,6,6,1.0,27.169766,76826548.0
838,2019,8,2019-08-01,0.784921,0.031477,0.046195,6,6,1.0,26.54613,95194713.0
838,2019,9,2019-09-01,0.513573,0.031726,0.048706,6,6,1.0,24.995038,91974497.0
838,2020,3,2020-03-01,0.200672,0.02651,0.025598,6,6,1.0,31.409431,94604585.0
838,2020,4,2020-04-01,0.269927,0.031471,0.043146,6,6,1.0,22.807588,96808107.0
838,2020,5,2020-05-01,0.344079,0.027205,0.020134,6,6,1.0,34.076843,93035456.0
838,2020,6,2020-06-01,1.081233,0.029889,0.067753,6,6,1.0,33.843214,96006563.0
838,2020,7,2020-07-01,0.921282,0.033259,0.047055,6,6,1.0,30.66414,99686529.0
838,2020,8,2020-08-01,0.741064,0.031618,0.044554,6,6,1.0,30.032868,97684078.0
838,2020,9,2020-09-01,0.447533,0.027894,0.034446,6,6,1.0,26.608995,91237630.0
838,2021,3,2021-03-01,0.210635,0.032381,0.05088,6,6,1.0,24.03834,94409616.0
838,2021,4,2021-04-01,0.329596,0.027709,0.060545,6,6,1.0,28.646892,98410821.0
838,2021,5,2021-05-01,0.565872,0.033537,0.038847,6,6,1.0,22.467722,91970868.0
838,2021,6,2021-06-01,1.007204,0.028266,0.061741,6,6,1.0,44.168288,95947119.0
838,2021,7,2021-07-01,0.898212,0.028196,0.042195,6,6,1.0,44.128261,101406324.0
838,2021,8,2021-08-01,0.635026,0.035616,0.079475,6,6,1.0,21.008652,97445628.0
838,2021,9,2021-09-01,0.492822,0.03555,0.053166,6,6,1.0,18.781122,90094126.0
838,2022,3,2022-03-01,0.24865,0.028153,0.034672,6,6,1.0,33.368274,95748274.0
838,2022,4,2022-04-01,0.473489,0.035548,0.047508,6,6,1.0,22.98721,97595138.0
838,2022,5,2022-05-01,0.352154,0.029652,0.023256,6,6,1.0,28.585744,92699999.0
838,2022,6,2022-06-01,1.077809,0.029814,0.079194,6,6,1.0,39.72085,95901303.0
838,2022,7,2022-07-01,1.032603,0.032609,0.066309,6,6,1.0,34.204199,102035161.0
838,2022,8,2022-08-01,0.858817,0.028017,0.0211,6,6,1.0,36.905623,98258702.0
838,2022,9,2022-09-01,0.466571,0.03727,0.113703,6,6,1.0,19.575041,88902747.0
838,2023,3,2023-03-01,0.207194,0.039999,0.041751,6,6,1.0,16.150785,93671913.0
838,2023,4,2023-04-01,0.401787,0.02593,0.020377,6,6,1.0,43.23619,98665163.0
838,2023,5,2023-05-01,0.585374,0.030813,0.020009,6,6,1.0,26.482439,95301562.0
838,2023,6,2023-06-01,0.996472,0.028326,0.042544,6,6,1.0,39.315977,96444568.0
838,2023,7,2023-07-01,0.880424,0.03129,0.050497,6,6,1.0,36.74534,101753881.0
838,2023,8,2023-08-01,0.812806,0.032203,0.070102,6,6,1.0,27.554026,96968132.0
838,2023,9,2023-09-01,0.512778,0.031457,0.043189,6,6,1.0,27.775409,90239324.0
838,2024,3,2024-03-01,0.204359,0.036495,0.042346,6,6,1.0,19.271888,86372445.0
838,2024,4,2024-04-01,0.268738,0.034082,0.023253,6,6,1.0,19.566412,95332509.0
838,2024,5,2024-05-01,0.700269,0.025004,0.032861,6,6,1.0,40.655778,89883638.0
838,2024,6,2024-06-01,1.031713,0.033847,0.057987,6,6,1.0,27.515198,84217408.0
838,2024,7,2024-07-01,0.934552,0.033095,0.087403,6,6,1.0,29.871258,95425695.0
838,2024,8,2024-08-01,0.778978,0.030506,0.026587,6,6,1.0,29.355166,91425313.0
838,2024,9,2024-09-01,0.548816,0.025519,0.037746,6,6,1.0,32.910525,85979995.0
838,2025,3,2025-03-01,0.277946,0.029933,0.011658,6,6,1.0,26.272819,87368194.0
838,2025,4,2025-04-01,0.318647,0.029632,0.027787,6,6,1.0,28.970331,96861891.0
838,2025,5,2025-05-01,0.553614,0.033359,0.012612,6,6,1.0,20.435736,89188846.0
838,2025,6,2025-06-01,1.093529,0.03795,0.062748,6,6,1.0,20.974432,91704495.0
838,2025,7,2025-07-01,1.082826,0.029117,0.044798,6,6,1.0,39.18846,94751856.0
838,2025,8,2025-08-01,0.788275,0.028907,0.026539,6,6,1.0,35.477847,94948426.0
838,2025,9,2025-09-01,0.563621,0.026507,0.047116,6,6,1.0,32.560083,89061648.0
839,2019,3,2019-03-01,0.223698,0.03475,0.024913,6,6,1.0,21.381715,73511224.0
839,2019,4,2019-04-01,0.318707,0.0278,0.025314,6,6,1.0,35.368802,74389486.0
839,2019,5,2019-05-01,0.487626,0.031581,0.029327,6,6,1.0,29.334797,73985614.0
839,2019,6,2019-06-01,1.024848,0.030875,0.033572,6,6,1.0,36.527346,76811205.0
839,2019,7,2019-07-01,0.841766,0.036657,0.060901,6,6,1.0,26.94076,76826548.0
839,2019,8,2019-08-01,0.676551,0.032669,0.048065,6,6,1.0,27.565487,95194713.0
839,2019,9,2019-09-01,0.544669,0.032822,0.027215,6,6,1.0,25.572314,91974497.0
839,2020,3,2020-03-01,0.185034,0.027588,0.030354,6,6,1.0,31.956524,94604585.0
839,2020,4,2020-04-01,0.268726,0.031988,0.043279,6,6,1.0,23.842582,96808107.0
839,2020,5,2020-05-01,0.363929,0.028716,0.049864,6,6,1.0,36.87072,93035456.0
839,2020,6,2020-06-01,0.979887,0.030571,0.047836,6,6,1.0,34.404,96006563.0
839,2020,7,2020-07-01,0.971467,0.03562,0.036045,6,6,1.0,30.020103,99686529.0
839,2020,8,2020-08-01,0.739057,0.032041,0.056459,6,6,1.0,29.947931,97684078.0
839,2020,9,2020-09-01,0.451093,0.029789,0.048471,6,6,1.0,26.886593,91237630.0
839,2021,3,2021-03-01,0.178736,0.033558,0.06133,6,6,1.0,24.323744,94409616.0
839,2021,4,2021-04-01,0.34403,0.028237,0.035039,6,6,1.0,29.525263,98410821.0
839,2021,5,2021-05-01,0.516226,0.034768,0.042652,6,6,1.0,21.211711,91970868.0
839,2021,6,2021-06-01,0.937744,0.029045,0.094087,6,6,1.0,41.505579,95947119.0
839,2021,7,2021-07-01,0.824676,0.028899,0.061627,6,6,1.0,42.207494,101406324.0
839,2021,8,2021-08-01,0.707433,0.036681,0.035587,6,6,1.0,20.93793,97445628.0
839,2021,9,2021-09-01,0.481047,0.035386,0.094383,6,6,1.0,18.233765,90094126.0
839,2022,3,2022-03-01,0.266545,0.02865,0.052606,6,6,1.0,33.94807,95748274.0
839,2022,4,2022-04-01,0.427314,0.035866,0.057352,6,6,1.0,23.075616,97595138.0
839,2022,5,2022-05-01,0.35397,0.031571,0.028178,6,6,1.0,26.758608,92699999.0
839,2022,6,2022-06-01,1.018071,0.03154,0.03081,6,6,1.0,37.185661,95901303.0
839,2022,7,2022-07-01,0.921505,0.033348,0.05443,6,6,1.0,32.508684,102035161.0
839,2022,8,2022-08-01,0.884756,0.028827,0.03152,6,6,1.0,36.243269,98258702.0
839,2022,9,2022-09-01,0.489346,0.036492,0.064335,6,6,1.0,20.002474,88902747.0
839,2023,3,2023-03-01,0.185785,0.040621,0.053676,6,6,1.0,16.583418,93671913.0
839,2023,4,2023-04-01,0.389056,0.026822,0.029736,6,6,1.0,43.919411,98665163.0
839,2023,5,2023-05-01,0.584588,0.030572,0.034525,6,6,1.0,29.392364,95301562.0
839,2023,6,2023-06-01,0.969773,0.029779,0.027402,6,6,1.0,38.223623,96444568.0
839,2023,7,2023-07-01,0.87005,0.031878,0.047214,6,6,1.0,37.949327,101753881.0
839,2023,8,2023-08-01,0.743129,0.033619,0.035533,6,6,1.0,26.684476,96968132.0
839,2023,9,2023-09-01,0.481329,0.032113,0.03437,6,6,1.0,26.940379,90239324.0
839,2024,3,2024-03-01,0.161716,0.036528,0.017723,6,6,1.0,19.350877,86372445.0
839,2024,4,2024-04-01,0.244796,0.034579,0.050081,6,6,1.0,20.202122,95332509.0
839,2024,5,2024-05-01,0.6525,0.026112,0.01872,6,6,1.0,39.727513,89883638.0
839,2024,6,2024-06-01,1.06003,0.033321,0.031255,6,6,1.0,27.649202,84217408.0
839,2024,7,2024-07-01,0.887336,0.034976,0.051033,6,6,1.0,28.265596,95425695.0
839,2024,8,2024-08-01,0.788097,0.031006,0.030188,6,6,1.0,28.8931,91425313.0
839,2024,9,2024-09-01,0.488272,0.026673,0.020466,6,6,1.0,30.611983,85979995.0
839,2025,3,2025-03-01,0.281739,0.029753,0.024115,6,6,1.0,25.834443,87368194.0
839,2025,4,2025-04-01,0.302226,0.031202,0.025544,6,6,1.0,26.632286,96861891.0
839,2025,5,2025-05-01,0.533438,0.034024,0.025621,6,6,1.0,23.287505,89188846.0
839,2025,6,2025-06-01,0.951347,0.038464,0.057717,6,6,1.0,21.894314,91704495.0
839,2025,7,2025-07-01,0.9894,0.02998,0.0328,6,6,1.0,41.744353,94751856.0
839,2025,8,2025-08-01,0.797769,0.029872,0.024251,6,6,1.0,34.436176,94948426.0
839,2025,9,2025-09-01,0.485382,0.02742,0.026234,6,6,1.0,32.549711,89061648.0
871,2019,3,2019-03-01,0.085853,0.031075,0.037164,8,8,1.0,21.370425,73511224.0
871,2019,4,2019-04-01,0.237046,0.025322,0.032369,8,8,1.0,33.627098,74389486.0
871,2019,5,2019-05-01,0.359956,0.028428,0.028692,8,8,1.0,35.778413,73985614.0
871,2019,6,2019-06-01,1.203142,0.028331,0.064131,8,8,1.0,39.884582,76811205.0
871,2019,7,2019-07-01,0.923639,0.030691,0.082659,8,8,1.0,35.860301,76826548.0
871,2019,8,2019-08-01,0.594667,0.028336,0.053744,8,8,1.0,32.809401,95194713.0
871,2019,9,2019-09-01,0.3391,0.028072,0.038877,8,8,1.0,29.136916,91974497.0
871,2020,3,2020-03-01,0.101065,0.024068,0.027866,8,8,1.0,34.029021,94604585.0
871,2020,4,2020-04-01,0.140792,0.025286,0.043547,8,8,1.0,34.64095,96808107.0
871,2020,5,2020-05-01,0.267791,0.025428,0.026994,8,8,1.0,41.70511,93035456.0
871,2020,6,2020-06-01,1.023025,0.028472,0.063815,8,8,1.0,40.848725,96006563.0
871,2020,7,2020-07-01,0.909693,0.03324,0.06827,8,8,1.0,31.227713,99686529.0
871,2020,8,2020-08-01,0.867308,0.029087,0.089842,8,8,1.0,36.006134,97684078.0
871,2020,9,2020-09-01,0.434392,0.027239,0.015672,8,8,1.0,31.237215,91237630.0
871,2021,3,2021-03-01,0.091817,0.025665,0.033831,8,8,1.0,27.589019,94409616.0
871,2021,4,2021-04-01,0.216008,0.025305,0.015038,8,8,1.0,29.644198,98410821.0
871,2021,5,2021-05-01,0.319708,0.029483,0.036051,8,8,1.0,30.450486,91970868.0
871,2021,6,2021-06-01,1.079723,0.028761,0.06789,8,8,1.0,40.457303,95947119.0
871,2021,7,2021-07-01,0.93997,0.028305,0.043659,8,8,1.0,41.827816,101406324.0
871,2021,8,2021-08-01,0.547088,0.028631,0.044792,8,8,1.0,37.329261,97445628.0
871,2021,9,2021-09-01,0.476838,0.029732,0.038339,8,8,1.0,27.854032,90094126.0
871,2022,3,2022-03-01,0.120158,0.024505,0.058503,8,8,1.0,35.27391,95748274.0
871,2022,4,2022-04-01,0.146526,0.025936,0.019983,8,8,1.0,37.021227,97595138.0
871,2022,5,2022-05-01,0.259413,0.027321,0.038767,8,8,1.0,37.492099,92699999.0
871,2022,6,2022-06-01,1.130703,0.030398,0.055221,8,8,1.0,34.125542,95901303.0
871,2022,7,2022-07-01,1.109417,0.034054,0.101591,8,8,1.0,31.239989,102035161.0
871,2022,8,2022-08-01,0.821761,0.027723,0.049473,8,8,1.0,37.752249,98258702.0
871,2022,9,2022-09-01,0.384015,0.02837,0.021119,8,8,1.0,31.140645,88902747.0
871,2023,3,2023-03-01,0.21046,0.042108,0.090947,8,8,1.0,17.465553,93671913.0
871,2023,4,2023-04-01,0.235919,0.026676,0.04353,8,8,1.0,37.411358,98665163.0
871,2023,5,2023-05-01,0.407782,0.024318,0.034095,8,8,1.0,45.002924,95301562.0
871,2023,6,2023-06-01,0.956338,0.027503,0.045249,8,8,1.0,43.911105,96444568.0
871,2023,7,2023-07-01,0.874787,0.034234,0.103004,8,8,1.0,30.840794,101753881.0
871,2023,8,2023-08-01,0.744435,0.03522,0.045857,8,8,1.0,22.335849,96968132.0
871,2023,9,2023-09-01,0.435575,0.027687,0.050215,8,8,1.0,31.689055,90239324.0
871,2024,3,2024-03-01,0.075952,0.031481,0.033121,8,8,1.0,23.063097,86372445.0
871,2024,4,2024-04-01,0.123902,0.036183,0.08284,8,8,1.0,20.834158,95332509.0
871,2024,5,2024-05-01,0.512752,0.024624,0.036459,8,8,1.0,41.462722,89883638.0
871,2024,6,2024-06-01,1.186735,0.032958,0.06203,8,8,1.0,30.562032,84217408.0
871,2024,7,2024-07-01,1.028601,0.035337,0.068138,8,8,1.0,29.926875,95425695.0
871,2024,8,2024-08-01,0.689062,0.030997,0.051117,8,8,1.0,30.966363,91425313.0
871,2024,9,2024-09-01,0.503183,0.025234,0.025028,8,8,1.0,33.534915,85979995.0
871,2025,3,2025-03-01,0.209638,0.027599,0.032603,8,8,1.0,26.288036,87368194.0
871,2025,4,2025-04-01,0.248739,0.026486,0.031863,8,8,1.0,34.150797,96861891.0
871,2025,5,2025-05-01,0.46996,0.02983,0.040224,8,8,1.0,33.315397,89188846.0
871,2025,6,2025-06-01,1.167406,0.032161,0.071952,8,8,1.0,33.595944,91704495.0
871,2025,7,2025-07-01,1.267968,0.031497,0.066638,8,8,1.0,37.490901,94751856.0
871,2025,8,2025-08-01,0.702671,0.031158,0.088541,8,8,1.0,30.83202,94948426.0
871,2025,9,2025-09-01,0.466351,0.026062,0.06353,8,8,1.0,36.744383,89061648.0
903,2019,3,2019-03-01,0.188703,0.033994,0.037002,9,9,1.0,19.878905,73511224.0
903,2019,4,2019-04-01,0.312559,0.025849,0.043104,9,9,1.0,35.468416,74389486.0
903,2019,5,2019-05-01,0.407463,0.030792,0.029409,9,9,1.0,26.389488,73985614.0
903,2019,6,2019-06-01,0.970317,0.027451,0.050731,9,9,1.0,37.722914,76811205.0
903,2019,7,2019-07-01,0.895845,0.035679,0.07108,9,9,1.0,25.027107,76826548.0
903,2019,8,2019-08-01,0.693713,0.030771,0.040128,9,9,1.0,26.434915,95194713.0
903,2019,9,2019-09-01,0.427092,0.030196,0.038795,9,9,1.0,27.311017,91974497.0
903,2020,3,2020-03-01,0.217164,0.025045,0.040033,9,9,1.0,30.045613,94604585.0
903,2020,4,2020-04-01,0.239714,0.030933,0.041255,9,9,1.0,21.435065,96808107.0
903,2020,5,2020-05-01,0.350248,0.026099,0.030241,9,9,1.0,35.370416,93035456.0
903,2020,6,2020-06-01,0.932626,0.027591,0.055874,9,9,1.0,33.912227,96006563.0
903,2020,7,2020-07-01,0.849528,0.033404,0.093145,9,9,1.0,26.480497,99686529.0
903,2020,8,2020-08-01,0.767362,0.030973,0.051609,9,9,1.0,28.419358,97684078.0
903,2020,9,2020-09-01,0.428066,0.025896,0.032091,9,9,1.0,28.170504,91237630.0
903,2021,3,2021-03-01,0.192463,0.030552,0.021309,9,9,1.0,24.533429,94409616.0
903,2021,4,2021-04-01,0.317506,0.027002,0.04098,9,9,1.0,24.865559,98410821.0
903,2021,5,2021-05-01,0.530156,0.031776,0.020312,9,9,1.0,22.604516,91970868.0
903,2021,6,2021-06-01,0.964318,0.026527,0.044096,9,9,1.0,41.39089,95947119.0
903,2021,7,2021-07-01,0.936723,0.026961,0.02789,9,9,1.0,43.740679,101406324.0
903,2021,8,2021-08-01,0.613329,0.034383,0.068816,9,9,1.0,19.539059,97445628.0
903,2021,9,2021-09-01,0.533431,0.032523,0.050964,9,9,1.0,20.423644,90094126.0
903,2022,3,2022-03-01,0.190182,0.026884,0.028814,9,9,1.0,33.877322,95748274.0
903,2022,4,2022-04-01,0.451318,0.033408,0.083835,9,9,1.0,23.320101,97595138.0
903,2022,5,2022-05-01,0.367157,0.027958,0.027365,9,9,1.0,29.4763,92699999.0
903,2022,6,2022-06-01,0.940584,0.029773,0.057009,9,9,1.0,36.10681,95901303.0
903,2022,7,2022-07-01,0.916823,0.03196,0.072424,9,9,1.0,30.434382,102035161.0
903,2022,8,2022-08-01,0.807313,0.026406,0.022233,9,9,1.0,37.512597,98258702.0
903,2022,9,2022-09-01,0.364773,0.031593,0.074268,9,9,1.0,23.82549,88902747.0
903,2023,3,2023-03-01,0.152364,0.036757,0.035141,9,9,1.0,17.944307,93671913.0
903,2023,4,2023-04-01,0.315093,0.024831,0.026888,9,9,1.0,44.118609,98665163.0
903,2023,5,2023-05-01,0.531937,0.029941,0.027149,9,9,1.0,29.252348,95301562.0
903,2023,6,2023-06-01,0.889653,0.027353,0.033679,9,9,1.0,35.80379,96444568.0
903,2023,7,2023-07-01,0.772757,0.030239,0.055951,9,9,1.0,34.072478,101753881.0
903,2023,8,2023-08-01,0.665736,0.029803,0.038711,9,9,1.0,29.822982,96968132.0
903,2023,9,2023-09-01,0.519684,0.029741,0.044278,9,9,1.0,25.686299,90239324.0
903,2024,3,2024-03-01,0.154479,0.033752,0.039719,9,9,1.0,21.114205,86372445.0
903,2024,4,2024-04-01,0.271132,0.033021,0.026311,9,9,1.0,20.10722,95332509.0
903,2024,5,2024-05-01,0.631163,0.024074,0.020604,9,9,1.0,41.539329,89883638.0
903,2024,6,2024-06-01,1.001349,0.031569,0.090387,9,9,1.0,26.485479,84217408.0
903,2024,7,2024-07-01,0.903032,0.033581,0.049943,9,9,1.0,28.38136,95425695.0
903,2024,8,2024-08-01,0.661157,0.028844,0.062715,9,9,1.0,28.377558,91425313.0
903,2024,9,2024-09-01,0.493403,0.024244,0.025894,9,9,1.0,32.808582,85979995.0
903,2025,3,2025-03-01,0.225958,0.027365,0.039813,9,9,1.0,29.489156,87368194.0
903,2025,4,2025-04-01,0.257591,0.028257,0.029893,9,9,1.0,27.86309,96861891.0
903,2025,5,2025-05-01,0.393419,0.033337,0.086838,9,9,1.0,20.880181,89188846.0
903,2025,6,2025-06-01,0.900063,0.038622,0.091298,9,9,1.0,19.175644,91704495.0
903,2025,7,2025-07-01,1.016774,0.028101,0.052721,9,9,1.0,36.594278,94751856.0
903,2025,8,2025-08-01,0.698262,0.029245,0.03609,9,9,1.0,32.698886,94948426.0
903,2025,9,2025-09-01,0.502803,0.024672,0.038739,9,9,1.0,34.376634,89061648.0
905,2019,3,2019-03-01,0.239885,0.035159,0.044765,9,9,1.0,20.105816,73511224.0
905,2019,4,2019-04-01,0.342163,0.026461,0.037346,9,9,1.0,36.916485,74389486.0
905,2019,5,2019-05-01,0.435724,0.030225,0.046841,9,9,1.0,28.145304,73985614.0
905,2019,6,2019-06-01,1.033029,0.028542,0.02613,9,9,1.0,37.274826,76811205.0
905,2019,7,2019-07-01,1.022643,0.034942,0.064362,9,9,1.0,28.403885,76826548.0
905,2019,8,2019-08-01,0.751895,0.030116,0.048924,9,9,1.0,28.689988,95194713.0
905,2019,9,2019-09-01,0.44818,0.029829,0.031692,9,9,1.0,27.385336,91974497.0
905,2020,3,2020-03-01,0.113549,0.025138,0.031132,9,9,1.0,31.987114,94604585.0
905,2020,4,2020-04-01,0.261776,0.029523,0.032793,9,9,1.0,24.520147,96808107.0
905,2020,5,2020-05-01,0.327789,0.02681,0.028603,9,9,1.0,39.078836,93035456.0
905,2020,6,2020-06-01,1.016291,0.027701,0.104814,9,9,1.0,36.801807,96006563.0
905,2020,7,2020-07-01,1.013269,0.034639,0.065235,9,9,1.0,27.692516,99686529.0
905,2020,8,2020-08-01,0.756397,0.030009,0.028827,9,9,1.0,30.074282,97684078.0
905,2020,9,2020-09-01,0.438159,0.027737,0.039308,9,9,1.0,27.553371,91237630.0
905,2021,3,2021-03-01,0.209523,0.031743,0.045682,9,9,1.0,24.760996,94409616.0
905,2021,4,2021-04-01,0.286931,0.027534,0.030337,9,9,1.0,28.379488,98410821.0
905,2021,5,2021-05-01,0.544804,0.031914,0.054728,9,9,1.0,22.56556,91970868.0
905,2021,6,2021-06-01,0.999181,0.026986,0.070849,9,9,1.0,42.048287,95947119.0
905,2021,7,2021-07-01,0.998318,0.027182,0.057434,9,9,1.0,43.631272,101406324.0
905,2021,8,2021-08-01,0.703083,0.035574,0.031588,9,9,1.0,21.364362,97445628.0
905,2021,9,2021-09-01,0.504561,0.033048,0.085674,9,9,1.0,18.707355,90094126.0
905,2022,3,2022-03-01,0.22889,0.027315,0.040806,9,9,1.0,34.44964,95748274.0
905,2022,4,2022-04-01,0.444452,0.033373,0.0488,9,9,1.0,25.561562,97595138.0
905,2022,5,2022-05-01,0.357738,0.029567,0.042356,9,9,1.0,28.507081,92699999.0
905,2022,6,2022-06-01,1.073845,0.029169,0.082255,9,9,1.0,37.215764,95901303.0
905,2022,7,2022-07-01,1.038912,0.032752,0.073764,9,9,1.0,30.62908,102035161.0
905,2022,8,2022-08-01,0.919011,0.026982,0.022477,9,9,1.0,37.135132,98258702.0
905,2022,9,2022-09-01,0.45028,0.033327,0.054561,9,9,1.0,21.170585,88902747.0
905,2023,3,2023-03-01,0.219667,0.037001,0.053873,9,9,1.0,17.175506,93671913.0
905,2023,4,2023-04-01,0.370647,0.025384,0.038984,9,9,1.0,44.037997,98665163.0
905,2023,5,2023-05-01,0.605806,0.029281,0.063245,9,9,1.0,31.408064,95301562.0
905,2023,6,2023-06-01,0.94234,0.027979,0.044513,9,9,1.0,40.636693,96444568.0
905,2023,7,2023-07-01,0.978284,0.029182,0.055808,9,9,1.0,39.826713,101753881.0
905,2023,8,2023-08-01,0.747412,0.030623,0.05681,9,9,1.0,29.065148,96968132.0
905,2023,9,2023-09-01,0.472946,0.029442,0.031444,9,9,1.0,27.832077,90239324.0
905,2024,3,2024-03-01,0.150489,0.033461,0.021861,9,9,1.0,22.121507,86372445.0
905,2024,4,2024-04-01,0.294441,0.032354,0.023973,9,9,1.0,20.289331,95332509.0
905,2024,5,2024-05-01,0.668436,0.02398,0.026491,9,9,1.0,43.304481,89883638.0
905,2024,6,2024-06-01,1.133053,0.03291,0.084858,9,9,1.0,26.771828,84217408.0
905,2024,7,2024-07-01,0.965946,0.031677,0.068781,9,9,1.0,31.922252,95425695.0
905,2024,8,2024-08-01,0.73606,0.029301,0.03465,9,9,1.0,30.987005,91425313.0
905,2024,9,2024-09-01,0.5259,0.025473,0.038133,9,9,1.0,30.516218,85979995.0
905,2025,3,2025-03-01,0.249833,0.027992,0.035453,9,9,1.0,28.272189,87368194.0
905,2025,4,2025-04-01,0.255998,0.028045,0.049363,9,9,1.0,28.340598,96861891.0
905,2025,5,2025-05-01,0.454321,0.033427,0.05387,9,9,1.0,20.71334,89188846.0
905,2025,6,2025-06-01,0.93811,0.037153,0.079384,9,9,1.0,21.690163,91704495.0
905,2025,7,2025-07-01,1.002106,0.028596,0.047749,9,9,1.0,40.618019,94751856.0
905,2025,8,2025-08-01,0.791809,0.027881,0.042365,9,9,1.0,36.393246,94948426.0
905,2025,9,2025-09-01,0.509494,0.025373,0.035004,9,9,1.0,32.59481,89061648.0
951,2019,3,2019-03-01,0.147135,0.032179,0.038686,6,6,1.0,19.574591,73511224.0
951,2019,4,2019-04-01,0.251088,0.025323,0.018304,6,6,1.0,34.365888,74389486.0
951,2019,5,2019-05-01,0.459068,0.031059,0.02973,6,6,1.0,26.654702,73985614.0
951,2019,6,2019-06-01,0.960303,0.030783,0.058507,6,6,1.0,33.436909,76811205.0
951,2019,7,2019-07-01,0.859854,0.029737,0.095522,6,6,1.0,37.272536,76826548.0
951,2019,8,2019-08-01,0.579641,0.028755,0.075769,6,6,1.0,34.774931,95194713.0
951,2019,9,2019-09-01,0.433669,0.031944,0.086079,6,6,1.0,22.906337,91974497.0
951,2020,3,2020-03-01,0.148642,0.025771,0.038242,6,6,1.0,31.236904,94604585.0
951,2020,4,2020-04-01,0.183234,0.026208,0.035067,6,6,1.0,31.312538,96808107.0
951,2020,5,2020-05-01,0.391321,0.029205,0.043083,6,6,1.0,28.503139,93035456.0
951,2020,6,2020-06-01,0.983772,0.029288,0.090233,6,6,1.0,37.423366,96006563.0
951,2020,7,2020-07-01,0.888537,0.034557,0.08774,6,6,1.0,28.81843,99686529.0
951,2020,8,2020-08-01,0.802739,0.030054,0.065625,6,6,1.0,32.808835,97684078.0
951,2020,9,2020-09-01,0.464969,0.028808,0.041027,6,6,1.0,23.912318,91237630.0
951,2021,3,2021-03-01,0.195247,0.032001,0.043311,6,6,1.0,22.730296,94409616.0
951,2021,4,2021-04-01,0.305956,0.028916,0.036109,6,6,1.0,26.043826,98410821.0
951,2021,5,2021-05-01,0.334549,0.030206,0.045578,6,6,1.0,26.902839,91970868.0
951,2021,6,2021-06-01,0.967005,0.028879,0.072777,6,6,1.0,37.376598,95947119.0
951,2021,7,2021-07-01,0.974362,0.028391,0.057169,6,6,1.0,40.106696,101406324.0
951,2021,8,2021-08-01,0.633032,0.033959,0.046082,6,6,1.0,23.437992,97445628.0
951,2021,9,2021-09-01,0.3757,0.028761,0.043615,6,6,1.0,25.952039,90094126.0
951,2022,3,2022-03-01,0.269125,0.028598,0.06309,6,6,1.0,32.036657,95748274.0
951,2022,4,2022-04-01,0.373231,0.030908,0.056971,6,6,1.0,27.146818,97595138.0
951,2022,5,2022-05-01,0.402362,0.033942,0.035259,6,6,1.0,22.406643,92699999.0
951,2022,6,2022-06-01,0.942387,0.029734,0.093337,6,6,1.0,34.072852,95901303.0
951,2022,7,2022-07-01,1.017757,0.03396,0.030475,6,6,1.0,29.854152,102035161.0
951,2022,8,2022-08-01,0.814954,0.026783,0.046813,6,6,1.0,42.876264,98258702.0
951,2022,9,2022-09-01,0.508246,0.029128,0.024881,6,6,1.0,30.576111,88902747.0
951,2023,3,2023-03-01,0.183211,0.03549,0.05474,6,6,1.0,20.058156,93671913.0
951,2023,4,2023-04-01,0.2843,0.024984,0.03552,6,6,1.0,40.972414,98665163.0
951,2023,5,2023-05-01,0.530607,0.026737,0.036407,6,6,1.0,36.319562,95301562.0
951,2023,6,2023-06-01,0.968499,0.029021,0.071532,6,6,1.0,37.153522,96444568.0
951,2023,7,2023-07-01,0.918778,0.036275,0.085174,6,6,1.0,25.987784,101753881.0
951,2023,8,2023-08-01,0.710443,0.0325,0.047177,6,6,1.0,27.426159,96968132.0
951,2023,9,2023-09-01,0.420377,0.028095,0.044005,6,6,1.0,30.6126,90239324.0
951,2024,3,2024-03-01,0.194049,0.036042,0.043624,6,6,1.0,22.742177,86372445.0
951,2024,4,2024-04-01,0.202359,0.037621,0.029226,6,6,1.0,18.712478,95332509.0
951,2024,5,2024-05-01,0.540211,0.023389,0.032142,6,6,1.0,46.756739,89883638.0
951,2024,6,2024-06-01,1.046349,0.032815,0.11684,6,6,1.0,31.311022,84217408.0
951,2024,7,2024-07-01,1.008161,0.037047,0.083052,6,6,1.0,25.218477,95425695.0
951,2024,8,2024-08-01,0.677515,0.029341,0.043668,6,6,1.0,32.259108,91425313.0
951,2024,9,2024-09-01,0.491597,0.026496,0.048126,6,6,1.0,27.03146,85979995.0
951,2025,3,2025-03-01,0.19299,0.026251,0.029905,6,6,1.0,29.197349,87368194.0
951,2025,4,2025-04-01,0.30342,0.026327,0.014249,6,6,1.0,32.911919,96861891.0
951,2025,5,2025-05-01,0.431298,0.032863,0.089433,6,6,1.0,22.179397,89188846.0
951,2025,6,2025-06-01,0.887469,0.040288,0.063677,6,6,1.0,21.069766,91704495.0
951,2025,7,2025-07-01,1.06464,0.03024,0.080021,6,6,1.0,36.329898,94751856.0
951,2025,8,2025-08-01,0.838509,0.028763,0.036632,6,6,1.0,31.833805,94948426.0
951,2025,9,2025-09-01,0.491846,0.026417,0.030694,6,6,1.0,29.286235,89061648.0
968,2019,3,2019-03-01,0.148442,0.036009,0.032183,9,9,1.0,18.488238,73511224.0
968,2019,4,2019-04-01,0.317646,0.02588,0.027117,9,9,1.0,36.374166,74389486.0
968,2019,5,2019-05-01,0.419224,0.02967,0.037902,9,9,1.0,27.263639,73985614.0
968,2019,6,2019-06-01,0.955378,0.027852,0.054664,9,9,1.0,37.854309,76811205.0
968,2019,7,2019-07-01,0.840291,0.03639,0.057314,9,9,1.0,22.987329,76826548.0
968,2019,8,2019-08-01,0.667666,0.029942,0.032017,9,9,1.0,26.47654,95194713.0
968,2019,9,2019-09-01,0.35907,0.02966,0.041745,9,9,1.0,26.59965,91974497.0
968,2020,3,2020-03-01,0.139459,0.024106,0.024111,9,9,1.0,30.151051,94604585.0
968,2020,4,2020-04-01,0.257055,0.029185,0.077699,9,9,1.0,22.269356,96808107.0
968,2020,5,2020-05-01,0.296261,0.026689,0.05823,9,9,1.0,34.005238,93035456.0
968,2020,6,2020-06-01,0.936495,0.026453,0.048869,9,9,1.0,36.964423,96006563.0
968,2020,7,2020-07-01,0.885822,0.031469,0.071377,9,9,1.0,28.454113,99686529.0
968,2020,8,2020-08-01,0.760661,0.028467,0.063441,9,9,1.0,29.696497,97684078.0
968,2020,9,2020-09-01,0.456525,0.02595,0.07147,9,9,1.0,26.33719,91237630.0
968,2021,3,2021-03-01,0.236427,0.030036,0.036059,9,9,1.0,23.360934,94409616.0
968,2021,4,2021-04-01,0.266918,0.026701,0.019426,9,9,1.0,26.844579,98410821.0
968,2021,5,2021-05-01,0.401804,0.033243,0.082251,9,9,1.0,21.238736,91970868.0
968,2021,6,2021-06-01,0.946219,0.026209,0.086039,9,9,1.0,41.111493,95947119.0
968,2021,7,2021-07-01,0.910668,0.027101,0.104647,9,9,1.0,41.24615,101406324.0
968,2021,8,2021-08-01,0.630582,0.032201,0.097623,9,9,1.0,20.741821,97445628.0
968,2021,9,2021-09-01,0.551225,0.034149,0.06205,9,9,1.0,18.438077,90094126.0
968,2022,3,2022-03-01,0.185747,0.02704,0.025167,9,9,1.0,33.562126,95748274.0
968,2022,4,2022-04-01,0.456278,0.03277,0.057203,9,9,1.0,24.84458,97595138.0
968,2022,5,2022-05-01,0.402099,0.027113,0.052092,9,9,1.0,30.026575,92699999.0
968,2022,6,2022-06-01,1.028674,0.029276,0.079738,9,9,1.0,35.618106,95901303.0
968,2022,7,2022-07-01,0.982074,0.030269,0.032137,9,9,1.0,29.103871,102035161.0
968,2022,8,2022-08-01,0.793845,0.026194,0.029392,9,9,1.0,37.25938,98258702.0
968,2022,9,2022-09-01,0.399515,0.031224,0.054936,9,9,1.0,22.252218,88902747.0
968,2023,3,2023-03-01,0.109283,0.036323,0.030525,9,9,1.0,18.378518,93671913.0
968,2023,4,2023-04-01,0.344776,0.024865,0.035065,9,9,1.0,42.031946,98665163.0
968,2023,5,2023-05-01,0.65373,0.027908,0.06981,9,9,1.0,31.46129,95301562.0
968,2023,6,2023-06-01,0.905328,0.026789,0.056237,9,9,1.0,37.632336,96444568.0
968,2023,7,2023-07-01,0.813429,0.030263,0.065304,9,9,1.0,32.646663,101753881.0
968,2023,8,2023-08-01,0.694767,0.029306,0.076693,9,9,1.0,30.413872,96968132.0
968,2023,9,2023-09-01,0.483331,0.029515,0.037775,9,9,1.0,25.579005,90239324.0
968,2024,3,2024-03-01,0.123986,0.031531,0.021904,9,9,1.0,24.142972,86372445.0
968,2024,4,2024-04-01,0.204645,0.032682,0.034079,9,9,1.0,20.154669,95332509.0
968,2024,5,2024-05-01,0.617519,0.023321,0.018756,9,9,1.0,40.153909,89883638.0
968,2024,6,2024-06-01,0.987148,0.031169,0.045431,9,9,1.0,26.511058,84217408.0
968,2024,7,2024-07-01,0.896375,0.032928,0.056554,9,9,1.0,28.271671,95425695.0
968,2024,8,2024-08-01,0.800761,0.029775,0.064266,9,9,1.0,27.01027,91425313.0
968,2024,9,2024-09-01,0.507457,0.024317,0.043102,9,9,1.0,32.926929,85979995.0
968,2025,3,2025-03-01,0.192769,0.027651,0.05051,9,9,1.0,29.118362,87368194.0
968,2025,4,2025-04-01,0.246737,0.027952,0.030938,9,9,1.0,25.911253,96861891.0
968,2025,5,2025-05-01,0.383718,0.0323,0.076379,9,9,1.0,21.33805,89188846.0
968,2025,6,2025-06-01,0.928145,0.036997,0.08332,9,9,1.0,19.977229,91704495.0
968,2025,7,2025-07-01,0.963714,0.027464,0.05388,9,9,1.0,38.407077,94751856.0
968,2025,8,2025-08-01,0.7926,0.028759,0.06865,9,9,1.0,34.047956,94948426.0
968,2025,9,2025-09-01,0.530587,0.02405,0.038114,9,9,1.0,32.523184,89061648.0
1088,2019,3,2019-03-01,0.115146,0.036475,0.066157,8,8,1.0,18.058193,73511224.0
1088,2019,4,2019-04-01,0.195831,0.024873,0.02411,8,8,1.0,35.386753,74389486.0
1088,2019,5,2019-05-01,0.531009,0.030958,0.03955,8,8,1.0,30.795713,73985614.0
1088,2019,6,2019-06-01,1.238971,0.0314,0.067858,8,8,1.0,38.050778,76811205.0
1088,2019,7,2019-07-01,1.138119,0.033522,0.078658,8,8,1.0,32.530426,76826548.0
1088,2019,8,2019-08-01,0.827142,0.031263,0.047723,8,8,1.0,28.696799,95194713.0
1088,2019,9,2019-09-01,0.464457,0.028411,0.054464,8,8,1.0,32.830773,91974497.0
1088,2020,3,2020-03-01,0.101439,0.026288,0.06585,8,8,1.0,25.8681,94604585.0
1088,2020,4,2020-04-01,0.14477,0.028391,0.03775,8,8,1.0,26.797411,96808107.0
1088,2020,5,2020-05-01,0.416488,0.028194,0.043467,8,8,1.0,37.658602,93035456.0
1088,2020,6,2020-06-01,1.318719,0.031488,0.076126,8,8,1.0,36.113698,96006563.0
1088,2020,7,2020-07-01,1.344351,0.034539,0.099367,8,8,1.0,30.296776,99686529.0
1088,2020,8,2020-08-01,0.979392,0.030009,0.042723,8,8,1.0,38.865077,97684078.0
1088,2020,9,2020-09-01,0.519744,0.028471,0.029582,8,8,1.0,25.896412,91237630.0
1088,2021,3,2021-03-01,0.170729,0.036438,0.031241,8,8,1.0,20.329809,94409616.0
1088,2021,4,2021-04-01,0.265476,0.027194,0.057853,8,8,1.0,29.798435,98410821.0
1088,2021,5,2021-05-01,0.537991,0.032115,0.040943,8,8,1.0,28.767609,91970868.0
1088,2021,6,2021-06-01,1.275132,0.028508,0.065196,8,8,1.0,44.653924,95947119.0
1088,2021,7,2021-07-01,1.134994,0.028668,0.056306,8,8,1.0,43.186956,101406324.0
1088,2021,8,2021-08-01,0.832266,0.036753,0.060369,8,8,1.0,21.21952,97445628.0
1088,2021,9,2021-09-01,0.547013,0.034712,0.033831,8,8,1.0,21.999609,90094126.0
1088,2022,3,2022-03-01,0.21778,0.030684,0.071136,8,8,1.0,30.373133,95748274.0
1088,2022,4,2022-04-01,0.282301,0.031845,0.09783,8,8,1.0,31.496115,97595138.0
1088,2022,5,2022-05-01,0.382667,0.031412,0.042472,8,8,1.0,28.441058,92699999.0
1088,2022,6,2022-06-01,1.277741,0.031973,0.076675,8,8,1.0,36.845082,95901303.0
1088,2022,7,2022-07-01,1.381669,0.03181,0.078214,8,8,1.0,34.244761,102035161.0
1088,2022,8,2022-08-01,1.016937,0.027047,0.038007,8,8,1.0,43.645826,98258702.0
1088,2022,9,2022-09-01,0.46536,0.028947,0.023268,8,8,1.0,31.494363,88902747.0
1088,2023,3,2023-03-01,0.081911,0.038394,0.054635,8,8,1.0,20.582662,93671913.0
1088,2023,4,2023-04-01,0.27177,0.02647,0.034125,8,8,1.0,40.91303,98665163.0
1088,2023,5,2023-05-01,0.61056,0.028181,0.033419,8,8,1.0,34.893869,95301562.0
1088,2023,6,2023-06-01,1.203669,0.029754,0.030332,8,8,1.0,40.238863,96444568.0
1088,2023,7,2023-07-01,1.166269,0.0359,0.13337,8,8,1.0,25.306944,101753881.0
1088,2023,8,2023-08-01,0.885931,0.033245,0.098854,8,8,1.0,31.422957,96968132.0
1088,2023,9,2023-09-01,0.509884,0.028894,0.050613,8,8,1.0,31.207226,90239324.0
1088,2024,3,2024-03-01,0.232372,0.040345,0.055934,8,8,1.0,18.656447,86372445.0
1088,2024,4,2024-04-01,0.176015,0.035685,0.04716,8,8,1.0,18.605783,95332509.0
1088,2024,5,2024-05-01,0.71176,0.023631,0.028505,8,8,1.0,50.543207,89883638.0
1088,2024,6,2024-06-01,1.318523,0.033033,0.088478,8,8,1.0,33.522075,84217408.0
1088,2024,7,2024-07-01,1.185217,0.035899,0.089438,8,8,1.0,27.345815,95425695.0
1088,2024,8,2024-08-01,0.903272,0.030262,0.052059,8,8,1.0,31.901665,91425313.0
1088,2024,9,2024-09-01,0.606577,0.026773,0.045016,8,8,1.0,29.427874,85979995.0
1088,2025,3,2025-03-01,0.146436,0.025796,0.031424,8,8,1.0,34.579679,87368194.0
1088,2025,4,2025-04-01,0.280041,0.025561,0.028045,8,8,1.0,32.701467,96861891.0
1088,2025,5,2025-05-01,0.457501,0.032392,0.024097,8,8,1.0,25.798666,89188846.0
1088,2025,6,2025-06-01,1.194654,0.039359,0.106204,8,8,1.0,21.525999,91704495.0
1088,2025,7,2025-07-01,1.339797,0.030333,0.112429,8,8,1.0,35.289186,94751856.0
1088,2025,8,2025-08-01,0.988256,0.030202,0.059158,8,8,1.0,34.177865,94948426.0
1088,2025,9,2025-09-01,0.534209,0.027305,0.013494,8,8,1.0,30.722956,89061648.0
1089,2019,3,2019-03-01,0.143599,0.037064,0.066918,6,6,1.0,17.151993,73511224.0
1089,2019,4,2019-04-01,0.231421,0.026428,0.021972,6,6,1.0,30.800632,74389486.0
1089,2019,5,2019-05-01,0.506667,0.032938,0.054611,6,6,1.0,25.068215,73985614.0
1089,2019,6,2019-06-01,1.228097,0.031622,0.0663,6,6,1.0,35.31284,76811205.0
1089,2019,7,2019-07-01,1.116851,0.033273,0.124474,6,6,1.0,31.841078,76826548.0
1089,2019,8,2019-08-01,0.82248,0.031291,0.031906,6,6,1.0,28.62595,95194713.0
1089,2019,9,2019-09-01,0.520491,0.028455,0.036288,6,6,1.0,30.255911,91974497.0
1089,2020,3,2020-03-01,0.081581,0.02571,0.026749,6,6,1.0,24.336089,94604585.0
1089,2020,4,2020-04-01,0.112855,0.029118,0.037917,6,6,1.0,26.074359,96808107.0
1089,2020,5,2020-05-01,0.407974,0.02867,0.096323,6,6,1.0,36.008262,93035456.0
1089,2020,6,2020-06-01,1.34094,0.031739,0.086709,6,6,1.0,33.584862,96006563.0
1089,2020,7,2020-07-01,1.29275,0.036861,0.10715,6,6,1.0,27.157441,99686529.0
1089,2020,8,2020-08-01,0.940363,0.02942,0.071593,6,6,1.0,37.270622,97684078.0
1089,2020,9,2020-09-01,0.502199,0.027967,0.056133,6,6,1.0,23.852538,91237630.0
1089,2021,3,2021-03-01,0.159179,0.035228,0.030963,6,6,1.0,19.127519,94409616.0
1089,2021,4,2021-04-01,0.265224,0.028695,0.04861,6,6,1.0,25.735705,98410821.0
1089,2021,5,2021-05-01,0.504097,0.033115,0.05085,6,6,1.0,25.26636,91970868.0
1089,2021,6,2021-06-01,1.250958,0.028897,0.075824,6,6,1.0,40.774159,95947119.0
1089,2021,7,2021-07-01,1.160679,0.02881,0.078899,6,6,1.0,41.287404,101406324.0
1089,2021,8,2021-08-01,0.745854,0.036801,0.068068,6,6,1.0,20.490551,97445628.0
1089,2021,9,2021-09-01,0.485527,0.03664,0.023858,6,6,1.0,20.369964,90094126.0
1089,2022,3,2022-03-01,0.112946,0.030658,0.070606,6,6,1.0,26.583501,95748274.0
1089,2022,4,2022-04-01,0.297421,0.032003,0.059502,6,6,1.0,29.251892,97595138.0
1089,2022,5,2022-05-01,0.369003,0.030845,0.064747,6,6,1.0,25.613602,92699999.0
1089,2022,6,2022-06-01,1.259321,0.032561,0.120924,6,6,1.0,35.292596,95901303.0
1089,2022,7,2022-07-01,1.382845,0.03248,0.097065,6,6,1.0,32.435763,102035161.0
1089,2022,8,2022-08-01,0.985879,0.027868,0.058233,6,6,1.0,39.494843,98258702.0
1089,2022,9,2022-09-01,0.456189,0.029015,0.050633,6,6,1.0,30.752183,88902747.0
1089,2023,3,2023-03-01,0.048222,0.039148,0.046505,6,6,1.0,19.223146,93671913.0
1089,2023,4,2023-04-01,0.229545,0.026909,0.062892,6,6,1.0,39.564705,98665163.0
1089,2023,5,2023-05-01,0.619281,0.028723,0.047701,6,6,1.0,32.944171,95301562.0
1089,2023,6,2023-06-01,1.147514,0.030943,0.057922,6,6,1.0,38.030976,96444568.0
1089,2023,7,2023-07-01,1.159392,0.036348,0.132245,6,6,1.0,25.192837,101753881.0
1089,2023,8,2023-08-01,0.847689,0.032562,0.090629,6,6,1.0,30.040109,96968132.0
1089,2023,9,2023-09-01,0.546967,0.027665,0.04554,6,6,1.0,30.243691,90239324.0
1089,2024,3,2024-03-01,0.199624,0.038156,0.040549,6,6,1.0,19.518629,86372445.0
1089,2024,4,2024-04-01,0.190288,0.038413,0.044963,6,6,1.0,17.835457,95332509.0
1089,2024,5,2024-05-01,0.662253,0.02403,0.042235,6,6,1.0,48.493853,89883638.0
1089,2024,6,2024-06-01,1.37596,0.033094,0.14053,6,6,1.0,30.556694,84217408.0
1089,2024,7,2024-07-01,1.109121,0.039501,0.127266,6,6,1.0,22.761168,95425695.0
1089,2024,8,2024-08-01,0.791201,0.030199,0.072936,6,6,1.0,29.958644,91425313.0
1089,2024,9,2024-09-01,0.56069,0.02738,0.02605,6,6,1.0,27.288278,85979995.0
1089,2025,3,2025-03-01,0.157987,0.026298,0.0479,6,6,1.0,34.005549,87368194.0
1089,2025,4,2025-04-01,0.284269,0.025791,0.041697,6,6,1.0,30.65209,96861891.0
1089,2025,5,2025-05-01,0.421675,0.032923,0.073428,6,6,1.0,23.602446,89188846.0
1089,2025,6,2025-06-01,1.207181,0.039628,0.077797,6,6,1.0,22.016823,91704495.0
1089,2025,7,2025-07-01,1.444525,0.030935,0.110044,6,6,1.0,33.629804,94751856.0
1089,2025,8,2025-08-01,0.931305,0.029757,0.055956,6,6,1.0,34.655512,94948426.0
1089,2025,9,2025-09-01,0.493318,0.027123,0.041429,6,6,1.0,29.758444,89061648.0
1100,2019,3,2019-03-01,0.208652,0.036286,0.024092,9,9,1.0,19.863484,73511224.0
1100,2019,4,2019-04-01,0.326074,0.027781,0.015566,9,9,1.0,33.571111,74389486.0
1100,2019,5,2019-05-01,0.346784,0.031221,0.036146,9,9,1.0,26.391777,73985614.0
1100,2019,6,2019-06-01,0.777542,0.029702,0.100054,9,9,1.0,36.000807,76811205.0
1100,2019,7,2019-07-01,0.805234,0.037131,0.099862,9,9,1.0,23.942395,76826548.0
1100,2019,8,2019-08-01,0.584666,0.031918,0.090212,9,9,1.0,27.366523,95194713.0
1100,2019,9,2019-09-01,0.40302,0.031578,0.019596,9,9,1.0,25.6071,91974497.0
1100,2020,3,2020-03-01,0.182462,0.026785,0.031549,9,9,1.0,28.33191,94604585.0
1100,2020,4,2020-04-01,0.22209,0.030806,0.046313,9,9,1.0,24.717305,96808107.0
1100,2020,5,2020-05-01,0.29836,0.027161,0.025811,9,9,1.0,35.308243,93035456.0
1100,2020,6,2020-06-01,0.837361,0.028255,0.067368,9,9,1.0,37.592755,96006563.0
1100,2020,7,2020-07-01,0.733973,0.035686,0.083551,9,9,1.0,28.94011,99686529.0
1100,2020,8,2020-08-01,0.678153,0.029214,0.079421,9,9,1.0,31.807397,97684078.0
1100,2020,9,2020-09-01,0.462035,0.028443,0.035752,9,9,1.0,26.350573,91237630.0
1100,2021,3,2021-03-01,0.200458,0.033136,0.026758,9,9,1.0,22.546256,94409616.0
1100,2021,4,2021-04-01,0.243107,0.028264,0.04514,9,9,1.0,29.001835,98410821.0
1100,2021,5,2021-05-01,0.406621,0.035107,0.046409,9,9,1.0,20.044499,91970868.0
1100,2021,6,2021-06-01,0.847212,0.027123,0.0652,9,9,1.0,41.407174,95947119.0
1100,2021,7,2021-07-01,0.832416,0.028994,0.060575,9,9,1.0,38.676162,101406324.0
1100,2021,8,2021-08-01,0.51098,0.033001,0.057289,9,9,1.0,24.303436,97445628.0
1100,2021,9,2021-09-01,0.429537,0.036944,0.038194,9,9,1.0,19.829907,90094126.0
1100,2022,3,2022-03-01,0.179906,0.028887,0.072725,9,9,1.0,35.683608,95748274.0
1100,2022,4,2022-04-01,0.37625,0.034995,0.036801,9,9,1.0,24.279171,97595138.0
1100,2022,5,2022-05-01,0.237039,0.029561,0.047637,9,9,1.0,29.18265,92699999.0
1100,2022,6,2022-06-01,0.868397,0.031576,0.052057,9,9,1.0,34.843674,95901303.0
1100,2022,7,2022-07-01,0.891136,0.032291,0.085476,9,9,1.0,31.354601,102035161.0
1100,2022,8,2022-08-01,0.762599,0.027484,0.037847,9,9,1.0,38.838108,98258702.0
1100,2022,9,2022-09-01,0.413556,0.03366,0.048842,9,9,1.0,21.262857,88902747.0
1100,2023,3,2023-03-01,0.145473,0.041439,0.074642,9,9,1.0,17.119367,93671913.0
1100,2023,4,2023-04-01,0.366935,0.027214,0.044131,9,9,1.0,42.326012,98665163.0
1100,2023,5,2023-05-01,0.588471,0.028731,0.037084,9,9,1.0,31.191509,95301562.0
1100,2023,6,2023-06-01,0.866878,0.0276,0.063524,9,9,1.0,39.500113,96444568.0
1100,2023,7,2023-07-01,0.725743,0.03141,0.0498,9,9,1.0,33.534171,101753881.0
1100,2023,8,2023-08-01,0.675174,0.031406,0.092086,9,9,1.0,29.993582,96968132.0
1100,2023,9,2023-09-01,0.404012,0.02991,0.032922,9,9,1.0,28.145787,90239324.0
1100,2024,3,2024-03-01,0.056245,0.035241,0.039088,9,9,1.0,24.023118,86372445.0
1100,2024,4,2024-04-01,0.210661,0.035151,0.039741,9,9,1.0,21.087642,95332509.0
1100,2024,5,2024-05-01,0.595624,0.024404,0.019291,9,9,1.0,41.932815,89883638.0
1100,2024,6,2024-06-01,0.942026,0.031768,0.072633,9,9,1.0,28.69826,84217408.0
1100,2024,7,2024-07-01,0.834079,0.033915,0.081789,9,9,1.0,27.393207,95425695.0
1100,2024,8,2024-08-01,0.641505,0.030438,0.082485,9,9,1.0,26.777176,91425313.0
1100,2024,9,2024-09-01,0.481835,0.027082,0.019348,9,9,1.0,30.979127,85979995.0
1100,2025,3,2025-03-01,0.192508,0.030129,0.050907,9,9,1.0,29.708401,87368194.0
1100,2025,4,2025-04-01,0.311611,0.028958,0.024143,9,9,1.0,27.07447,96861891.0
1100,2025,5,2025-05-01,0.366527,0.033462,0.039915,9,9,1.0,21.841969,89188846.0
1100,2025,6,2025-06-01,0.905054,0.037298,0.098176,9,9,1.0,23.5094,91704495.0
1100,2025,7,2025-07-01,0.851805,0.028701,0.048628,9,9,1.0,39.982724,94751856.0
1100,2025,8,2025-08-01,0.779698,0.030466,0.033611,9,9,1.0,33.174159,94948426.0
1100,2025,9,2025-09-01,0.487642,0.025698,0.025117,9,9,1.0,34.152457,89061648.0
1155,2019,3,2019-03-01,0.196542,0.030856,0.038387,9,9,1.0,18.45604,73511224.0
1155,2019,4,2019-04-01,0.275146,0.024616,0.032033,9,9,1.0,33.055788,74389486.0
1155,2019,5,2019-05-01,0.456633,0.029208,0.079483,9,9,1.0,29.242117,73985614.0
1155,2019,6,2019-06-01,1.013776,0.030322,0.082778,9,9,1.0,36.701735,76811205.0
1155,2019,7,2019-07-01,0.935799,0.030446,0.052267,9,9,1.0,32.491806,76826548.0
1155,2019,8,2019-08-01,0.722544,0.030394,0.034134,9,9,1.0,27.652972,95194713.0
1155,2019,9,2019-09-01,0.484091,0.028075,0.042648,9,9,1.0,30.399204,91974497.0
1155,2020,3,2020-03-01,0.176892,0.024628,0.032762,9,9,1.0,26.518479,94604585.0
1155,2020,4,2020-04-01,0.193491,0.027562,0.055113,9,9,1.0,27.01516,96808107.0
1155,2020,5,2020-05-01,0.365981,0.026977,0.045706,9,9,1.0,37.269466,93035456.0
1155,2020,6,2020-06-01,1.127273,0.02912,0.118346,9,9,1.0,33.882466,96006563.0
1155,2020,7,2020-07-01,1.019264,0.03361,0.100095,9,9,1.0,28.422889,99686529.0
1155,2020,8,2020-08-01,0.850359,0.027522,0.051343,9,9,1.0,37.267937,97684078.0
1155,2020,9,2020-09-01,0.395156,0.026921,0.048984,9,9,1.0,25.930759,91237630.0
1155,2021,3,2021-03-01,0.208775,0.030717,0.035292,9,9,1.0,21.045916,94409616.0
1155,2021,4,2021-04-01,0.263554,0.028271,0.039913,9,9,1.0,25.074789,98410821.0
1155,2021,5,2021-05-01,0.417522,0.032959,0.083233,9,9,1.0,24.043914,91970868.0
1155,2021,6,2021-06-01,1.082428,0.026792,0.103816,9,9,1.0,41.499634,95947119.0
1155,2021,7,2021-07-01,1.022824,0.027182,0.069949,9,9,1.0,40.85102,101406324.0
1155,2021,8,2021-08-01,0.622982,0.033572,0.04927,9,9,1.0,23.318505,97445628.0
1155,2021,9,2021-09-01,0.470569,0.033198,0.044185,9,9,1.0,19.819164,90094126.0
1155,2022,3,2022-03-01,0.232723,0.025108,0.053427,9,9,1.0,32.35701,95748274.0
1155,2022,4,2022-04-01,0.372866,0.029263,0.047673,9,9,1.0,29.637576,97595138.0
1155,2022,5,2022-05-01,0.372206,0.0297,0.082752,9,9,1.0,27.481811,92699999.0
1155,2022,6,2022-06-01,1.036544,0.029665,0.085121,9,9,1.0,36.545538,95901303.0
1155,2022,7,2022-07-01,1.157887,0.030368,0.070265,9,9,1.0,33.305862,102035161.0
1155,2022,8,2022-08-01,0.872237,0.025375,0.048577,9,9,1.0,39.647517,98258702.0
1155,2022,9,2022-09-01,0.437443,0.028573,0.045731,9,9,1.0,28.194029,88902747.0
1155,2023,3,2023-03-01,0.198672,0.032259,0.047296,9,9,1.0,20.243536,93671913.0
1155,2023,4,2023-04-01,0.365186,0.023993,0.04403,9,9,1.0,42.123027,98665163.0
1155,2023,5,2023-05-01,0.601673,0.027836,0.042165,9,9,1.0,32.936992,95301562.0
1155,2023,6,2023-06-01,1.040529,0.028264,0.083996,9,9,1.0,38.952438,96444568.0
1155,2023,7,2023-07-01,0.950634,0.033319,0.069603,9,9,1.0,27.181688,101753881.0
1155,2023,8,2023-08-01,0.698676,0.031095,0.05024,9,9,1.0,29.757242,96968132.0
1155,2023,9,2023-09-01,0.443624,0.026249,0.03443,9,9,1.0,30.827576,90239324.0
1155,2024,3,2024-03-01,0.245644,0.03603,0.058535,9,9,1.0,19.085339,86372445.0
1155,2024,4,2024-04-01,0.312838,0.03577,0.059219,9,9,1.0,17.074706,95332509.0
1155,2024,5,2024-05-01,0.621829,0.023051,0.036992,9,9,1.0,48.90398,89883638.0
1155,2024,6,2024-06-01,1.082754,0.030729,0.076031,9,9,1.0,32.413018,84217408.0
1155,2024,7,2024-07-01,0.863008,0.036877,0.068645,9,9,1.0,23.346417,95425695.0
1155,2024,8,2024-08-01,0.702055,0.029477,0.038525,9,9,1.0,30.005261,91425313.0
1155,2024,9,2024-09-01,0.527307,0.025759,0.042271,9,9,1.0,28.033416,85979995.0
1155,2025,3,2025-03-01,0.229153,0.024268,0.034708,9,9,1.0,33.655856,87368194.0
1155,2025,4,2025-04-01,0.291341,0.024737,0.043879,9,9,1.0,30.136675,96861891.0
1155,2025,5,2025-05-01,0.39651,0.030545,0.029514,9,9,1.0,23.712319,89188846.0
1155,2025,6,2025-06-01,0.94273,0.035379,0.170432,9,9,1.0,23.464103,91704495.0
1155,2025,7,2025-07-01,1.084568,0.028677,0.128582,9,9,1.0,35.859632,94751856.0
1155,2025,8,2025-08-01,0.862864,0.028381,0.073788,9,9,1.0,34.734401,94948426.0
1155,2025,9,2025-09-01,0.548563,0.02505,0.068672,9,9,1.0,32.006294,89061648.0
1162,2019,3,2019-03-01,0.166188,0.037736,0.032549,6,6,1.0,16.366277,73511224.0
1162,2019,4,2019-04-01,0.288213,0.026743,0.06454,6,6,1.0,30.771369,74389486.0
1162,2019,5,2019-05-01,0.353705,0.030495,0.059741,6,6,1.0,29.250101,73985614.0
1162,2019,6,2019-06-01,0.787538,0.029113,0.075282,6,6,1.0,36.236375,76811205.0
1162,2019,7,2019-07-01,0.671653,0.033485,0.037798,6,6,1.0,26.087053,76826548.0
1162,2019,8,2019-08-01,0.526035,0.029353,0.044385,6,6,1.0,28.064955,95194713.0
1162,2019,9,2019-09-01,0.349321,0.029521,0.057919,6,6,1.0,25.47588,91974497.0
1162,2020,3,2020-03-01,0.129514,0.025646,0.040417,6,6,1.0,25.34537,94604585.0
1162,2020,4,2020-04-01,0.169074,0.031257,0.037106,6,6,1.0,20.400614,96808107.0
1162,2020,5,2020-05-01,0.249062,0.026204,0.04896,6,6,1.0,38.346505,93035456.0
1162,2020,6,2020-06-01,0.800885,0.027805,0.039367,6,6,1.0,34.373742,96006563.0
1162,2020,7,2020-07-01,0.667756,0.031049,0.046321,6,6,1.0,33.230621,99686529.0
1162,2020,8,2020-08-01,0.603773,0.028831,0.088895,6,6,1.0,30.809088,97684078.0
1162,2020,9,2020-09-01,0.394821,0.027417,0.055682,6,6,1.0,26.717006,91237630.0
1162,2021,3,2021-03-01,0.22801,0.035142,0.089567,6,6,1.0,19.289822,94409616.0
1162,2021,4,2021-04-01,0.268025,0.028106,0.033604,6,6,1.0,25.051284,98410821.0
1162,2021,5,2021-05-01,0.362774,0.033321,0.047407,6,6,1.0,23.608191,91970868.0
1162,2021,6,2021-06-01,0.863654,0.027889,0.032564,6,6,1.0,38.943865,95947119.0
1162,2021,7,2021-07-01,0.77238,0.02713,0.050002,6,6,1.0,39.687194,101406324.0
1162,2021,8,2021-08-01,0.538194,0.035293,0.100114,6,6,1.0,21.69547,97445628.0
1162,2021,9,2021-09-01,0.426575,0.034323,0.058022,6,6,1.0,16.747823,90094126.0
1162,2022,3,2022-03-01,0.188714,0.029531,0.05321,6,6,1.0,32.729828,95748274.0
1162,2022,4,2022-04-01,0.409617,0.033665,0.039855,6,6,1.0,24.452139,97595138.0
1162,2022,5,2022-05-01,0.272321,0.02923,0.057007,6,6,1.0,27.729722,92699999.0
1162,2022,6,2022-06-01,0.843462,0.030224,0.031546,6,6,1.0,31.685196,95901303.0
1162,2022,7,2022-07-01,0.766704,0.032554,0.039515,6,6,1.0,29.075593,102035161.0
1162,2022,8,2022-08-01,0.694777,0.026923,0.042338,6,6,1.0,36.242685,98258702.0
1162,2022,9,2022-09-01,0.381587,0.031697,0.054853,6,6,1.0,24.235897,88902747.0
1162,2023,3,2023-03-01,0.173669,0.035626,0.064922,6,6,1.0,22.009662,93671913.0
1162,2023,4,2023-04-01,0.33139,0.026708,0.035474,6,6,1.0,39.655125,98665163.0
1162,2023,5,2023-05-01,0.456637,0.027993,0.037198,6,6,1.0,31.265526,95301562.0
1162,2023,6,2023-06-01,0.804416,0.0266,0.03932,6,6,1.0,39.589353,96444568.0
1162,2023,7,2023-07-01,0.599801,0.032204,0.0596,6,6,1.0,31.128611,101753881.0
1162,2023,8,2023-08-01,0.57418,0.0302,0.067758,6,6,1.0,31.058519,96968132.0
1162,2023,9,2023-09-01,0.308954,0.028779,0.026623,6,6,1.0,27.352251,90239324.0
1162,2024,3,2024-03-01,0.142867,0.035251,0.088164,6,6,1.0,20.421232,86372445.0
1162,2024,4,2024-04-01,0.224153,0.035533,0.043984,6,6,1.0,19.948147,95332509.0
1162,2024,5,2024-05-01,0.537302,0.023531,0.034055,6,6,1.0,43.657991,89883638.0
1162,2024,6,2024-06-01,0.833675,0.031586,0.068021,6,6,1.0,26.363969,84217408.0
1162,2024,7,2024-07-01,0.818852,0.033908,0.06502,6,6,1.0,23.095656,95425695.0
1162,2024,8,2024-08-01,0.653403,0.028591,0.075467,6,6,1.0,30.067986,91425313.0
1162,2024,9,2024-09-01,0.473985,0.026333,0.029046,6,6,1.0,28.441722,85979995.0
1162,2025,3,2025-03-01,0.183995,0.028434,0.022248,6,6,1.0,29.592048,87368194.0
1162,2025,4,2025-04-01,0.22498,0.027752,0.040816,6,6,1.0,26.840359,96861891.0
1162,2025,5,2025-05-01,0.330257,0.032689,0.051229,6,6,1.0,23.437672,89188846.0
1162,2025,6,2025-06-01,0.791563,0.038733,0.093538,6,6,1.0,20.853479,91704495.0
1162,2025,7,2025-07-01,0.776992,0.028667,0.069171,6,6,1.0,33.888197,94751856.0
1162,2025,8,2025-08-01,0.616368,0.02968,0.064278,6,6,1.0,32.088249,94948426.0
1162,2025,9,2025-09-01,0.397107,0.025017,0.038776,6,6,1.0,35.85364,89061648.0
1166,2019,3,2019-03-01,0.22851,0.037414,0.038781,6,6,1.0,19.17437,73511224.0
1166,2019,4,2019-04-01,0.316621,0.028016,0.024982,6,6,1.0,33.958387,74389486.0
1166,2019,5,2019-05-01,0.3864,0.030759,0.028575,6,6,1.0,28.65575,73985614.0
1166,2019,6,2019-06-01,0.698138,0.029413,0.020039,6,6,1.0,35.503639,76811205.0
1166,2019,7,2019-07-01,0.688009,0.037004,0.020952,6,6,1.0,23.743299,76826548.0
1166,2019,8,2019-08-01,0.507104,0.032052,0.032472,6,6,1.0,27.184464,95194713.0
1166,2019,9,2019-09-01,0.3934,0.034397,0.028248,6,6,1.0,21.527918,91974497.0
1166,2020,3,2020-03-01,0.162716,0.02802,0.020288,6,6,1.0,26.778267,94604585.0
1166,2020,4,2020-04-01,0.182869,0.031366,0.049449,6,6,1.0,26.056123,96808107.0
1166,2020,5,2020-05-01,0.27476,0.027009,0.022531,6,6,1.0,39.0324,93035456.0
1166,2020,6,2020-06-01,0.722095,0.027469,0.030449,6,6,1.0,38.024817,96006563.0
1166,2020,7,2020-07-01,0.660933,0.034659,0.050384,6,6,1.0,29.405935,99686529.0
1166,2020,8,2020-08-01,0.58385,0.029887,0.037553,6,6,1.0,32.138713,97684078.0
1166,2020,9,2020-09-01,0.382156,0.028204,0.045239,6,6,1.0,29.269397,91237630.0
1166,2021,3,2021-03-01,0.209588,0.034664,0.023467,6,6,1.0,21.188707,94409616.0
1166,2021,4,2021-04-01,0.225461,0.029813,0.023754,6,6,1.0,28.513519,98410821.0
1166,2021,5,2021-05-01,0.369955,0.035381,0.042843,6,6,1.0,21.765608,91970868.0
1166,2021,6,2021-06-01,0.740615,0.027491,0.050371,6,6,1.0,42.977231,95947119.0
1166,2021,7,2021-07-01,0.755602,0.028594,0.043242,6,6,1.0,40.212428,101406324.0
1166,2021,8,2021-08-01,0.513424,0.033789,0.059874,6,6,1.0,24.733151,97445628.0
1166,2021,9,2021-09-01,0.452977,0.037013,0.047908,6,6,1.0,18.959255,90094126.0
1166,2022,3,2022-03-01,0.145741,0.030135,0.04885,6,6,1.0,34.89723,95748274.0
1166,2022,4,2022-04-01,0.327774,0.035791,0.033526,6,6,1.0,24.791036,97595138.0
1166,2022,5,2022-05-01,0.235042,0.029411,0.040082,6,6,1.0,29.030846,92699999.0
1166,2022,6,2022-06-01,0.800042,0.030039,0.041944,6,6,1.0,34.333481,95901303.0
1166,2022,7,2022-07-01,0.707505,0.034163,0.063699,6,6,1.0,28.834574,102035161.0
1166,2022,8,2022-08-01,0.66384,0.028244,0.043833,6,6,1.0,38.72897,98258702.0
1166,2022,9,2022-09-01,0.411722,0.034335,0.02416,6,6,1.0,23.254366,88902747.0
1166,2023,3,2023-03-01,0.150869,0.044356,0.02409,6,6,1.0,16.228607,93671913.0
1166,2023,4,2023-04-01,0.382372,0.028072,0.034028,6,6,1.0,42.10967,98665163.0
1166,2023,5,2023-05-01,0.516963,0.029268,0.024285,6,6,1.0,35.011373,95301562.0
1166,2023,6,2023-06-01,0.699247,0.028935,0.030722,6,6,1.0,37.888334,96444568.0
1166,2023,7,2023-07-01,0.607002,0.031465,0.011381,6,6,1.0,35.972263,101753881.0
1166,2023,8,2023-08-01,0.550992,0.031439,0.029776,6,6,1.0,31.936882,96968132.0
1166,2023,9,2023-09-01,0.399896,0.030169,0.025962,6,6,1.0,28.090103,90239324.0
1166,2024,3,2024-03-01,0.141537,0.035914,0.029856,6,6,1.0,22.566691,86372445.0
1166,2024,4,2024-04-01,0.284852,0.036713,0.052657,6,6,1.0,21.385558,95332509.0
1166,2024,5,2024-05-01,0.525902,0.024351,0.049673,6,6,1.0,42.064324,89883638.0
1166,2024,6,2024-06-01,0.778258,0.032278,0.047874,6,6,1.0,28.880256,84217408.0
1166,2024,7,2024-07-01,0.651573,0.034003,0.084757,6,6,1.0,27.829707,95425695.0
1166,2024,8,2024-08-01,0.595305,0.030941,0.031893,6,6,1.0,24.331363,91425313.0
1166,2024,9,2024-09-01,0.456112,0.027036,0.040502,6,6,1.0,30.306583,85979995.0
1166,2025,3,2025-03-01,0.186373,0.029544,0.018469,6,6,1.0,30.586229,87368194.0
1166,2025,4,2025-04-01,0.299392,0.029775,0.062737,6,6,1.0,25.907793,96861891.0
1166,2025,5,2025-05-01,0.366971,0.032974,0.021428,6,6,1.0,23.212906,89188846.0
1166,2025,6,2025-06-01,0.721918,0.037442,0.012432,6,6,1.0,25.809108,91704495.0
1166,2025,7,2025-07-01,0.75203,0.028522,0.045509,6,6,1.0,39.942003,94751856.0
1166,2025,8,2025-08-01,0.65603,0.030682,0.061434,6,6,1.0,31.736906,94948426.0
1166,2025,9,2025-09-01,0.431301,0.026112,0.025568,6,6,1.0,33.265988,89061648.0
1170,2019,3,2019-03-01,0.177517,0.050612,0.028105,7,7,1.0,9.345913,73511224.0
1170,2019,4,2019-04-01,0.190432,0.033353,0.046683,7,7,1.0,18.466466,74389486.0
1170,2019,5,2019-05-01,0.279574,0.035539,0.043162,7,7,1.0,12.908569,73985614.0
1170,2019,6,2019-06-01,0.652174,0.030711,0.104729,7,7,1.0,21.888025,76811205.0
1170,2019,7,2019-07-01,0.626186,0.036658,0.106674,7,7,1.0,15.487961,76826548.0
1170,2019,8,2019-08-01,0.502918,0.03378,0.09023,7,7,1.0,13.933434,95194713.0
1170,2019,9,2019-09-01,0.321172,0.034783,0.060086,7,7,1.0,15.616293,91974497.0
1170,2020,3,2020-03-01,0.026287,0.027915,0.065358,7,7,1.0,14.154839,94604585.0
1170,2020,4,2020-04-01,0.03533,0.031584,0.05117,7,7,1.0,16.047593,96808107.0
1170,2020,5,2020-05-01,0.162435,0.027577,0.046066,7,7,1.0,21.69013,93035456.0
1170,2020,6,2020-06-01,0.726482,0.031062,0.126086,7,7,1.0,21.891576,96006563.0
1170,2020,7,2020-07-01,0.692385,0.034787,0.092594,7,7,1.0,16.898462,99686529.0
1170,2020,8,2020-08-01,0.537291,0.032487,0.07891,7,7,1.0,17.006923,97684078.0
1170,2020,9,2020-09-01,0.327734,0.029446,0.04517,7,7,1.0,17.100423,91237630.0
1170,2021,3,2021-03-01,0.125434,0.042612,0.056578,7,7,1.0,11.778892,94409616.0
1170,2021,4,2021-04-01,0.098151,0.032071,0.047647,7,7,1.0,15.058646,98410821.0
1170,2021,5,2021-05-01,0.286096,0.036456,0.028785,7,7,1.0,14.41669,91970868.0
1170,2021,6,2021-06-01,0.726117,0.028333,0.106387,7,7,1.0,26.019737,95947119.0
1170,2021,7,2021-07-01,0.642127,0.03093,0.066404,7,7,1.0,21.46706,101406324.0
1170,2021,8,2021-08-01,0.457132,0.038197,0.043679,7,7,1.0,14.937316,97445628.0
1170,2021,9,2021-09-01,0.35941,0.046658,0.079354,7,7,1.0,9.043684,90094126.0
1170,2022,3,2022-03-01,0.174785,0.037322,0.107972,7,7,1.0,17.280503,95748274.0
1170,2022,4,2022-04-01,0.220638,0.048752,0.054096,7,7,1.0,13.437098,97595138.0
1170,2022,5,2022-05-01,0.161043,0.030335,0.087614,7,7,1.0,17.789361,92699999.0
1170,2022,6,2022-06-01,0.749528,0.037155,0.062125,7,7,1.0,16.869855,95901303.0
1170,2022,7,2022-07-01,0.770049,0.038059,0.131516,7,7,1.0,16.170666,102035161.0
1170,2022,8,2022-08-01,0.583982,0.030773,0.036914,7,7,1.0,20.844971,98258702.0
1170,2022,9,2022-09-01,0.299243,0.039749,0.133885,7,7,1.0,11.581926,88902747.0
1170,2023,3,2023-03-01,0.06823,0.05298,0.109139,7,7,1.0,8.130677,93671913.0
1170,2023,4,2023-04-01,0.219437,0.031449,0.061346,7,7,1.0,21.580829,98665163.0
1170,2023,5,2023-05-01,0.41772,0.030718,0.090918,7,7,1.0,18.435129,95301562.0
1170,2023,6,2023-06-01,0.725788,0.029656,0.071673,7,7,1.0,21.444817,96444568.0
1170,2023,7,2023-07-01,0.654122,0.034188,0.102349,7,7,1.0,17.327123,101753881.0
1170,2023,8,2023-08-01,0.496633,0.031123,0.102721,7,7,1.0,19.075325,96968132.0
1170,2023,9,2023-09-01,0.400112,0.033398,0.057074,7,7,1.0,15.096533,90239324.0
1170,2024,3,2024-03-01,0.035051,0.038586,0.056274,7,7,1.0,15.413043,86372445.0
1170,2024,4,2024-04-01,0.158609,0.047247,0.056125,7,7,1.0,11.275092,95332509.0
1170,2024,5,2024-05-01,0.462677,0.026425,0.062249,7,7,1.0,23.407315,89883638.0
1170,2024,6,2024-06-01,0.64468,0.036038,0.086277,7,7,1.0,16.520073,84217408.0
1170,2024,7,2024-07-01,0.62811,0.038572,0.085113,7,7,1.0,15.196539,95425695.0
1170,2024,8,2024-08-01,0.697818,0.031396,0.055776,7,7,1.0,18.710863,91425313.0
1170,2024,9,2024-09-01,0.366685,0.028954,0.041794,7,7,1.0,16.629515,85979995.0
1170,2025,3,2025-03-01,0.22172,0.037385,0.043991,7,7,1.0,14.703908,87368194.0
1170,2025,4,2025-04-01,0.137452,0.03142,0.01941,7,7,1.0,16.10517,96861891.0
1170,2025,5,2025-05-01,0.247013,0.034315,0.066213,7,7,1.0,13.205562,89188846.0
1170,2025,6,2025-06-01,0.605472,0.037613,0.180249,7,7,1.0,15.142789,91704495.0
1170,2025,7,2025-07-01,0.702155,0.032044,0.097397,7,7,1.0,18.80068,94751856.0
1170,2025,8,2025-08-01,0.618652,0.031203,0.071563,7,7,1.0,17.280129,94948426.0
1170,2025,9,2025-09-01,0.355791,0.02817,0.045615,7,7,1.0,18.201645,89061648.0
1213,2019,3,2019-03-01,0.013245,0.034713,0.050263,6,6,1.0,18.288964,73511224.0
1213,2019,4,2019-04-01,0.178391,0.025191,0.034882,6,6,1.0,31.27438,74389486.0
1213,2019,5,2019-05-01,0.530838,0.031927,0.054885,6,6,1.0,27.377673,73985614.0
1213,2019,6,2019-06-01,1.27686,0.032932,0.063955,6,6,1.0,33.469236,76811205.0
1213,2019,7,2019-07-01,1.108766,0.030367,0.049428,6,6,1.0,36.212144,76826548.0
1213,2019,8,2019-08-01,0.608591,0.029121,0.067099,6,6,1.0,31.423214,95194713.0
1213,2019,9,2019-09-01,0.439069,0.028174,0.042751,6,6,1.0,30.415051,91974497.0
1213,2020,3,2020-03-01,0.017347,0.025341,0.03497,6,6,1.0,29.810292,94604585.0
1213,2020,4,2020-04-01,0.121377,0.026227,0.061209,6,6,1.0,30.673568,96808107.0
1213,2020,5,2020-05-01,0.41678,0.031721,0.060968,6,6,1.0,26.756792,93035456.0
1213,2020,6,2020-06-01,1.13409,0.029036,0.065194,6,6,1.0,39.040289,96006563.0
1213,2020,7,2020-07-01,1.077803,0.03441,0.070584,6,6,1.0,27.407017,99686529.0
1213,2020,8,2020-08-01,0.94325,0.029542,0.040724,6,6,1.0,34.271292,97684078.0
1213,2020,9,2020-09-01,0.4808,0.028654,0.082305,6,6,1.0,26.371745,91237630.0
1213,2021,3,2021-03-01,0.134242,0.034005,0.039673,6,6,1.0,21.111574,94409616.0
1213,2021,4,2021-04-01,0.188724,0.026055,0.060228,6,6,1.0,29.300863,98410821.0
1213,2021,5,2021-05-01,0.510947,0.031388,0.05099,6,6,1.0,28.630873,91970868.0
1213,2021,6,2021-06-01,1.149092,0.029822,0.055603,6,6,1.0,37.662726,95947119.0
1213,2021,7,2021-07-01,0.954063,0.028815,0.089532,6,6,1.0,38.495974,101406324.0
1213,2021,8,2021-08-01,0.671965,0.033618,0.04903,6,6,1.0,24.844989,97445628.0
1213,2021,9,2021-09-01,0.475317,0.031508,0.053953,6,6,1.0,23.108434,90094126.0
1213,2022,3,2022-03-01,0.15455,0.03416,0.065049,6,6,1.0,23.902849,95748274.0
1213,2022,4,2022-04-01,0.200025,0.030942,0.064349,6,6,1.0,24.721392,97595138.0
1213,2022,5,2022-05-01,0.271905,0.029647,0.068573,6,6,1.0,25.195044,92699999.0
1213,2022,6,2022-06-01,1.2705,0.032362,0.054523,6,6,1.0,34.123497,95901303.0
1213,2022,7,2022-07-01,1.202816,0.03333,0.047353,6,6,1.0,31.617749,102035161.0
1213,2022,8,2022-08-01,0.821455,0.026899,0.029263,6,6,1.0,42.332929,98258702.0
1213,2022,9,2022-09-01,0.354707,0.029886,0.059149,6,6,1.0,26.572329,88902747.0
1213,2023,3,2023-03-01,0.12315,0.044091,0.085054,6,6,1.0,15.991381,93671913.0
1213,2023,4,2023-04-01,0.159271,0.025408,0.047949,6,6,1.0,41.069517,98665163.0
1213,2023,5,2023-05-01,0.512642,0.026471,0.058635,6,6,1.0,37.03101,95301562.0
1213,2023,6,2023-06-01,1.160926,0.029479,0.062404,6,6,1.0,35.906761,96444568.0
1213,2023,7,2023-07-01,1.071214,0.036636,0.046661,6,6,1.0,25.425441,101753881.0
1213,2023,8,2023-08-01,0.813463,0.033904,0.058655,6,6,1.0,27.119438,96968132.0
1213,2023,9,2023-09-01,0.493091,0.028352,0.038151,6,6,1.0,29.309338,90239324.0
1213,2024,3,2024-03-01,0.131829,0.038586,0.053998,6,6,1.0,19.194846,86372445.0
1213,2024,4,2024-04-01,0.03513,0.033599,0.033775,6,6,1.0,18.269532,95332509.0
1213,2024,5,2024-05-01,0.523444,0.023538,0.058075,6,6,1.0,45.811765,89883638.0
1213,2024,6,2024-06-01,1.214673,0.033476,0.057249,6,6,1.0,31.214148,84217408.0
1213,2024,7,2024-07-01,1.140569,0.039319,0.082522,6,6,1.0,22.47411,95425695.0
1213,2024,8,2024-08-01,0.756055,0.030958,0.041453,6,6,1.0,29.930157,91425313.0
1213,2024,9,2024-09-01,0.612794,0.024735,0.038388,6,6,1.0,29.966122,85979995.0
1213,2025,3,2025-03-01,0.159843,0.026955,0.041949,6,6,1.0,25.203347,87368194.0
1213,2025,4,2025-04-01,0.116287,0.02619,0.060249,6,6,1.0,33.267862,96861891.0
1213,2025,5,2025-05-01,0.492053,0.034031,0.067822,6,6,1.0,23.657708,89188846.0
1213,2025,6,2025-06-01,1.24529,0.040338,0.065422,6,6,1.0,20.115217,91704495.0
1213,2025,7,2025-07-01,1.401753,0.031062,0.076359,6,6,1.0,34.936926,94751856.0
1213,2025,8,2025-08-01,0.883357,0.029853,0.041691,6,6,1.0,32.975684,94948426.0
1213,2025,9,2025-09-01,0.522933,0.026971,0.020356,6,6,1.0,28.769323,89061648.0
1214,2019,3,2019-03-01,0.029408,0.035938,0.039658,8,8,1.0,15.942199,73511224.0
1214,2019,4,2019-04-01,0.206982,0.027308,0.051467,8,8,1.0,27.611997,74389486.0
1214,2019,5,2019-05-01,0.517686,0.031668,0.066249,8,8,1.0,26.421557,73985614.0
1214,2019,6,2019-06-01,1.194478,0.034016,0.078423,8,8,1.0,30.356991,76811205.0
1214,2019,7,2019-07-01,0.975434,0.031652,0.070416,8,8,1.0,30.753677,76826548.0
1214,2019,8,2019-08-01,0.57966,0.030912,0.078688,8,8,1.0,27.001076,95194713.0
1214,2019,9,2019-09-01,0.377384,0.030657,0.020824,8,8,1.0,25.725241,91974497.0
1214,2020,3,2020-03-01,0.041323,0.026574,0.022926,8,8,1.0,27.019773,94604585.0
1214,2020,4,2020-04-01,0.092829,0.027333,0.064769,8,8,1.0,28.477457,96808107.0
1214,2020,5,2020-05-01,0.361418,0.03168,0.039,8,8,1.0,25.766121,93035456.0
1214,2020,6,2020-06-01,1.053382,0.030258,0.06483,8,8,1.0,34.925775,96006563.0
1214,2020,7,2020-07-01,1.043922,0.035957,0.034796,8,8,1.0,24.946064,99686529.0
1214,2020,8,2020-08-01,0.865546,0.030969,0.082051,8,8,1.0,29.786238,97684078.0
1214,2020,9,2020-09-01,0.436791,0.03084,0.074277,8,8,1.0,22.162681,91237630.0
1214,2021,3,2021-03-01,0.110097,0.037489,0.052179,8,8,1.0,18.603279,94409616.0
1214,2021,4,2021-04-01,0.19064,0.02707,0.04466,8,8,1.0,27.082093,98410821.0
1214,2021,5,2021-05-01,0.417111,0.033369,0.053288,8,8,1.0,25.607773,91970868.0
1214,2021,6,2021-06-01,1.072002,0.029931,0.013208,8,8,1.0,31.825368,95947119.0
1214,2021,7,2021-07-01,0.969741,0.029896,0.027347,8,8,1.0,35.592368,101406324.0
1214,2021,8,2021-08-01,0.610712,0.034934,0.02735,8,8,1.0,21.740681,97445628.0
1214,2021,9,2021-09-01,0.433065,0.031635,0.02816,8,8,1.0,22.846646,90094126.0
1214,2022,3,2022-03-01,0.143609,0.035602,0.065354,8,8,1.0,19.764473,95748274.0
1214,2022,4,2022-04-01,0.201447,0.032194,0.053955,8,8,1.0,20.986829,97595138.0
1214,2022,5,2022-05-01,0.255984,0.031281,0.038721,8,8,1.0,24.318404,92699999.0
1214,2022,6,2022-06-01,1.14593,0.034193,0.061317,8,8,1.0,28.022571,95901303.0
1214,2022,7,2022-07-01,1.059941,0.034801,0.08231,8,8,1.0,27.181324,102035161.0
1214,2022,8,2022-08-01,0.780115,0.027059,0.058249,8,8,1.0,38.221526,98258702.0
1214,2022,9,2022-09-01,0.426581,0.031592,0.065743,8,8,1.0,24.863014,88902747.0
1214,2023,3,2023-03-01,0.170115,0.045968,0.082013,8,8,1.0,12.915343,93671913.0
1214,2023,4,2023-04-01,0.189187,0.027009,0.0456,8,8,1.0,37.130809,98665163.0
1214,2023,5,2023-05-01,0.50331,0.028011,0.057595,8,8,1.0,31.133969,95301562.0
1214,2023,6,2023-06-01,1.034315,0.030649,0.050617,8,8,1.0,33.467364,96444568.0
1214,2023,7,2023-07-01,0.961881,0.036554,0.122158,8,8,1.0,23.83219,101753881.0
1214,2023,8,2023-08-01,0.755974,0.034451,0.100195,8,8,1.0,22.561944,96968132.0
1214,2023,9,2023-09-01,0.418309,0.030558,0.060097,8,8,1.0,24.935725,90239324.0
1214,2024,3,2024-03-01,0.147597,0.040602,0.037322,8,8,1.0,16.240854,86372445.0
1214,2024,4,2024-04-01,0.108476,0.03574,0.07665,8,8,1.0,15.119798,95332509.0
1214,2024,5,2024-05-01,0.532927,0.024351,0.030101,8,8,1.0,41.067371,89883638.0
1214,2024,6,2024-06-01,1.153526,0.034683,0.07813,8,8,1.0,29.690216,84217408.0
1214,2024,7,2024-07-01,0.988502,0.039398,0.154678,8,8,1.0,19.922061,95425695.0
1214,2024,8,2024-08-01,0.700873,0.032113,0.06982,8,8,1.0,26.911079,91425313.0
1214,2024,9,2024-09-01,0.507961,0.026702,0.047601,8,8,1.0,26.556895,85979995.0
1214,2025,3,2025-03-01,0.183194,0.028696,0.036665,8,8,1.0,20.797418,87368194.0
1214,2025,4,2025-04-01,0.14527,0.027233,0.028792,8,8,1.0,29.141499,96861891.0
1214,2025,5,2025-05-01,0.379463,0.034213,0.075536,8,8,1.0,24.776565,89188846.0
1214,2025,6,2025-06-01,1.15374,0.041646,0.123416,8,8,1.0,20.913583,91704495.0
1214,2025,7,2025-07-01,1.201017,0.03186,0.112042,8,8,1.0,31.981985,94751856.0
1214,2025,8,2025-08-01,0.789985,0.030606,0.057219,8,8,1.0,30.124602,94948426.0
1214,2025,9,2025-09-01,0.489309,0.028708,0.040673,8,8,1.0,26.706254,89061648.0
1221,2019,3,2019-03-01,0.144686,0.028519,0.051676,9,9,1.0,19.955793,73511224.0
1221,2019,4,2019-04-01,0.256665,0.02326,0.027144,9,9,1.0,34.336374,74389486.0
1221,2019,5,2019-05-01,0.405318,0.027626,0.032711,9,9,1.0,29.745453,73985614.0
1221,2019,6,2019-06-01,0.953793,0.02901,0.077185,9,9,1.0,36.390945,76811205.0
1221,2019,7,2019-07-01,0.829604,0.028984,0.078094,9,9,1.0,32.026438,76826548.0
1221,2019,8,2019-08-01,0.680787,0.028183,0.056329,9,9,1.0,28.186825,95194713.0
1221,2019,9,2019-09-01,0.429453,0.026917,0.04062,9,9,1.0,30.624998,91974497.0
1221,2020,3,2020-03-01,0.169774,0.024358,0.046262,9,9,1.0,26.247921,94604585.0
1221,2020,4,2020-04-01,0.170083,0.026006,0.036143,9,9,1.0,27.834319,96808107.0
1221,2020,5,2020-05-01,0.336656,0.025564,0.050604,9,9,1.0,34.741705,93035456.0
1221,2020,6,2020-06-01,1.007533,0.026788,0.092764,9,9,1.0,35.501749,96006563.0
1221,2020,7,2020-07-01,0.84703,0.031129,0.067873,9,9,1.0,29.202283,99686529.0
1221,2020,8,2020-08-01,0.775511,0.026894,0.050049,9,9,1.0,35.734146,97684078.0
1221,2020,9,2020-09-01,0.379063,0.026195,0.048801,9,9,1.0,24.850838,91237630.0
1221,2021,3,2021-03-01,0.190872,0.029148,0.029095,9,9,1.0,21.446625,94409616.0
1221,2021,4,2021-04-01,0.286001,0.026538,0.048039,9,9,1.0,27.535597,98410821.0
1221,2021,5,2021-05-01,0.39388,0.031018,0.09571,9,9,1.0,24.014975,91970868.0
1221,2021,6,2021-06-01,0.995709,0.02541,0.076024,9,9,1.0,39.792493,95947119.0
1221,2021,7,2021-07-01,0.942993,0.025455,0.087078,9,9,1.0,41.309724,101406324.0
1221,2021,8,2021-08-01,0.616119,0.030372,0.054272,9,9,1.0,23.710872,97445628.0
1221,2021,9,2021-09-01,0.48868,0.03256,0.067103,9,9,1.0,18.958882,90094126.0
1221,2022,3,2022-03-01,0.195092,0.025295,0.041419,9,9,1.0,32.420504,95748274.0
1221,2022,4,2022-04-01,0.312178,0.028371,0.041618,9,9,1.0,29.7667,97595138.0
1221,2022,5,2022-05-01,0.399309,0.027336,0.091055,9,9,1.0,28.145176,92699999.0
1221,2022,6,2022-06-01,0.945867,0.028205,0.063675,9,9,1.0,35.37106,95901303.0
1221,2022,7,2022-07-01,0.996842,0.028733,0.114485,9,9,1.0,31.021306,102035161.0
1221,2022,8,2022-08-01,0.807207,0.024494,0.058985,9,9,1.0,40.565668,98258702.0
1221,2022,9,2022-09-01,0.373471,0.027291,0.066583,9,9,1.0,28.018045,88902747.0
1221,2023,3,2023-03-01,0.146449,0.031441,0.053987,9,9,1.0,20.784274,93671913.0
1221,2023,4,2023-04-01,0.287286,0.023226,0.071981,9,9,1.0,42.385754,98665163.0
1221,2023,5,2023-05-01,0.594948,0.026134,0.064386,9,9,1.0,32.016024,95301562.0
1221,2023,6,2023-06-01,0.95865,0.026361,0.096674,9,9,1.0,38.132877,96444568.0
1221,2023,7,2023-07-01,0.91869,0.031871,0.066043,9,9,1.0,26.053585,101753881.0
1221,2023,8,2023-08-01,0.692542,0.029292,0.056184,9,9,1.0,29.475361,96968132.0
1221,2023,9,2023-09-01,0.495739,0.02543,0.067998,9,9,1.0,28.626605,90239324.0
1221,2024,3,2024-03-01,0.216207,0.036443,0.044235,9,9,1.0,17.211683,86372445.0
1221,2024,4,2024-04-01,0.305844,0.034015,0.056458,9,9,1.0,16.168872,95332509.0
1221,2024,5,2024-05-01,0.570311,0.021996,0.047206,9,9,1.0,47.485026,89883638.0
1221,2024,6,2024-06-01,0.994023,0.029397,0.100989,9,9,1.0,32.831463,84217408.0
1221,2024,7,2024-07-01,0.879225,0.034761,0.046931,9,9,1.0,24.076477,95425695.0
1221,2024,8,2024-08-01,0.672716,0.027794,0.059821,9,9,1.0,31.614863,91425313.0
1221,2024,9,2024-09-01,0.445001,0.024116,0.058925,9,9,1.0,28.85439,85979995.0
1221,2025,3,2025-03-01,0.178363,0.023758,0.033507,9,9,1.0,31.049836,87368194.0
1221,2025,4,2025-04-01,0.310637,0.02344,0.04254,9,9,1.0,32.191756,96861891.0
1221,2025,5,2025-05-01,0.401042,0.029036,0.051407,9,9,1.0,24.816253,89188846.0
1221,2025,6,2025-06-01,0.817345,0.034624,0.08314,9,9,1.0,23.091335,91704495.0
1221,2025,7,2025-07-01,0.943447,0.027633,0.08155,9,9,1.0,33.65064,94751856.0
1221,2025,8,2025-08-01,0.784938,0.027688,0.046731,9,9,1.0,33.48939,94948426.0
1221,2025,9,2025-09-01,0.485006,0.023856,0.036162,9,9,1.0,31.908327,89061648.0
1231,2019,3,2019-03-01,0.190552,0.039269,0.026227,6,6,1.0,17.134645,73511224.0
1231,2019,4,2019-04-01,0.281971,0.029996,0.036506,6,6,1.0,29.191995,74389486.0
1231,2019,5,2019-05-01,0.337681,0.031769,0.046953,6,6,1.0,28.212668,73985614.0
1231,2019,6,2019-06-01,0.69865,0.031895,0.03455,6,6,1.0,33.028519,76811205.0
1231,2019,7,2019-07-01,0.669936,0.036928,0.05631,6,6,1.0,23.272855,76826548.0
1231,2019,8,2019-08-01,0.542761,0.034357,0.023936,6,6,1.0,24.867459,95194713.0
1231,2019,9,2019-09-01,0.399225,0.034714,0.028234,6,6,1.0,17.753534,91974497.0
1231,2020,3,2020-03-01,0.130624,0.028587,0.038894,6,6,1.0,23.128224,94604585.0
1231,2020,4,2020-04-01,0.159505,0.034715,0.044072,6,6,1.0,22.484525,96808107.0
1231,2020,5,2020-05-01,0.295498,0.027979,0.031531,6,6,1.0,36.141802,93035456.0
1231,2020,6,2020-06-01,0.709011,0.029286,0.075044,6,6,1.0,32.880333,96006563.0
1231,2020,7,2020-07-01,0.611365,0.036485,0.075985,6,6,1.0,26.967462,99686529.0
1231,2020,8,2020-08-01,0.542172,0.030986,0.086714,6,6,1.0,29.69195,97684078.0
1231,2020,9,2020-09-01,0.323285,0.028671,0.039884,6,6,1.0,25.752889,91237630.0
1231,2021,3,2021-03-01,0.21841,0.036807,0.04173,6,6,1.0,18.459476,94409616.0
1231,2021,4,2021-04-01,0.258601,0.030646,0.055774,6,6,1.0,24.776764,98410821.0
1231,2021,5,2021-05-01,0.333677,0.035857,0.039095,6,6,1.0,20.446451,91970868.0
1231,2021,6,2021-06-01,0.750283,0.028541,0.046363,6,6,1.0,38.09328,95947119.0
1231,2021,7,2021-07-01,0.749084,0.030475,0.034386,6,6,1.0,34.501314,101406324.0
1231,2021,8,2021-08-01,0.476129,0.034314,0.077928,6,6,1.0,23.012454,97445628.0
1231,2021,9,2021-09-01,0.426379,0.037107,0.038144,6,6,1.0,16.31739,90094126.0
1231,2022,3,2022-03-01,0.187574,0.031313,0.041737,6,6,1.0,30.874814,95748274.0
1231,2022,4,2022-04-01,0.388432,0.03798,0.035384,6,6,1.0,21.180733,97595138.0
1231,2022,5,2022-05-01,0.285717,0.02986,0.025597,6,6,1.0,26.169175,92699999.0
1231,2022,6,2022-06-01,0.721034,0.032471,0.034585,6,6,1.0,29.47461,95901303.0
1231,2022,7,2022-07-01,0.7568,0.035934,0.015989,6,6,1.0,25.991198,102035161.0
1231,2022,8,2022-08-01,0.703304,0.029886,0.047887,6,6,1.0,31.833466,98258702.0
1231,2022,9,2022-09-01,0.440513,0.036863,0.040922,6,6,1.0,19.677828,88902747.0
1231,2023,3,2023-03-01,0.165988,0.042377,0.058085,6,6,1.0,16.722487,93671913.0
1231,2023,4,2023-04-01,0.339817,0.028891,0.011068,6,6,1.0,38.05225,98665163.0
1231,2023,5,2023-05-01,0.538934,0.029893,0.035006,6,6,1.0,31.900805,95301562.0
1231,2023,6,2023-06-01,0.718362,0.030424,0.03219,6,6,1.0,32.940225,96444568.0
1231,2023,7,2023-07-01,0.574793,0.035836,0.039736,6,6,1.0,26.140633,101753881.0
1231,2023,8,2023-08-01,0.570206,0.03393,0.051138,6,6,1.0,25.438738,96968132.0
1231,2023,9,2023-09-01,0.417425,0.031185,0.033161,6,6,1.0,25.789607,90239324.0
1231,2024,3,2024-03-01,0.192312,0.037668,0.043032,6,6,1.0,20.009336,86372445.0
1231,2024,4,2024-04-01,0.18326,0.03733,0.037921,6,6,1.0,19.205681,95332509.0
1231,2024,5,2024-05-01,0.54332,0.024789,0.03681,6,6,1.0,40.208114,89883638.0
1231,2024,6,2024-06-01,0.733231,0.034522,0.03661,6,6,1.0,25.075342,84217408.0
1231,2024,7,2024-07-01,0.638127,0.034714,0.041082,6,6,1.0,27.726963,95425695.0
1231,2024,8,2024-08-01,0.561878,0.032739,0.046562,6,6,1.0,23.881606,91425313.0
1231,2024,9,2024-09-01,0.507737,0.028174,0.03017,6,6,1.0,25.477453,85979995.0
1231,2025,3,2025-03-01,0.203027,0.030365,0.044825,6,6,1.0,26.693946,87368194.0
1231,2025,4,2025-04-01,0.265845,0.029726,0.026567,6,6,1.0,25.729709,96861891.0
1231,2025,5,2025-05-01,0.309933,0.03575,0.027677,6,6,1.0,20.797343,89188846.0
1231,2025,6,2025-06-01,0.706607,0.040181,0.05161,6,6,1.0,21.955581,91704495.0
1231,2025,7,2025-07-01,0.760388,0.029927,0.022394,6,6,1.0,37.737823,94751856.0
1231,2025,8,2025-08-01,0.661639,0.030537,0.048749,6,6,1.0,33.593989,94948426.0
1231,2025,9,2025-09-01,0.443733,0.026954,0.050138,6,6,1.0,29.543544,89061648.0
1236,2019,3,2019-03-01,0.203427,0.080713,0.192959,9,8,0.963888,3.125362,73511224.0
1236,2019,4,2019-04-01,0.154161,0.044743,0.089726,9,7,0.784822,7.112075,74389486.0
1236,2019,5,2019-05-01,0.2012,0.058008,0.03888,9,7,0.784822,4.712488,73985614.0
1236,2019,6,2019-06-01,0.430859,0.044895,0.165535,9,9,1.0,6.830125,76811205.0
1236,2019,7,2019-07-01,0.488278,0.069991,0.219869,9,8,0.963888,3.830994,76826548.0
1236,2019,8,2019-08-01,0.13515,0.054261,0.154335,9,7,0.784822,4.886436,95194713.0
1236,2019,9,2019-09-01,0.189647,0.048263,0.087816,9,7,0.784822,5.307784,91974497.0
1236,2020,3,2020-03-01,-0.04997,0.04943,0.183692,9,7,0.784822,3.901151,94604585.0
1236,2020,4,2020-04-01,0.138426,0.068084,0.159226,9,8,0.963888,4.430193,96808107.0
1236,2020,5,2020-05-01,0.182062,0.047941,0.109601,9,7,0.784822,6.981756,93035456.0
1236,2020,6,2020-06-01,0.471403,0.041675,0.102431,9,7,0.784822,6.754759,96006563.0
1236,2020,7,2020-07-01,0.278457,0.058443,0.310699,9,8,0.963888,4.969688,99686529.0
1236,2020,8,2020-08-01,0.581791,0.070985,0.319568,9,8,0.963888,5.187352,97684078.0
1236,2020,9,2020-09-01,0.423223,0.060196,0.409929,9,8,0.963888,4.846098,91237630.0
1236,2021,3,2021-03-01,0.284114,0.071791,0.186631,9,7,0.784822,3.379979,94409616.0
1236,2021,4,2021-04-01,0.225338,0.051191,0.116554,9,7,0.784822,4.966134,98410821.0
1236,2021,5,2021-05-01,0.104475,0.065202,0.167357,9,7,0.784822,4.435725,91970868.0
1236,2021,6,2021-06-01,0.505553,0.039563,0.216011,9,8,0.820934,7.452719,95947119.0
1236,2021,7,2021-07-01,0.436605,0.053991,0.079344,9,8,0.963888,5.817278,101406324.0
1236,2021,8,2021-08-01,0.269574,0.050603,0.117178,9,7,0.784822,4.686521,97445628.0
1236,2021,9,2021-09-01,0.295805,0.062757,0.067934,9,7,0.784822,2.964407,90094126.0
1236,2022,3,2022-03-01,0.467493,0.068995,0.266747,9,7,0.784822,5.125985,95748274.0
1236,2022,4,2022-04-01,0.215324,0.07225,0.204349,9,7,0.784822,4.594999,97595138.0
1236,2022,5,2022-05-01,0.179662,0.052956,0.1392,9,7,0.784822,5.856817,92699999.0
1236,2022,6,2022-06-01,0.719877,0.061086,0.160147,9,8,0.963888,4.80641,95901303.0
1236,2022,7,2022-07-01,0.560775,0.066781,0.379318,9,8,0.963888,4.243368,102035161.0
1236,2022,8,2022-08-01,0.477228,0.064314,0.046946,9,9,1.0,6.014119,98258702.0
1236,2022,9,2022-09-01,0.060382,0.063841,0.131166,9,7,0.784822,3.012846,88902747.0
1236,2023,3,2023-03-01,0.072334,0.080615,0.214896,9,7,0.784822,2.572197,93671913.0
1236,2023,4,2023-04-01,0.241553,0.055837,0.042683,9,7,0.784822,8.56308,98665163.0
1236,2023,5,2023-05-01,0.189754,0.049965,0.196007,9,7,0.784822,6.354904,95301562.0
1236,2023,6,2023-06-01,0.569109,0.058674,0.09241,9,8,0.963888,5.425294,96444568.0
1236,2023,7,2023-07-01,0.326147,0.051663,0.138773,9,7,0.784822,5.979466,101753881.0
1236,2023,8,2023-08-01,0.334264,0.064115,0.227796,9,8,0.963888,5.353902,96968132.0
1236,2023,9,2023-09-01,0.38161,0.056137,0.072375,9,7,0.784822,5.231036,90239324.0
1236,2024,3,2024-03-01,0.373406,0.078783,0.153507,9,8,0.963888,4.288573,86372445.0
1236,2024,4,2024-04-01,0.198673,0.056468,0.094779,9,7,0.784822,3.824121,95332509.0
1236,2024,5,2024-05-01,0.431159,0.050572,0.138811,9,8,0.963888,6.772193,89883638.0
1236,2024,6,2024-06-01,0.523765,0.051202,0.304902,9,8,0.820934,5.363095,84217408.0
1236,2024,7,2024-07-01,0.373608,0.051767,0.163611,9,7,0.784822,4.879435,95425695.0
1236,2024,8,2024-08-01,0.490037,0.060596,0.170491,9,8,0.963888,5.018159,91425313.0
1236,2024,9,2024-09-01,0.287384,0.041829,0.073209,9,7,0.784822,5.076817,85979995.0
1236,2025,3,2025-03-01,0.362205,0.068529,0.21389,9,8,0.963888,4.642954,87368194.0
1236,2025,4,2025-04-01,0.064205,0.053862,0.0754,9,7,0.784822,4.924787,96861891.0
1236,2025,5,2025-05-01,0.124083,0.054883,0.08266,9,9,1.0,3.681855,89188846.0
1236,2025,6,2025-06-01,0.423438,0.060061,0.056549,9,7,0.784822,6.064437,91704495.0
1236,2025,7,2025-07-01,0.491889,0.045872,0.101388,9,7,0.784822,6.612162,94751856.0
1236,2025,8,2025-08-01,0.44538,0.052626,0.26802,9,8,0.963888,5.470098,94948426.0
1236,2025,9,2025-09-01,0.303854,0.050794,0.106957,9,7,0.784822,5.76168,89061648.0
1301,2019,3,2019-03-01,0.160594,0.040341,0.106121,9,9,1.0,9.637706,73511224.0
1301,2019,4,2019-04-01,0.259937,0.029518,0.056142,9,9,1.0,14.741971,74389486.0
1301,2019,5,2019-05-01,0.151186,0.028243,0.067259,9,9,1.0,12.831877,73985614.0
1301,2019,6,2019-06-01,0.438695,0.027272,0.046246,9,9,1.0,18.422343,76811205.0
1301,2019,7,2019-07-01,0.330968,0.032786,0.090006,9,9,1.0,10.060276,76826548.0
1301,2019,8,2019-08-01,0.230476,0.03133,0.078236,9,9,1.0,11.785506,95194713.0
1301,2019,9,2019-09-01,0.276882,0.030997,0.05461,9,9,1.0,11.114081,91974497.0
1301,2020,3,2020-03-01,0.008736,0.026718,0.090966,9,9,1.0,13.043011,94604585.0
1301,2020,4,2020-04-01,0.113222,0.030741,0.136882,9,9,1.0,12.100171,96808107.0
1301,2020,5,2020-05-01,0.141569,0.025225,0.05944,9,9,1.0,19.025061,93035456.0
1301,2020,6,2020-06-01,0.494837,0.02439,0.076815,9,9,1.0,16.275365,96006563.0
1301,2020,7,2020-07-01,0.458056,0.029531,0.118128,9,9,1.0,14.575648,99686529.0
1301,2020,8,2020-08-01,0.363232,0.026302,0.068035,9,9,1.0,16.056022,97684078.0
1301,2020,9,2020-09-01,0.178614,0.025987,0.12292,9,9,1.0,13.379691,91237630.0
1301,2021,3,2021-03-01,0.093572,0.038277,0.072345,9,9,1.0,10.572495,94409616.0
1301,2021,4,2021-04-01,0.104406,0.032408,0.090138,9,9,1.0,11.066948,98410821.0
1301,2021,5,2021-05-01,0.09335,0.032969,0.076922,9,9,1.0,10.823035,91970868.0
1301,2021,6,2021-06-01,0.438247,0.023529,0.090946,9,9,1.0,21.194238,95947119.0
1301,2021,7,2021-07-01,0.496589,0.025187,0.102391,9,9,1.0,19.147957,101406324.0
1301,2021,8,2021-08-01,0.279718,0.03242,0.111774,9,9,1.0,11.693994,97445628.0
1301,2021,9,2021-09-01,0.205274,0.03278,0.075754,9,9,1.0,7.103366,90094126.0
1301,2022,3,2022-03-01,0.336324,0.038799,0.132475,9,9,1.0,13.955018,95748274.0
1301,2022,4,2022-04-01,0.280614,0.042084,0.137316,9,9,1.0,8.952202,97595138.0
1301,2022,5,2022-05-01,0.10393,0.02824,0.099553,9,9,1.0,13.320287,92699999.0
1301,2022,6,2022-06-01,0.519809,0.029383,0.150922,9,9,1.0,13.71397,95901303.0
1301,2022,7,2022-07-01,0.439828,0.032361,0.179348,9,9,1.0,11.883855,102035161.0
1301,2022,8,2022-08-01,0.4261,0.025472,0.091193,9,9,1.0,17.880892,98258702.0
1301,2022,9,2022-09-01,0.329391,0.03146,0.141381,9,9,1.0,10.047102,88902747.0
1301,2023,3,2023-03-01,0.26455,0.050507,0.082517,9,9,1.0,7.427212,93671913.0
1301,2023,4,2023-04-01,0.26136,0.031245,0.055189,9,9,1.0,18.445032,98665163.0
1301,2023,5,2023-05-01,0.258722,0.027425,0.108448,9,9,1.0,15.628257,95301562.0
1301,2023,6,2023-06-01,0.528168,0.025793,0.073656,9,9,1.0,18.897945,96444568.0
1301,2023,7,2023-07-01,0.342899,0.032455,0.126207,9,9,1.0,14.310488,101753881.0
1301,2023,8,2023-08-01,0.303137,0.026059,0.145171,9,9,1.0,16.28619,96968132.0
1301,2023,9,2023-09-01,0.32332,0.032896,0.055582,9,9,1.0,11.236326,90239324.0
1301,2024,3,2024-03-01,0.09793,0.037575,0.118,9,9,1.0,12.327536,86372445.0
1301,2024,4,2024-04-01,0.098608,0.036661,0.068849,9,9,1.0,10.002565,95332509.0
1301,2024,5,2024-05-01,0.326333,0.022557,0.074759,9,9,1.0,18.192044,89883638.0
1301,2024,6,2024-06-01,0.572191,0.028972,0.13248,9,9,1.0,14.376819,84217408.0
1301,2024,7,2024-07-01,0.331646,0.032033,0.142349,9,9,1.0,13.841544,95425695.0
1301,2024,8,2024-08-01,0.35657,0.027567,0.09159,9,9,1.0,14.048045,91425313.0
1301,2024,9,2024-09-01,0.26675,0.025557,0.11114,9,9,1.0,15.424336,85979995.0
1301,2025,3,2025-03-01,0.146565,0.032519,0.071802,9,9,1.0,14.503219,87368194.0
1301,2025,4,2025-04-01,0.110376,0.032117,0.077278,9,9,1.0,11.53748,96861891.0
1301,2025,5,2025-05-01,0.078187,0.033958,0.148525,9,9,1.0,11.067565,89188846.0
1301,2025,6,2025-06-01,0.390595,0.037628,0.126262,9,9,1.0,11.45243,91704495.0
1301,2025,7,2025-07-01,0.565875,0.025889,0.089474,9,9,1.0,18.488863,94751856.0
1301,2025,8,2025-08-01,0.505459,0.028062,0.107162,9,9,1.0,14.35017,94948426.0
1301,2025,9,2025-09-01,0.254212,0.026321,0.081069,9,9,1.0,14.092055,89061648.0
1304,2019,3,2019-03-01,0.248611,0.042504,0.102714,6,6,1.0,13.310678,73511224.0
1304,2019,4,2019-04-01,0.301569,0.029539,0.010992,6,6,1.0,23.498165,74389486.0
1304,2019,5,2019-05-01,0.130398,0.030444,0.055871,6,6,1.0,20.908022,73985614.0
1304,2019,6,2019-06-01,0.523573,0.02813,0.109819,6,6,1.0,29.421952,76811205.0
1304,2019,7,2019-07-01,0.472211,0.036754,0.110067,6,6,1.0,17.991141,76826548.0
1304,2019,8,2019-08-01,0.314995,0.028296,0.079078,6,6,1.0,23.091872,95194713.0
1304,2019,9,2019-09-01,0.271315,0.029979,0.058204,6,6,1.0,20.568051,91974497.0
1304,2020,3,2020-03-01,0.030448,0.032091,0.064194,6,6,1.0,15.309868,94604585.0
1304,2020,4,2020-04-01,0.073215,0.032161,0.0678,6,6,1.0,19.677127,96808107.0
1304,2020,5,2020-05-01,0.213192,0.025978,0.073323,6,6,1.0,29.23354,93035456.0
1304,2020,6,2020-06-01,0.572613,0.027011,0.04391,6,6,1.0,25.302698,96006563.0
1304,2020,7,2020-07-01,0.503776,0.031699,0.085945,6,6,1.0,23.659833,99686529.0
1304,2020,8,2020-08-01,0.427969,0.028968,0.061414,6,6,1.0,25.492587,97684078.0
1304,2020,9,2020-09-01,0.288728,0.027973,0.042986,6,6,1.0,21.002391,91237630.0
1304,2021,3,2021-03-01,0.21535,0.038597,0.058411,6,6,1.0,16.285764,94409616.0
1304,2021,4,2021-04-01,0.156096,0.029152,0.074456,6,6,1.0,20.330233,98410821.0
1304,2021,5,2021-05-01,0.244641,0.038117,0.063952,6,6,1.0,14.091742,91970868.0
1304,2021,6,2021-06-01,0.535413,0.02641,0.080883,6,6,1.0,32.258037,95947119.0
1304,2021,7,2021-07-01,0.507147,0.026954,0.121714,6,6,1.0,29.021725,101406324.0
1304,2021,8,2021-08-01,0.386491,0.032858,0.083008,6,6,1.0,19.210218,97445628.0
1304,2021,9,2021-09-01,0.252557,0.03916,0.060093,6,6,1.0,13.827285,90094126.0
1304,2022,3,2022-03-01,0.258138,0.032857,0.105689,6,6,1.0,22.607408,95748274.0
1304,2022,4,2022-04-01,0.361495,0.039418,0.038795,6,6,1.0,18.57709,97595138.0
1304,2022,5,2022-05-01,0.065858,0.030262,0.06565,6,6,1.0,20.715117,92699999.0
1304,2022,6,2022-06-01,0.466828,0.030942,0.152769,6,6,1.0,22.212085,95901303.0
1304,2022,7,2022-07-01,0.564556,0.030006,0.051206,6,6,1.0,26.253845,102035161.0
1304,2022,8,2022-08-01,0.524465,0.026689,0.117712,6,6,1.0,27.886755,98258702.0
1304,2022,9,2022-09-01,0.292202,0.034901,0.057108,6,6,1.0,15.402563,88902747.0
1304,2023,3,2023-03-01,0.216007,0.044706,0.102131,6,6,1.0,12.899639,93671913.0
1304,2023,4,2023-04-01,0.230111,0.030711,0.053109,6,6,1.0,26.853324,98665163.0
1304,2023,5,2023-05-01,0.381624,0.029035,0.074647,6,6,1.0,22.809184,95301562.0
1304,2023,6,2023-06-01,0.566084,0.029966,0.129654,6,6,1.0,24.055581,96444568.0
1304,2023,7,2023-07-01,0.531207,0.032361,0.118764,6,6,1.0,22.915023,101753881.0
1304,2023,8,2023-08-01,0.396225,0.028216,0.117087,6,6,1.0,24.580979,96968132.0
1304,2023,9,2023-09-01,0.271053,0.030051,0.064005,6,6,1.0,17.76193,90239324.0
1304,2024,3,2024-03-01,0.099392,0.033715,0.029234,6,6,1.0,20.72132,86372445.0
1304,2024,4,2024-04-01,0.206748,0.03952,0.036256,6,6,1.0,12.750559,95332509.0
1304,2024,5,2024-05-01,0.334338,0.024968,0.116396,6,6,1.0,29.187662,89883638.0
1304,2024,6,2024-06-01,0.545247,0.029451,0.081298,6,6,1.0,23.878843,84217408.0
1304,2024,7,2024-07-01,0.456977,0.030107,0.129746,6,6,1.0,23.914433,95425695.0
1304,2024,8,2024-08-01,0.308336,0.033126,0.142507,6,6,1.0,19.857143,91425313.0
1304,2024,9,2024-09-01,0.334037,0.026503,0.033453,6,6,1.0,21.987358,85979995.0
1304,2025,3,2025-03-01,0.252043,0.034369,0.076917,6,6,1.0,20.891798,87368194.0
1304,2025,4,2025-04-01,0.177022,0.03216,0.049791,6,6,1.0,18.902495,96861891.0
1304,2025,5,2025-05-01,0.266467,0.03215,0.064062,6,6,1.0,18.379199,89188846.0
1304,2025,6,2025-06-01,0.57754,0.036922,0.05747,6,6,1.0,19.609576,91704495.0
1304,2025,7,2025-07-01,0.565687,0.029507,0.155872,6,6,1.0,25.455113,94751856.0
1304,2025,8,2025-08-01,0.485617,0.028251,0.02719,6,6,1.0,26.381562,94948426.0
1304,2025,9,2025-09-01,0.359519,0.026969,0.038748,6,6,1.0,20.89058,89061648.0
1365,2019,3,2019-03-01,0.185909,0.033578,0.034177,9,9,1.0,20.341019,73511224.0
1365,2019,4,2019-04-01,0.188373,0.026071,0.023315,9,9,1.0,30.532496,74389486.0
1365,2019,5,2019-05-01,0.325641,0.028507,0.06256,9,9,1.0,24.789298,73985614.0
1365,2019,6,2019-06-01,0.715455,0.026369,0.090025,9,9,1.0,35.107295,76811205.0
1365,2019,7,2019-07-01,0.635609,0.032132,0.065029,9,9,1.0,23.803294,76826548.0
1365,2019,8,2019-08-01,0.450495,0.027699,0.094017,9,9,1.0,26.308594,95194713.0
1365,2019,9,2019-09-01,0.338044,0.027134,0.034302,9,9,1.0,23.485273,91974497.0
1365,2020,3,2020-03-01,0.073707,0.024051,0.035342,9,9,1.0,24.197923,94604585.0
1365,2020,4,2020-04-01,0.059654,0.028566,0.044305,9,9,1.0,25.545244,96808107.0
1365,2020,5,2020-05-01,0.152875,0.023359,0.058875,9,9,1.0,37.487129,93035456.0
1365,2020,6,2020-06-01,0.716662,0.023825,0.082769,9,9,1.0,37.066899,96006563.0
1365,2020,7,2020-07-01,0.658742,0.028075,0.122118,9,9,1.0,28.526182,99686529.0
1365,2020,8,2020-08-01,0.493233,0.025754,0.084022,9,9,1.0,33.741764,97684078.0
1365,2020,9,2020-09-01,0.36558,0.023556,0.018761,9,9,1.0,27.663852,91237630.0
1365,2021,3,2021-03-01,0.161102,0.034378,0.046808,9,9,1.0,21.053594,94409616.0
1365,2021,4,2021-04-01,0.209949,0.024653,0.025864,9,9,1.0,28.675219,98410821.0
1365,2021,5,2021-05-01,0.341695,0.02911,0.044484,9,9,1.0,23.094894,91970868.0
1365,2021,6,2021-06-01,0.750464,0.023108,0.073398,9,9,1.0,42.374297,95947119.0
1365,2021,7,2021-07-01,0.711644,0.02374,0.110531,9,9,1.0,40.005867,101406324.0
1365,2021,8,2021-08-01,0.395963,0.029727,0.019315,9,9,1.0,25.130023,97445628.0
1365,2021,9,2021-09-01,0.393653,0.032269,0.037037,9,9,1.0,18.436807,90094126.0
1365,2022,3,2022-03-01,0.176065,0.029686,0.028013,9,9,1.0,30.776176,95748274.0
1365,2022,4,2022-04-01,0.247,0.032407,0.055856,9,9,1.0,24.987574,97595138.0
1365,2022,5,2022-05-01,0.263862,0.0253,0.040846,9,9,1.0,28.821501,92699999.0
1365,2022,6,2022-06-01,0.810466,0.027423,0.109635,9,9,1.0,30.290813,95901303.0
1365,2022,7,2022-07-01,0.764126,0.028657,0.087214,9,9,1.0,28.758289,102035161.0
1365,2022,8,2022-08-01,0.636481,0.026153,0.086371,9,9,1.0,34.550788,98258702.0
1365,2022,9,2022-09-01,0.398028,0.029715,0.037713,9,9,1.0,22.948907,88902747.0
1365,2023,3,2023-03-01,0.125036,0.042213,0.044912,9,9,1.0,14.382211,93671913.0
1365,2023,4,2023-04-01,0.222698,0.02539,0.051775,9,9,1.0,37.010802,98665163.0
1365,2023,5,2023-05-01,0.432822,0.025322,0.063248,9,9,1.0,31.549129,95301562.0
1365,2023,6,2023-06-01,0.726457,0.024801,0.109049,9,9,1.0,35.888405,96444568.0
1365,2023,7,2023-07-01,0.606842,0.029043,0.080311,9,9,1.0,27.718305,101753881.0
1365,2023,8,2023-08-01,0.58631,0.025666,0.062187,9,9,1.0,31.849221,96968132.0
1365,2023,9,2023-09-01,0.361167,0.026239,0.061567,9,9,1.0,26.855583,90239324.0
1365,2024,3,2024-03-01,0.063195,0.033287,0.043629,9,9,1.0,23.708038,86372445.0
1365,2024,4,2024-04-01,0.128306,0.032057,0.053045,9,9,1.0,21.218532,95332509.0
1365,2024,5,2024-05-01,0.480167,0.02072,0.054163,9,9,1.0,41.37306,89883638.0
1365,2024,6,2024-06-01,0.70698,0.027098,0.100976,9,9,1.0,31.695392,84217408.0
1365,2024,7,2024-07-01,0.697361,0.028982,0.091846,9,9,1.0,28.287215,95425695.0
1365,2024,8,2024-08-01,0.585993,0.025939,0.065982,9,9,1.0,25.9673,91425313.0
1365,2024,9,2024-09-01,0.494193,0.023505,0.062269,9,9,1.0,30.002909,85979995.0
1365,2025,3,2025-03-01,0.168918,0.026963,0.026665,9,9,1.0,30.437252,87368194.0
1365,2025,4,2025-04-01,0.168866,0.02641,0.036171,9,9,1.0,25.89781,96861891.0
1365,2025,5,2025-05-01,0.322508,0.029394,0.051749,9,9,1.0,23.590807,89188846.0
1365,2025,6,2025-06-01,0.655611,0.03278,0.106207,9,9,1.0,24.338427,91704495.0
1365,2025,7,2025-07-01,0.715168,0.02482,0.082828,9,9,1.0,37.880924,94751856.0
1365,2025,8,2025-08-01,0.585994,0.02479,0.0479,9,9,1.0,35.372495,94948426.0
1365,2025,9,2025-09-01,0.405855,0.02216,0.05017,9,9,1.0,31.465215,89061648.0
1369,2019,3,2019-03-01,0.047759,0.04185,0.071715,9,9,1.0,11.329543,73511224.0
1369,2019,4,2019-04-01,0.225246,0.031735,0.038276,9,9,1.0,20.366061,74389486.0
1369,2019,5,2019-05-01,0.193148,0.033942,0.062292,9,9,1.0,16.088334,73985614.0
1369,2019,6,2019-06-01,0.540751,0.029915,0.080795,9,9,1.0,24.245608,76811205.0
1369,2019,7,2019-07-01,0.478507,0.036057,0.080713,9,9,1.0,15.620857,76826548.0
1369,2019,8,2019-08-01,0.346045,0.032113,0.045001,9,9,1.0,17.399514,95194713.0
1369,2019,9,2019-09-01,0.269093,0.031259,0.045794,9,9,1.0,16.046895,91974497.0
1369,2020,3,2020-03-01,0.079115,0.028626,0.029088,9,9,1.0,14.740675,94604585.0
1369,2020,4,2020-04-01,0.022901,0.030064,0.044607,9,9,1.0,18.42333,96808107.0
1369,2020,5,2020-05-01,0.223304,0.026503,0.03389,9,9,1.0,25.813176,93035456.0
1369,2020,6,2020-06-01,0.574639,0.02898,0.108839,9,9,1.0,21.462322,96006563.0
1369,2020,7,2020-07-01,0.43234,0.03096,0.097402,9,9,1.0,20.422281,99686529.0
1369,2020,8,2020-08-01,0.436964,0.030431,0.060359,9,9,1.0,19.533471,97684078.0
1369,2020,9,2020-09-01,0.348353,0.028554,0.045436,9,9,1.0,15.993756,91237630.0
1369,2021,3,2021-03-01,0.127703,0.039294,0.093429,9,9,1.0,12.888857,94409616.0
1369,2021,4,2021-04-01,0.099739,0.032023,0.073031,9,9,1.0,17.23357,98410821.0
1369,2021,5,2021-05-01,0.265006,0.032531,0.066801,9,9,1.0,15.978235,91970868.0
1369,2021,6,2021-06-01,0.603033,0.027055,0.051876,9,9,1.0,24.350334,95947119.0
1369,2021,7,2021-07-01,0.529081,0.027967,0.108684,9,9,1.0,22.767903,101406324.0
1369,2021,8,2021-08-01,0.377403,0.033569,0.065093,9,9,1.0,13.584409,97445628.0
1369,2021,9,2021-09-01,0.343841,0.035962,0.042434,9,9,1.0,11.520671,90094126.0
1369,2022,3,2022-03-01,0.268276,0.035458,0.073525,9,9,1.0,17.706633,95748274.0
1369,2022,4,2022-04-01,0.292219,0.039395,0.093178,9,9,1.0,14.608924,97595138.0
1369,2022,5,2022-05-01,0.037963,0.031279,0.04928,9,9,1.0,18.054868,92699999.0
1369,2022,6,2022-06-01,0.613504,0.031723,0.056165,9,9,1.0,18.019034,95901303.0
1369,2022,7,2022-07-01,0.561903,0.034296,0.118103,9,9,1.0,17.574093,102035161.0
1369,2022,8,2022-08-01,0.456937,0.027564,0.072096,9,9,1.0,23.613521,98258702.0
1369,2022,9,2022-09-01,0.323284,0.036248,0.107171,9,9,1.0,12.966448,88902747.0
1369,2023,3,2023-03-01,0.186629,0.047283,0.086094,9,9,1.0,10.171674,93671913.0
1369,2023,4,2023-04-01,0.203655,0.028087,0.028771,9,9,1.0,24.645386,98665163.0
1369,2023,5,2023-05-01,0.432305,0.028235,0.048638,9,9,1.0,20.395222,95301562.0
1369,2023,6,2023-06-01,0.623809,0.029915,0.098059,9,9,1.0,22.147138,96444568.0
1369,2023,7,2023-07-01,0.50097,0.032043,0.052792,9,9,1.0,20.283706,101753881.0
1369,2023,8,2023-08-01,0.33972,0.029572,0.060162,9,9,1.0,21.593489,96968132.0
1369,2023,9,2023-09-01,0.295302,0.031713,0.046225,9,9,1.0,13.249572,90239324.0
1369,2024,3,2024-03-01,0.030606,0.039028,0.068326,9,9,1.0,17.032298,86372445.0
1369,2024,4,2024-04-01,0.092498,0.039915,0.071475,9,9,1.0,12.221076,95332509.0
1369,2024,5,2024-05-01,0.40457,0.025617,0.046975,9,9,1.0,25.88547,89883638.0
1369,2024,6,2024-06-01,0.599112,0.031004,0.06779,9,9,1.0,20.287743,84217408.0
1369,2024,7,2024-07-01,0.50576,0.030269,0.079172,9,9,1.0,21.192481,95425695.0
1369,2024,8,2024-08-01,0.450878,0.029748,0.023774,9,9,1.0,18.617029,91425313.0
1369,2024,9,2024-09-01,0.341582,0.027572,0.037345,9,9,1.0,21.283348,85979995.0
1369,2025,3,2025-03-01,0.152147,0.035321,0.055846,9,9,1.0,17.236112,87368194.0
1369,2025,4,2025-04-01,0.110227,0.033298,0.050229,9,9,1.0,16.556074,96861891.0
1369,2025,5,2025-05-01,0.169881,0.031147,0.084907,9,9,1.0,17.744955,89188846.0
1369,2025,6,2025-06-01,0.490257,0.037098,0.071226,9,9,1.0,17.282455,91704495.0
1369,2025,7,2025-07-01,0.656011,0.028919,0.064728,9,9,1.0,21.306224,94751856.0
1369,2025,8,2025-08-01,0.483732,0.029819,0.083635,9,9,1.0,21.531738,94948426.0
1369,2025,9,2025-09-01,0.370828,0.027233,0.040554,9,9,1.0,20.391959,89061648.0
1370,2019,3,2019-03-01,0.185995,0.041859,0.053783,9,9,1.0,16.977608,73511224.0
1370,2019,4,2019-04-01,0.269839,0.029075,0.021448,9,9,1.0,33.655276,74389486.0
1370,2019,5,2019-05-01,0.195845,0.029567,0.03428,9,9,1.0,29.586309,73985614.0
1370,2019,6,2019-06-01,0.637826,0.028548,0.039472,9,9,1.0,43.46756,76811205.0
1370,2019,7,2019-07-01,0.534857,0.035604,0.050847,9,9,1.0,25.770071,76826548.0
1370,2019,8,2019-08-01,0.464524,0.029304,0.011795,9,9,1.0,31.921464,95194713.0
1370,2019,9,2019-09-01,0.30429,0.029548,0.020359,9,9,1.0,29.323934,91974497.0
1370,2020,3,2020-03-01,0.083962,0.029896,0.023679,9,9,1.0,24.011623,94604585.0
1370,2020,4,2020-04-01,0.078592,0.031875,0.037723,9,9,1.0,27.103564,96808107.0
1370,2020,5,2020-05-01,0.255323,0.026648,0.042631,9,9,1.0,41.871361,93035456.0
1370,2020,6,2020-06-01,0.619951,0.028501,0.035164,9,9,1.0,35.501255,96006563.0
1370,2020,7,2020-07-01,0.561158,0.029861,0.051423,9,9,1.0,35.058242,99686529.0
1370,2020,8,2020-08-01,0.486488,0.028873,0.026327,9,9,1.0,36.064434,97684078.0
1370,2020,9,2020-09-01,0.324407,0.027361,0.021285,9,9,1.0,29.247078,91237630.0
1370,2021,3,2021-03-01,0.231103,0.035906,0.060361,9,9,1.0,23.751678,94409616.0
1370,2021,4,2021-04-01,0.175468,0.029711,0.050475,9,9,1.0,28.228918,98410821.0
1370,2021,5,2021-05-01,0.357042,0.035265,0.03313,9,9,1.0,21.648521,91970868.0
1370,2021,6,2021-06-01,0.679127,0.025972,0.018268,9,9,1.0,46.415649,95947119.0
1370,2021,7,2021-07-01,0.631078,0.026745,0.056827,9,9,1.0,42.870289,101406324.0
1370,2021,8,2021-08-01,0.409269,0.031237,0.052818,9,9,1.0,28.411509,97445628.0
1370,2021,9,2021-09-01,0.308443,0.035146,0.049864,9,9,1.0,19.984527,90094126.0
1370,2022,3,2022-03-01,0.20782,0.031394,0.018746,9,9,1.0,32.426694,95748274.0
1370,2022,4,2022-04-01,0.35633,0.035687,0.057889,9,9,1.0,27.038896,97595138.0
1370,2022,5,2022-05-01,0.159987,0.030489,0.056472,9,9,1.0,29.579318,92699999.0
1370,2022,6,2022-06-01,0.658175,0.031071,0.057178,9,9,1.0,32.533246,95901303.0
1370,2022,7,2022-07-01,0.628182,0.032263,0.070415,9,9,1.0,34.124601,102035161.0
1370,2022,8,2022-08-01,0.626595,0.028241,0.056726,9,9,1.0,38.865816,98258702.0
1370,2022,9,2022-09-01,0.338759,0.03419,0.019631,9,9,1.0,24.396067,88902747.0
1370,2023,3,2023-03-01,0.25247,0.044077,0.068748,9,9,1.0,18.299032,93671913.0
1370,2023,4,2023-04-01,0.270929,0.027535,0.04751,9,9,1.0,40.518505,98665163.0
1370,2023,5,2023-05-01,0.398097,0.028545,0.024946,9,9,1.0,34.511688,95301562.0
1370,2023,6,2023-06-01,0.655036,0.029238,0.058735,9,9,1.0,34.337482,96444568.0
1370,2023,7,2023-07-01,0.593287,0.031244,0.049668,9,9,1.0,34.853481,101753881.0
1370,2023,8,2023-08-01,0.444036,0.028853,0.063149,9,9,1.0,36.17561,96968132.0
1370,2023,9,2023-09-01,0.337504,0.030994,0.033708,9,9,1.0,26.370984,90239324.0
1370,2024,3,2024-03-01,0.031021,0.033715,0.048497,9,9,1.0,28.491844,86372445.0
1370,2024,4,2024-04-01,0.170024,0.037754,0.087187,9,9,1.0,17.79851,95332509.0
1370,2024,5,2024-05-01,0.450341,0.02441,0.03689,9,9,1.0,43.988654,89883638.0
1370,2024,6,2024-06-01,0.683914,0.029632,0.073457,9,9,1.0,34.09343,84217408.0
1370,2024,7,2024-07-01,0.568693,0.030607,0.042249,9,9,1.0,33.699373,95425695.0
1370,2024,8,2024-08-01,0.497266,0.029659,0.019025,9,9,1.0,29.624948,91425313.0
1370,2024,9,2024-09-01,0.355997,0.025078,0.022311,9,9,1.0,32.90737,85979995.0
1370,2025,3,2025-03-01,0.240182,0.032182,0.032219,9,9,1.0,30.8212,87368194.0
1370,2025,4,2025-04-01,0.2157,0.030073,0.059358,9,9,1.0,27.986148,96861891.0
1370,2025,5,2025-05-01,0.264285,0.03276,0.062199,9,9,1.0,26.064117,89188846.0
1370,2025,6,2025-06-01,0.573788,0.035325,0.041951,9,9,1.0,28.030456,91704495.0
1370,2025,7,2025-07-01,0.692252,0.029409,0.024778,9,9,1.0,36.169691,94751856.0
1370,2025,8,2025-08-01,0.506867,0.028469,0.03334,9,9,1.0,36.089219,94948426.0
1370,2025,9,2025-09-01,0.424765,0.026589,0.034739,9,9,1.0,30.757539,89061648.0
1371,2019,3,2019-03-01,0.190014,0.042148,0.029351,7,7,1.0,15.875446,73511224.0
1371,2019,4,2019-04-01,0.252267,0.029519,0.018298,7,7,1.0,33.432874,74389486.0
1371,2019,5,2019-05-01,0.284967,0.031628,0.01669,7,7,1.0,23.946491,73985614.0
1371,2019,6,2019-06-01,0.695975,0.030218,0.048417,7,7,1.0,35.738855,76811205.0
1371,2019,7,2019-07-01,0.647011,0.036885,0.104205,7,7,1.0,23.464923,76826548.0
1371,2019,8,2019-08-01,0.478117,0.030587,0.041926,7,7,1.0,32.292074,95194713.0
1371,2019,9,2019-09-01,0.322796,0.033045,0.038487,7,7,1.0,23.680839,91974497.0
1371,2020,3,2020-03-01,0.131637,0.030856,0.022649,7,7,1.0,22.046803,94604585.0
1371,2020,4,2020-04-01,0.120083,0.032165,0.046263,7,7,1.0,25.061197,96808107.0
1371,2020,5,2020-05-01,0.245553,0.028797,0.053041,7,7,1.0,37.202682,93035456.0
1371,2020,6,2020-06-01,0.644053,0.030553,0.066952,7,7,1.0,31.400531,96006563.0
1371,2020,7,2020-07-01,0.639322,0.032261,0.085493,7,7,1.0,31.226388,99686529.0
1371,2020,8,2020-08-01,0.508424,0.03057,0.037583,7,7,1.0,33.635043,97684078.0
1371,2020,9,2020-09-01,0.361569,0.028137,0.053325,7,7,1.0,28.100567,91237630.0
1371,2021,3,2021-03-01,0.148607,0.033514,0.025694,7,7,1.0,26.410102,94409616.0
1371,2021,4,2021-04-01,0.173336,0.031037,0.023418,7,7,1.0,27.350982,98410821.0
1371,2021,5,2021-05-01,0.255648,0.03917,0.061434,7,7,1.0,18.849614,91970868.0
1371,2021,6,2021-06-01,0.709673,0.027507,0.022183,7,7,1.0,42.709039,95947119.0
1371,2021,7,2021-07-01,0.716531,0.028467,0.078172,7,7,1.0,41.27189,101406324.0
1371,2021,8,2021-08-01,0.339566,0.035485,0.097732,7,7,1.0,26.145251,97445628.0
1371,2021,9,2021-09-01,0.349881,0.036992,0.0411,7,7,1.0,17.452907,90094126.0
1371,2022,3,2022-03-01,0.16691,0.031663,0.043211,7,7,1.0,32.820454,95748274.0
1371,2022,4,2022-04-01,0.385039,0.037705,0.052391,7,7,1.0,25.124831,97595138.0
1371,2022,5,2022-05-01,0.257076,0.031578,0.073477,7,7,1.0,27.761893,92699999.0
1371,2022,6,2022-06-01,0.745726,0.031996,0.053041,7,7,1.0,31.708509,95901303.0
1371,2022,7,2022-07-01,0.74344,0.034256,0.089046,7,7,1.0,29.775704,102035161.0
1371,2022,8,2022-08-01,0.69341,0.029411,0.03173,7,7,1.0,33.893287,98258702.0
1371,2022,9,2022-09-01,0.373447,0.037257,0.048628,7,7,1.0,21.385829,88902747.0
1371,2023,3,2023-03-01,0.219988,0.042415,0.029476,7,7,1.0,18.873704,93671913.0
1371,2023,4,2023-04-01,0.289241,0.028346,0.018094,7,7,1.0,39.191028,98665163.0
1371,2023,5,2023-05-01,0.431514,0.029731,0.037443,7,7,1.0,32.792063,95301562.0
1371,2023,6,2023-06-01,0.744396,0.030553,0.052018,7,7,1.0,36.491537,96444568.0
1371,2023,7,2023-07-01,0.613377,0.032428,0.084685,7,7,1.0,34.728687,101753881.0
1371,2023,8,2023-08-01,0.464452,0.030077,0.082298,7,7,1.0,33.021626,96968132.0
1371,2023,9,2023-09-01,0.341829,0.032185,0.044302,7,7,1.0,26.671087,90239324.0
1371,2024,3,2024-03-01,0.156143,0.036518,0.063803,7,7,1.0,21.896734,86372445.0
1371,2024,4,2024-04-01,0.197789,0.039243,0.054812,7,7,1.0,17.185365,95332509.0
1371,2024,5,2024-05-01,0.507053,0.025609,0.046307,7,7,1.0,40.882782,89883638.0
1371,2024,6,2024-06-01,0.71854,0.031661,0.036976,7,7,1.0,31.712857,84217408.0
1371,2024,7,2024-07-01,0.586422,0.032493,0.057351,7,7,1.0,28.625151,95425695.0
1371,2024,8,2024-08-01,0.454783,0.031967,0.026991,7,7,1.0,26.833777,91425313.0
1371,2024,9,2024-09-01,0.368376,0.026496,0.04081,7,7,1.0,28.81954,85979995.0
1371,2025,3,2025-03-01,0.232974,0.03341,0.02154,7,7,1.0,27.439544,87368194.0
1371,2025,4,2025-04-01,0.256324,0.029778,0.032973,7,7,1.0,29.118944,96861891.0
1371,2025,5,2025-05-01,0.296791,0.034756,0.019603,7,7,1.0,23.274578,89188846.0
1371,2025,6,2025-06-01,0.582545,0.037125,0.065478,7,7,1.0,26.463536,91704495.0
1371,2025,7,2025-07-01,0.714991,0.030368,0.055149,7,7,1.0,34.297018,94751856.0
1371,2025,8,2025-08-01,0.616302,0.030284,0.055015,7,7,1.0,33.596112,94948426.0
1371,2025,9,2025-09-01,0.373687,0.02779,0.085477,7,7,1.0,29.223183,89061648.0
1372,2019,3,2019-03-01,0.166136,0.036757,0.055363,9,9,1.0,19.487874,73511224.0
1372,2019,4,2019-04-01,0.271512,0.028786,0.020711,9,9,1.0,33.589632,74389486.0
1372,2019,5,2019-05-01,0.287527,0.031669,0.061836,9,9,1.0,26.945443,73985614.0
1372,2019,6,2019-06-01,0.78483,0.02928,0.029659,9,9,1.0,36.863299,76811205.0
1372,2019,7,2019-07-01,0.715481,0.037285,0.027839,9,9,1.0,25.010122,76826548.0
1372,2019,8,2019-08-01,0.573273,0.029465,0.030781,9,9,1.0,34.482685,95194713.0
1372,2019,9,2019-09-01,0.35356,0.032315,0.055001,9,9,1.0,25.371651,91974497.0
1372,2020,3,2020-03-01,0.132573,0.030236,0.029734,9,9,1.0,26.666621,94604585.0
1372,2020,4,2020-04-01,0.241293,0.033147,0.04394,9,9,1.0,26.049756,96808107.0
1372,2020,5,2020-05-01,0.281328,0.027869,0.016916,9,9,1.0,38.79488,93035456.0
1372,2020,6,2020-06-01,0.758382,0.029984,0.066967,9,9,1.0,34.516193,96006563.0
1372,2020,7,2020-07-01,0.753322,0.032975,0.043,9,9,1.0,32.239797,99686529.0
1372,2020,8,2020-08-01,0.597087,0.029274,0.029663,9,9,1.0,32.850396,97684078.0
1372,2020,9,2020-09-01,0.376061,0.026789,0.034805,9,9,1.0,32.95013,91237630.0
1372,2021,3,2021-03-01,0.181024,0.031985,0.037266,9,9,1.0,27.886821,94409616.0
1372,2021,4,2021-04-01,0.262407,0.030286,0.061092,9,9,1.0,28.521522,98410821.0
1372,2021,5,2021-05-01,0.299594,0.037025,0.039705,9,9,1.0,21.362973,91970868.0
1372,2021,6,2021-06-01,0.766899,0.02732,0.024824,9,9,1.0,48.35657,95947119.0
1372,2021,7,2021-07-01,0.804397,0.027825,0.049212,9,9,1.0,45.609668,101406324.0
1372,2021,8,2021-08-01,0.544236,0.03428,0.077573,9,9,1.0,27.792439,97445628.0
1372,2021,9,2021-09-01,0.356199,0.036474,0.046399,9,9,1.0,19.06454,90094126.0
1372,2022,3,2022-03-01,0.223358,0.029924,0.026043,9,9,1.0,33.997893,95748274.0
1372,2022,4,2022-04-01,0.38683,0.036595,0.058106,9,9,1.0,24.562726,97595138.0
1372,2022,5,2022-05-01,0.230792,0.031223,0.073213,9,9,1.0,27.683231,92699999.0
1372,2022,6,2022-06-01,0.862988,0.03193,0.036874,9,9,1.0,34.388117,95901303.0
1372,2022,7,2022-07-01,0.862549,0.033825,0.059192,9,9,1.0,31.71126,102035161.0
1372,2022,8,2022-08-01,0.753542,0.028846,0.027861,9,9,1.0,35.636416,98258702.0
1372,2022,9,2022-09-01,0.410205,0.034568,0.038609,9,9,1.0,23.265563,88902747.0
1372,2023,3,2023-03-01,0.193188,0.039712,0.050246,9,9,1.0,20.446089,93671913.0
1372,2023,4,2023-04-01,0.293276,0.027795,0.017413,9,9,1.0,39.430781,98665163.0
1372,2023,5,2023-05-01,0.497661,0.030626,0.055634,9,9,1.0,34.614144,95301562.0
1372,2023,6,2023-06-01,0.807595,0.029934,0.062258,9,9,1.0,38.120795,96444568.0
1372,2023,7,2023-07-01,0.675415,0.032354,0.073938,9,9,1.0,35.611172,101753881.0
1372,2023,8,2023-08-01,0.520118,0.03087,0.059339,9,9,1.0,33.862827,96968132.0
1372,2023,9,2023-09-01,0.29311,0.033665,0.028684,9,9,1.0,23.222389,90239324.0
1372,2024,3,2024-03-01,0.098736,0.03796,0.039154,9,9,1.0,20.607293,86372445.0
1372,2024,4,2024-04-01,0.213177,0.036294,0.029409,9,9,1.0,20.019868,95332509.0
1372,2024,5,2024-05-01,0.486585,0.026011,0.037496,9,9,1.0,41.745215,89883638.0
1372,2024,6,2024-06-01,0.765588,0.031593,0.047676,9,9,1.0,33.423281,84217408.0
1372,2024,7,2024-07-01,0.662562,0.033405,0.106302,9,9,1.0,30.548027,95425695.0
1372,2024,8,2024-08-01,0.577559,0.031229,0.054616,9,9,1.0,31.046057,91425313.0
1372,2024,9,2024-09-01,0.405236,0.025737,0.018548,9,9,1.0,33.195652,85979995.0
1372,2025,3,2025-03-01,0.173997,0.031795,0.01997,9,9,1.0,29.705947,87368194.0
1372,2025,4,2025-04-01,0.228531,0.028871,0.022485,9,9,1.0,30.996738,96861891.0
1372,2025,5,2025-05-01,0.268916,0.035067,0.025862,9,9,1.0,22.670396,89188846.0
1372,2025,6,2025-06-01,0.70504,0.036983,0.052285,9,9,1.0,27.561444,91704495.0
1372,2025,7,2025-07-01,0.856325,0.030977,0.049638,9,9,1.0,36.367069,94751856.0
1372,2025,8,2025-08-01,0.696996,0.030864,0.037999,9,9,1.0,34.744361,94948426.0
1372,2025,9,2025-09-01,0.459454,0.026928,0.056258,9,9,1.0,26.777583,89061648.0
1404,2019,3,2019-03-01,0.194228,0.034604,0.044953,7,7,1.0,16.096996,73511224.0
1404,2019,4,2019-04-01,0.275859,0.026348,0.008561,7,7,1.0,29.38427,74389486.0
1404,2019,5,2019-05-01,0.459749,0.031833,0.03541,7,7,1.0,27.027056,73985614.0
1404,2019,6,2019-06-01,0.808306,0.031726,0.060912,7,7,1.0,32.968301,76811205.0
1404,2019,7,2019-07-01,0.920157,0.028811,0.087616,7,7,1.0,34.263875,76826548.0
1404,2019,8,2019-08-01,0.633942,0.030137,0.07176,7,7,1.0,34.853283,95194713.0
1404,2019,9,2019-09-01,0.434326,0.029692,0.052093,7,7,1.0,25.639034,91974497.0
1404,2020,3,2020-03-01,0.100254,0.027224,0.035461,7,7,1.0,25.357597,94604585.0
1404,2020,4,2020-04-01,0.167827,0.026482,0.049634,7,7,1.0,30.035713,96808107.0
1404,2020,5,2020-05-01,0.334948,0.028536,0.04869,7,7,1.0,31.160142,93035456.0
1404,2020,6,2020-06-01,0.883947,0.028882,0.063549,7,7,1.0,36.679776,96006563.0
1404,2020,7,2020-07-01,0.88066,0.036883,0.102221,7,7,1.0,21.442148,99686529.0
1404,2020,8,2020-08-01,0.781357,0.028291,0.053687,7,7,1.0,36.676021,97684078.0
1404,2020,9,2020-09-01,0.431429,0.026364,0.064395,7,7,1.0,31.212915,91237630.0
1404,2021,3,2021-03-01,0.163194,0.028365,0.06435,7,7,1.0,25.519191,94409616.0
1404,2021,4,2021-04-01,0.257545,0.027675,0.041366,7,7,1.0,24.978664,98410821.0
1404,2021,5,2021-05-01,0.411529,0.02995,0.053613,7,7,1.0,31.534648,91970868.0
1404,2021,6,2021-06-01,0.930132,0.030416,0.099678,7,7,1.0,32.119778,95947119.0
1404,2021,7,2021-07-01,1.019931,0.027764,0.065406,7,7,1.0,42.549378,101406324.0
1404,2021,8,2021-08-01,0.585158,0.029054,0.054861,7,7,1.0,29.379786,97445628.0
1404,2021,9,2021-09-01,0.430846,0.030518,0.03459,7,7,1.0,22.606965,90094126.0
1404,2022,3,2022-03-01,0.194082,0.027264,0.038406,7,7,1.0,30.604103,95748274.0
1404,2022,4,2022-04-01,0.23624,0.029582,0.014048,7,7,1.0,28.148836,97595138.0
1404,2022,5,2022-05-01,0.315782,0.029332,0.061528,7,7,1.0,28.901915,92699999.0
1404,2022,6,2022-06-01,1.033904,0.032335,0.083935,7,7,1.0,30.057746,95901303.0
1404,2022,7,2022-07-01,1.02607,0.032581,0.044105,7,7,1.0,31.115299,102035161.0
1404,2022,8,2022-08-01,0.805304,0.027936,0.046386,7,7,1.0,39.05711,98258702.0
1404,2022,9,2022-09-01,0.457296,0.030472,0.025295,7,7,1.0,25.75245,88902747.0
1404,2023,3,2023-03-01,0.164611,0.035696,0.022913,7,7,1.0,18.24533,93671913.0
1404,2023,4,2023-04-01,0.287435,0.02595,0.027109,7,7,1.0,39.941807,98665163.0
1404,2023,5,2023-05-01,0.513118,0.026308,0.051139,7,7,1.0,37.870844,95301562.0
1404,2023,6,2023-06-01,0.929166,0.029664,0.077578,7,7,1.0,36.195709,96444568.0
1404,2023,7,2023-07-01,0.955463,0.037731,0.082708,7,7,1.0,20.270145,101753881.0
1404,2023,8,2023-08-01,0.685038,0.035615,0.047219,7,7,1.0,22.490333,96968132.0
1404,2023,9,2023-09-01,0.523474,0.032713,0.022072,7,7,1.0,21.011492,90239324.0
1404,2024,3,2024-03-01,0.202063,0.036969,0.024302,7,7,1.0,15.890715,86372445.0
1404,2024,4,2024-04-01,0.170187,0.0365,0.043602,7,7,1.0,16.069064,95332509.0
1404,2024,5,2024-05-01,0.566044,0.02344,0.028436,7,7,1.0,44.499069,89883638.0
1404,2024,6,2024-06-01,1.035052,0.03426,0.081056,7,7,1.0,26.400386,84217408.0
1404,2024,7,2024-07-01,0.927932,0.037798,0.184707,7,7,1.0,24.657716,95425695.0
1404,2024,8,2024-08-01,0.640246,0.030925,0.045927,7,7,1.0,28.36899,91425313.0
1404,2024,9,2024-09-01,0.507723,0.02537,0.062156,7,7,1.0,30.787773,85979995.0
1404,2025,3,2025-03-01,0.171632,0.027767,0.035973,7,7,1.0,23.262974,87368194.0
1404,2025,4,2025-04-01,0.273113,0.028544,0.034152,7,7,1.0,29.372696,96861891.0
1404,2025,5,2025-05-01,0.49789,0.032081,0.046056,7,7,1.0,22.100977,89188846.0
1404,2025,6,2025-06-01,0.989258,0.035828,0.137999,7,7,1.0,25.538702,91704495.0
1404,2025,7,2025-07-01,1.050674,0.029227,0.060571,7,7,1.0,33.957698,94751856.0
1404,2025,8,2025-08-01,0.794158,0.03101,0.0739,7,7,1.0,27.929982,94948426.0
1404,2025,9,2025-09-01,0.51776,0.026212,0.034667,7,7,1.0,29.560506,89061648.0
1439,2019,3,2019-03-01,0.084828,0.039005,0.049,8,8,1.0,17.892861,73511224.0
1439,2019,4,2019-04-01,0.321171,0.028771,0.020284,8,8,1.0,31.487334,74389486.0
1439,2019,5,2019-05-01,0.374078,0.031381,0.037539,8,8,1.0,25.750441,73985614.0
1439,2019,6,2019-06-01,0.823328,0.030326,0.063446,8,8,1.0,33.039812,76811205.0
1439,2019,7,2019-07-01,0.757357,0.035309,0.03813,8,8,1.0,24.921507,76826548.0
1439,2019,8,2019-08-01,0.530761,0.030088,0.06573,8,8,1.0,31.76628,95194713.0
1439,2019,9,2019-09-01,0.278249,0.03008,0.034419,8,8,1.0,22.752079,91974497.0
1439,2020,3,2020-03-01,0.09005,0.02912,0.023107,8,8,1.0,25.082248,94604585.0
1439,2020,4,2020-04-01,0.155291,0.031694,0.048069,8,8,1.0,26.728047,96808107.0
1439,2020,5,2020-05-01,0.292496,0.027425,0.043318,8,8,1.0,35.681897,93035456.0
1439,2020,6,2020-06-01,0.807178,0.028374,0.073644,8,8,1.0,32.817748,96006563.0
1439,2020,7,2020-07-01,0.776463,0.034079,0.09751,8,8,1.0,30.03847,99686529.0
1439,2020,8,2020-08-01,0.648588,0.029514,0.09697,8,8,1.0,30.527665,97684078.0
1439,2020,9,2020-09-01,0.334003,0.026895,0.026339,8,8,1.0,29.391008,91237630.0
1439,2021,3,2021-03-01,0.198859,0.034357,0.064421,8,8,1.0,24.056164,94409616.0
1439,2021,4,2021-04-01,0.260432,0.029773,0.038485,8,8,1.0,25.179932,98410821.0
1439,2021,5,2021-05-01,0.34492,0.036203,0.062382,8,8,1.0,19.690995,91970868.0
1439,2021,6,2021-06-01,0.876505,0.027325,0.040091,8,8,1.0,42.937281,95947119.0
1439,2021,7,2021-07-01,0.782747,0.027768,0.061017,8,8,1.0,40.025705,101406324.0
1439,2021,8,2021-08-01,0.51695,0.033401,0.053217,8,8,1.0,23.604274,97445628.0
1439,2021,9,2021-09-01,0.392393,0.034354,0.0645,8,8,1.0,17.91629,90094126.0
1439,2022,3,2022-03-01,0.249123,0.030394,0.039411,8,8,1.0,30.956295,95748274.0
1439,2022,4,2022-04-01,0.383428,0.0357,0.030426,8,8,1.0,24.114042,97595138.0
1439,2022,5,2022-05-01,0.276053,0.029376,0.051052,8,8,1.0,27.891782,92699999.0
1439,2022,6,2022-06-01,0.841456,0.032417,0.096794,8,8,1.0,30.669144,95901303.0
1439,2022,7,2022-07-01,0.901505,0.034344,0.112827,8,8,1.0,27.036655,102035161.0
1439,2022,8,2022-08-01,0.719569,0.029415,0.035299,8,8,1.0,33.463507,98258702.0
1439,2022,9,2022-09-01,0.391134,0.034555,0.081807,8,8,1.0,19.858223,88902747.0
1439,2023,3,2023-03-01,0.225162,0.041212,0.066796,8,8,1.0,18.23952,93671913.0
1439,2023,4,2023-04-01,0.288966,0.02807,0.052592,8,8,1.0,36.045078,98665163.0
1439,2023,5,2023-05-01,0.512525,0.02925,0.058131,8,8,1.0,31.838225,95301562.0
1439,2023,6,2023-06-01,0.78032,0.028683,0.090441,8,8,1.0,38.21248,96444568.0
1439,2023,7,2023-07-01,0.728081,0.031704,0.135017,8,8,1.0,31.421356,101753881.0
1439,2023,8,2023-08-01,0.567164,0.033288,0.05491,8,8,1.0,27.04532,96968132.0
1439,2023,9,2023-09-01,0.353304,0.032777,0.042864,8,8,1.0,21.441356,90239324.0
1439,2024,3,2024-03-01,0.160528,0.038875,0.079187,8,8,1.0,17.662085,86372445.0
1439,2024,4,2024-04-01,0.165663,0.036794,0.043802,8,8,1.0,18.38288,95332509.0
1439,2024,5,2024-05-01,0.524288,0.025054,0.035418,8,8,1.0,38.874897,89883638.0
1439,2024,6,2024-06-01,0.80905,0.03224,0.041237,8,8,1.0,29.194956,84217408.0
1439,2024,7,2024-07-01,0.830993,0.032952,0.099403,8,8,1.0,28.346424,95425695.0
1439,2024,8,2024-08-01,0.651882,0.028725,0.073971,8,8,1.0,29.712951,91425313.0
1439,2024,9,2024-09-01,0.416065,0.02581,0.036902,8,8,1.0,29.87638,85979995.0
1439,2025,3,2025-03-01,0.207164,0.031619,0.040054,8,8,1.0,27.808049,87368194.0
1439,2025,4,2025-04-01,0.252994,0.027403,0.02885,8,8,1.0,28.491136,96861891.0
1439,2025,5,2025-05-01,0.258746,0.033253,0.041609,8,8,1.0,23.618857,89188846.0
1439,2025,6,2025-06-01,0.798189,0.036416,0.040364,8,8,1.0,25.822695,91704495.0
1439,2025,7,2025-07-01,0.829021,0.029668,0.057836,8,8,1.0,33.286972,94751856.0
1439,2025,8,2025-08-01,0.663402,0.029317,0.047337,8,8,1.0,32.440452,94948426.0
1439,2025,9,2025-09-01,0.45781,0.026548,0.061037,8,8,1.0,27.423515,89061648.0
1469,2019,3,2019-03-01,0.184341,0.035194,0.061662,8,8,1.0,17.361746,73511224.0
1469,2019,4,2019-04-01,0.28585,0.025892,0.020848,8,8,1.0,33.614898,74389486.0
1469,2019,5,2019-05-01,0.395161,0.031164,0.034942,8,8,1.0,30.717052,73985614.0
1469,2019,6,2019-06-01,0.940138,0.031556,0.055273,8,8,1.0,35.502233,76811205.0
1469,2019,7,2019-07-01,0.906552,0.030012,0.052512,8,8,1.0,38.996091,76826548.0
1469,2019,8,2019-08-01,0.654591,0.029801,0.018421,8,8,1.0,37.067311,95194713.0
1469,2019,9,2019-09-01,0.454974,0.029514,0.042883,8,8,1.0,29.900692,91974497.0
1469,2020,3,2020-03-01,0.148018,0.027377,0.030346,8,8,1.0,29.57136,94604585.0
1469,2020,4,2020-04-01,0.188143,0.027594,0.033303,8,8,1.0,32.432165,96808107.0
1469,2020,5,2020-05-01,0.303739,0.027591,0.071418,8,8,1.0,37.2856,93035456.0
1469,2020,6,2020-06-01,0.946612,0.028757,0.053246,8,8,1.0,37.877339,96006563.0
1469,2020,7,2020-07-01,0.881474,0.037315,0.054871,8,8,1.0,25.695792,99686529.0
1469,2020,8,2020-08-01,0.784578,0.028629,0.023408,8,8,1.0,38.416052,97684078.0
1469,2020,9,2020-09-01,0.461107,0.027661,0.024705,8,8,1.0,32.89092,91237630.0
1469,2021,3,2021-03-01,0.124103,0.02827,0.03395,8,8,1.0,27.797607,94409616.0
1469,2021,4,2021-04-01,0.23807,0.027517,0.026617,8,8,1.0,27.596752,98410821.0
1469,2021,5,2021-05-01,0.342389,0.029007,0.037211,8,8,1.0,36.415665,91970868.0
1469,2021,6,2021-06-01,0.994067,0.03095,0.033823,8,8,1.0,37.187495,95947119.0
1469,2021,7,2021-07-01,1.09943,0.027852,0.068225,8,8,1.0,45.95528,101406324.0
1469,2021,8,2021-08-01,0.587913,0.030964,0.031458,8,8,1.0,29.394073,97445628.0
1469,2021,9,2021-09-01,0.474986,0.031223,0.048498,8,8,1.0,24.48048,90094126.0
1469,2022,3,2022-03-01,0.15404,0.025978,0.032928,8,8,1.0,33.168579,95748274.0
1469,2022,4,2022-04-01,0.250303,0.02874,0.035848,8,8,1.0,33.876242,97595138.0
1469,2022,5,2022-05-01,0.277935,0.028535,0.059959,8,8,1.0,32.047333,92699999.0
1469,2022,6,2022-06-01,1.019343,0.032148,0.089539,8,8,1.0,34.084914,95901303.0
1469,2022,7,2022-07-01,1.023009,0.033732,0.046891,8,8,1.0,33.496443,102035161.0
1469,2022,8,2022-08-01,0.844394,0.029003,0.033006,8,8,1.0,40.761376,98258702.0
1469,2022,9,2022-09-01,0.46532,0.030029,0.021427,8,8,1.0,30.570652,88902747.0
1469,2023,3,2023-03-01,0.087666,0.034708,0.03875,8,8,1.0,21.295827,93671913.0
1469,2023,4,2023-04-01,0.235604,0.026147,0.030511,8,8,1.0,42.840276,98665163.0
1469,2023,5,2023-05-01,0.475681,0.026016,0.022636,8,8,1.0,43.587066,95301562.0
1469,2023,6,2023-06-01,0.938124,0.029376,0.049294,8,8,1.0,41.556957,96444568.0
1469,2023,7,2023-07-01,0.95062,0.038256,0.057674,8,8,1.0,22.398128,101753881.0
1469,2023,8,2023-08-01,0.789837,0.036953,0.048938,8,8,1.0,24.161934,96968132.0
1469,2023,9,2023-09-01,0.52306,0.034954,0.03479,8,8,1.0,22.621581,90239324.0
1469,2024,3,2024-03-01,0.119047,0.036547,0.027788,8,8,1.0,17.392687,86372445.0
1469,2024,4,2024-04-01,0.117451,0.034431,0.028576,8,8,1.0,17.313752,95332509.0
1469,2024,5,2024-05-01,0.497462,0.023546,0.040734,8,8,1.0,46.303297,89883638.0
1469,2024,6,2024-06-01,1.088504,0.035455,0.041481,8,8,1.0,28.874051,84217408.0
1469,2024,7,2024-07-01,0.960125,0.036894,0.072973,8,8,1.0,28.767219,95425695.0
1469,2024,8,2024-08-01,0.613116,0.031388,0.078779,8,8,1.0,29.500252,91425313.0
1469,2024,9,2024-09-01,0.513582,0.025488,0.038214,8,8,1.0,33.066392,85979995.0
1469,2025,3,2025-03-01,0.204799,0.027145,0.01653,8,8,1.0,27.11298,87368194.0
1469,2025,4,2025-04-01,0.296154,0.028456,0.041611,8,8,1.0,32.876896,96861891.0
1469,2025,5,2025-05-01,0.522567,0.034108,0.048408,8,8,1.0,23.85637,89188846.0
1469,2025,6,2025-06-01,0.924162,0.034686,0.067118,8,8,1.0,31.702632,91704495.0
1469,2025,7,2025-07-01,1.064004,0.03021,0.08039,8,8,1.0,39.352813,94751856.0
1469,2025,8,2025-08-01,0.884817,0.033815,0.051117,8,8,1.0,27.973625,94948426.0
1469,2025,9,2025-09-01,0.534503,0.027165,0.05565,8,8,1.0,33.454811,89061648.0
1500,2019,3,2019-03-01,0.193198,0.038566,0.040036,9,9,1.0,17.05596,73511224.0
1500,2019,4,2019-04-01,0.284532,0.027875,0.040029,9,9,1.0,34.503924,74389486.0
1500,2019,5,2019-05-01,0.352495,0.03069,0.076691,9,9,1.0,26.914798,73985614.0
1500,2019,6,2019-06-01,0.823519,0.029317,0.090673,9,9,1.0,33.689192,76811205.0
1500,2019,7,2019-07-01,0.620453,0.038227,0.040228,9,9,1.0,22.550991,76826548.0
1500,2019,8,2019-08-01,0.504843,0.028499,0.020506,9,9,1.0,32.80992,95194713.0
1500,2019,9,2019-09-01,0.365823,0.028403,0.049224,9,9,1.0,27.983429,91974497.0
1500,2020,3,2020-03-01,0.066857,0.027634,0.050453,9,9,1.0,22.567053,94604585.0
1500,2020,4,2020-04-01,0.148452,0.030631,0.033245,9,9,1.0,25.480222,96808107.0
1500,2020,5,2020-05-01,0.270434,0.025814,0.033382,9,9,1.0,43.809382,93035456.0
1500,2020,6,2020-06-01,0.831757,0.027185,0.06936,9,9,1.0,38.795356,96006563.0
1500,2020,7,2020-07-01,0.78485,0.030651,0.101462,9,9,1.0,32.106095,99686529.0
1500,2020,8,2020-08-01,0.654347,0.028047,0.055916,9,9,1.0,33.208063,97684078.0
1500,2020,9,2020-09-01,0.398195,0.025907,0.052007,9,9,1.0,29.287966,91237630.0
1500,2021,3,2021-03-01,0.245143,0.032808,0.035474,9,9,1.0,25.566807,94409616.0
1500,2021,4,2021-04-01,0.209647,0.028599,0.045096,9,9,1.0,27.005132,98410821.0
1500,2021,5,2021-05-01,0.343037,0.033725,0.052343,9,9,1.0,24.526727,91970868.0
1500,2021,6,2021-06-01,0.883767,0.025674,0.074632,9,9,1.0,44.292982,95947119.0
1500,2021,7,2021-07-01,0.853461,0.026385,0.107373,9,9,1.0,39.678818,101406324.0
1500,2021,8,2021-08-01,0.523773,0.032072,0.051081,9,9,1.0,28.254846,97445628.0
1500,2021,9,2021-09-01,0.436451,0.03639,0.050958,9,9,1.0,16.213429,90094126.0
1500,2022,3,2022-03-01,0.256388,0.028675,0.034506,9,9,1.0,34.137022,95748274.0
1500,2022,4,2022-04-01,0.357579,0.036501,0.047331,9,9,1.0,22.367131,97595138.0
1500,2022,5,2022-05-01,0.322115,0.029413,0.048716,9,9,1.0,25.758191,92699999.0
1500,2022,6,2022-06-01,0.880495,0.030764,0.076437,9,9,1.0,31.122573,95901303.0
1500,2022,7,2022-07-01,0.864619,0.032403,0.106403,9,9,1.0,30.943407,102035161.0
1500,2022,8,2022-08-01,0.738167,0.028258,0.066128,9,9,1.0,36.118259,98258702.0
1500,2022,9,2022-09-01,0.426167,0.031337,0.043749,9,9,1.0,23.089591,88902747.0
1500,2023,3,2023-03-01,0.216596,0.039566,0.04628,9,9,1.0,17.039051,93671913.0
1500,2023,4,2023-04-01,0.269369,0.026587,0.036615,9,9,1.0,39.839181,98665163.0
1500,2023,5,2023-05-01,0.534294,0.02778,0.068373,9,9,1.0,34.113165,95301562.0
1500,2023,6,2023-06-01,0.916703,0.028362,0.11507,9,9,1.0,36.091947,96444568.0
1500,2023,7,2023-07-01,0.677808,0.032409,0.075554,9,9,1.0,33.733862,101753881.0
1500,2023,8,2023-08-01,0.612398,0.028129,0.102364,9,9,1.0,34.886149,96968132.0
1500,2023,9,2023-09-01,0.377982,0.029719,0.046175,9,9,1.0,26.414184,90239324.0
1500,2024,3,2024-03-01,0.079145,0.034302,0.038798,9,9,1.0,21.864538,86372445.0
1500,2024,4,2024-04-01,0.159384,0.034917,0.030429,9,9,1.0,21.134731,95332509.0
1500,2024,5,2024-05-01,0.53098,0.023927,0.053788,9,9,1.0,40.995756,89883638.0
1500,2024,6,2024-06-01,0.900954,0.029281,0.061317,9,9,1.0,32.665593,84217408.0
1500,2024,7,2024-07-01,0.728431,0.029983,0.053008,9,9,1.0,33.721001,95425695.0
1500,2024,8,2024-08-01,0.615966,0.029902,0.048853,9,9,1.0,28.057856,91425313.0
1500,2024,9,2024-09-01,0.470838,0.024362,0.041833,9,9,1.0,32.503232,85979995.0
1500,2025,3,2025-03-01,0.253634,0.029803,0.041803,9,9,1.0,28.271324,87368194.0
1500,2025,4,2025-04-01,0.234181,0.029138,0.041114,9,9,1.0,26.982548,96861891.0
1500,2025,5,2025-05-01,0.347636,0.033037,0.040029,9,9,1.0,22.860595,89188846.0
1500,2025,6,2025-06-01,0.733833,0.035948,0.078021,9,9,1.0,25.695413,91704495.0
1500,2025,7,2025-07-01,0.884581,0.028751,0.072449,9,9,1.0,35.022887,94751856.0
1500,2025,8,2025-08-01,0.636598,0.027232,0.02967,9,9,1.0,38.371403,94948426.0
1500,2025,9,2025-09-01,0.389279,0.02547,0.041178,9,9,1.0,32.429292,89061648.0
1502,2019,3,2019-03-01,0.13604,0.041114,0.057041,9,9,1.0,13.518653,73511224.0
1502,2019,4,2019-04-01,0.218479,0.028545,0.030295,9,9,1.0,28.733417,74389486.0
1502,2019,5,2019-05-01,0.263062,0.030554,0.020933,9,9,1.0,23.907267,73985614.0
1502,2019,6,2019-06-01,0.685833,0.02878,0.053721,9,9,1.0,35.315558,76811205.0
1502,2019,7,2019-07-01,0.682698,0.036986,0.047916,9,9,1.0,19.960901,76826548.0
1502,2019,8,2019-08-01,0.488389,0.028391,0.054835,9,9,1.0,30.005901,95194713.0
1502,2019,9,2019-09-01,0.305207,0.028365,0.024234,9,9,1.0,25.818713,91974497.0
1502,2020,3,2020-03-01,0.068218,0.02773,0.026418,9,9,1.0,22.915844,94604585.0
1502,2020,4,2020-04-01,0.122983,0.031915,0.032436,9,9,1.0,22.502162,96808107.0
1502,2020,5,2020-05-01,0.169959,0.027429,0.045119,9,9,1.0,32.578223,93035456.0
1502,2020,6,2020-06-01,0.758401,0.028092,0.068608,9,9,1.0,32.062574,96006563.0
1502,2020,7,2020-07-01,0.66337,0.029393,0.087736,9,9,1.0,30.54629,99686529.0
1502,2020,8,2020-08-01,0.594028,0.02848,0.093049,9,9,1.0,33.106085,97684078.0
1502,2020,9,2020-09-01,0.346964,0.025661,0.037943,9,9,1.0,28.866654,91237630.0
1502,2021,3,2021-03-01,0.122438,0.034498,0.040528,9,9,1.0,21.25426,94409616.0
1502,2021,4,2021-04-01,0.179258,0.028768,0.103457,9,9,1.0,25.90375,98410821.0
1502,2021,5,2021-05-01,0.359206,0.034587,0.043242,9,9,1.0,21.179519,91970868.0
1502,2021,6,2021-06-01,0.769761,0.025854,0.073303,9,9,1.0,40.626194,95947119.0
1502,2021,7,2021-07-01,0.68789,0.026008,0.077151,9,9,1.0,40.057382,101406324.0
1502,2021,8,2021-08-01,0.403167,0.031475,0.097259,9,9,1.0,25.136268,97445628.0
1502,2021,9,2021-09-01,0.358647,0.036874,0.041747,9,9,1.0,18.052216,90094126.0
1502,2022,3,2022-03-01,0.142008,0.032612,0.040041,9,9,1.0,26.643477,95748274.0
1502,2022,4,2022-04-01,0.229717,0.034799,0.024789,9,9,1.0,21.92962,97595138.0
1502,2022,5,2022-05-01,0.282447,0.028973,0.029815,9,9,1.0,24.635924,92699999.0
1502,2022,6,2022-06-01,0.824044,0.029827,0.085725,9,9,1.0,29.351333,95901303.0
1502,2022,7,2022-07-01,0.737441,0.031497,0.086898,9,9,1.0,30.070381,102035161.0
1502,2022,8,2022-08-01,0.630326,0.027476,0.068169,9,9,1.0,32.728627,98258702.0
1502,2022,9,2022-09-01,0.376032,0.031229,0.061819,9,9,1.0,21.062046,88902747.0
1502,2023,3,2023-03-01,0.156555,0.047039,0.068314,9,9,1.0,12.264761,93671913.0
1502,2023,4,2023-04-01,0.239455,0.027225,0.044574,9,9,1.0,36.843873,98665163.0
1502,2023,5,2023-05-01,0.525907,0.028065,0.030912,9,9,1.0,27.434664,95301562.0
1502,2023,6,2023-06-01,0.764641,0.028825,0.076144,9,9,1.0,32.619812,96444568.0
1502,2023,7,2023-07-01,0.640708,0.030887,0.069214,9,9,1.0,30.412249,101753881.0
1502,2023,8,2023-08-01,0.594612,0.029594,0.073316,9,9,1.0,27.732338,96968132.0
1502,2023,9,2023-09-01,0.368749,0.030386,0.089502,9,9,1.0,22.580014,90239324.0
1502,2024,3,2024-03-01,-0.026729,0.0388,0.053551,9,9,1.0,17.790014,86372445.0
1502,2024,4,2024-04-01,0.047694,0.036155,0.043706,9,9,1.0,18.889235,95332509.0
1502,2024,5,2024-05-01,0.467828,0.023998,0.042304,9,9,1.0,36.635168,89883638.0
1502,2024,6,2024-06-01,0.718331,0.030716,0.047691,9,9,1.0,29.045032,84217408.0
1502,2024,7,2024-07-01,0.678249,0.03041,0.045918,9,9,1.0,28.942892,95425695.0
1502,2024,8,2024-08-01,0.560526,0.029499,0.051296,9,9,1.0,25.981987,91425313.0
1502,2024,9,2024-09-01,0.390758,0.026306,0.032393,9,9,1.0,26.827465,85979995.0
1502,2025,3,2025-03-01,0.197739,0.031882,0.059859,9,9,1.0,26.587288,87368194.0
1502,2025,4,2025-04-01,0.197976,0.027431,0.052636,9,9,1.0,26.732803,96861891.0
1502,2025,5,2025-05-01,0.215734,0.031297,0.062004,9,9,1.0,20.977952,89188846.0
1502,2025,6,2025-06-01,0.603402,0.033501,0.072318,9,9,1.0,24.731578,91704495.0
1502,2025,7,2025-07-01,0.783272,0.029381,0.059953,9,9,1.0,31.363398,94751856.0
1502,2025,8,2025-08-01,0.568864,0.028731,0.070957,9,9,1.0,30.04002,94948426.0
1502,2025,9,2025-09-01,0.44928,0.026099,0.040976,9,9,1.0,26.670798,89061648.0
1503,2019,3,2019-03-01,0.047345,0.051102,0.031237,7,7,1.0,8.147581,73511224.0
1503,2019,4,2019-04-01,0.204599,0.033482,0.048784,7,7,1.0,17.039072,74389486.0
1503,2019,5,2019-05-01,0.304528,0.035653,0.052254,7,7,1.0,12.000851,73985614.0
1503,2019,6,2019-06-01,0.667042,0.032441,0.088299,7,7,1.0,19.74841,76811205.0
1503,2019,7,2019-07-01,0.67194,0.044693,0.091536,7,7,1.0,10.773311,76826548.0
1503,2019,8,2019-08-01,0.468386,0.032483,0.041299,7,7,1.0,17.92938,95194713.0
1503,2019,9,2019-09-01,0.239575,0.035505,0.021993,7,7,1.0,14.216025,91974497.0
1503,2020,3,2020-03-01,0.021334,0.034421,0.060943,7,7,1.0,11.629611,94604585.0
1503,2020,4,2020-04-01,0.092655,0.03419,0.028952,7,7,1.0,14.007712,96808107.0
1503,2020,5,2020-05-01,0.112383,0.028596,0.04929,7,7,1.0,19.490573,93035456.0
1503,2020,6,2020-06-01,0.748849,0.031642,0.071603,7,7,1.0,19.239795,96006563.0
1503,2020,7,2020-07-01,0.641129,0.035604,0.127419,7,7,1.0,17.857935,99686529.0
1503,2020,8,2020-08-01,0.509559,0.033693,0.058282,7,7,1.0,19.727919,97684078.0
1503,2020,9,2020-09-01,0.289593,0.030019,0.017089,7,7,1.0,15.241364,91237630.0
1503,2021,3,2021-03-01,0.070855,0.04259,0.100447,7,7,1.0,12.167308,94409616.0
1503,2021,4,2021-04-01,0.168065,0.032899,0.071455,7,7,1.0,15.8914,98410821.0
1503,2021,5,2021-05-01,0.273768,0.042596,0.096538,7,7,1.0,10.89636,91970868.0
1503,2021,6,2021-06-01,0.738363,0.03023,0.072451,7,7,1.0,25.428539,95947119.0
1503,2021,7,2021-07-01,0.68211,0.03021,0.081628,7,7,1.0,23.494954,101406324.0
1503,2021,8,2021-08-01,0.243868,0.038498,0.047891,7,7,1.0,14.263077,97445628.0
1503,2021,9,2021-09-01,0.425915,0.048677,0.129306,7,7,1.0,8.236636,90094126.0
1503,2022,3,2022-03-01,0.155524,0.038548,0.058754,7,7,1.0,17.42642,95748274.0
1503,2022,4,2022-04-01,0.291508,0.041341,0.045367,7,7,1.0,12.544918,97595138.0
1503,2022,5,2022-05-01,0.186291,0.031037,0.060629,7,7,1.0,15.208659,92699999.0
1503,2022,6,2022-06-01,0.753468,0.033845,0.068274,7,7,1.0,19.423762,95901303.0
1503,2022,7,2022-07-01,0.674433,0.036565,0.113827,7,7,1.0,16.609524,102035161.0
1503,2022,8,2022-08-01,0.717203,0.032443,0.040401,7,7,1.0,17.896621,98258702.0
1503,2022,9,2022-09-01,0.337426,0.039123,0.109532,7,7,1.0,12.781429,88902747.0
1503,2023,3,2023-03-01,0.138716,0.053077,0.064797,7,7,1.0,8.515815,93671913.0
1503,2023,4,2023-04-01,0.187127,0.033461,0.025158,7,7,1.0,19.768767,98665163.0
1503,2023,5,2023-05-01,0.492387,0.032017,0.038064,7,7,1.0,17.379411,95301562.0
1503,2023,6,2023-06-01,0.704278,0.034001,0.067409,7,7,1.0,18.85106,96444568.0
1503,2023,7,2023-07-01,0.599321,0.034451,0.073975,7,7,1.0,19.604107,101753881.0
1503,2023,8,2023-08-01,0.490054,0.03457,0.067506,7,7,1.0,16.695621,96968132.0
1503,2023,9,2023-09-01,0.416105,0.032364,0.041377,7,7,1.0,16.545812,90239324.0
1503,2024,3,2024-03-01,0.106562,0.047698,0.147096,7,7,1.0,9.834957,86372445.0
1503,2024,4,2024-04-01,-0.023017,0.045338,0.06461,7,7,1.0,11.17085,95332509.0
1503,2024,5,2024-05-01,0.418082,0.026507,0.038316,7,7,1.0,22.193978,89883638.0
1503,2024,6,2024-06-01,0.819034,0.034902,0.051256,7,7,1.0,18.215614,84217408.0
1503,2024,7,2024-07-01,0.722155,0.032741,0.099338,7,7,1.0,20.022423,95425695.0
1503,2024,8,2024-08-01,0.460229,0.032379,0.063278,7,7,1.0,17.909838,91425313.0
1503,2024,9,2024-09-01,0.31357,0.029558,0.041797,7,7,1.0,17.195408,85979995.0
1503,2025,3,2025-03-01,0.05606,0.036079,0.059328,7,7,1.0,15.809224,87368194.0
1503,2025,4,2025-04-01,0.205209,0.030456,0.027593,7,7,1.0,17.314328,96861891.0
1503,2025,5,2025-05-01,0.181675,0.038428,0.065136,7,7,1.0,11.612531,89188846.0
1503,2025,6,2025-06-01,0.626935,0.039665,0.044478,7,7,1.0,14.068214,91704495.0
1503,2025,7,2025-07-01,0.747142,0.032477,0.070749,7,7,1.0,18.877737,94751856.0
1503,2025,8,2025-08-01,0.573664,0.030835,0.061813,7,7,1.0,20.927454,94948426.0
1503,2025,9,2025-09-01,0.477948,0.031706,0.061397,7,7,1.0,15.405822,89061648.0
1536,2019,3,2019-03-01,0.171058,0.033101,0.030642,9,9,1.0,18.269575,73511224.0
1536,2019,4,2019-04-01,0.307312,0.025387,0.028182,9,9,1.0,33.98237,74389486.0
1536,2019,5,2019-05-01,0.397045,0.031755,0.039395,9,9,1.0,28.803123,73985614.0
1536,2019,6,2019-06-01,0.970603,0.030419,0.029543,9,9,1.0,35.530848,76811205.0
1536,2019,7,2019-07-01,0.941283,0.028351,0.054977,9,9,1.0,38.351972,76826548.0
1536,2019,8,2019-08-01,0.72816,0.027891,0.031014,9,9,1.0,37.394767,95194713.0
1536,2019,9,2019-09-01,0.483562,0.028519,0.027861,9,9,1.0,29.312409,91974497.0
1536,2020,3,2020-03-01,0.139828,0.026534,0.025092,9,9,1.0,29.448323,94604585.0
1536,2020,4,2020-04-01,0.177118,0.027236,0.058227,9,9,1.0,29.98883,96808107.0
1536,2020,5,2020-05-01,0.262026,0.027115,0.043971,9,9,1.0,35.084419,93035456.0
1536,2020,6,2020-06-01,0.985889,0.028776,0.035917,9,9,1.0,37.147487,96006563.0
1536,2020,7,2020-07-01,0.967587,0.039444,0.040512,9,9,1.0,21.535538,99686529.0
1536,2020,8,2020-08-01,0.82708,0.027933,0.04432,9,9,1.0,38.986945,97684078.0
1536,2020,9,2020-09-01,0.482022,0.025634,0.032197,9,9,1.0,33.227632,91237630.0
1536,2021,3,2021-03-01,0.153783,0.028631,0.028437,9,9,1.0,26.023871,94409616.0
1536,2021,4,2021-04-01,0.247553,0.026582,0.030213,9,9,1.0,26.719472,98410821.0
1536,2021,5,2021-05-01,0.373821,0.029135,0.05383,9,9,1.0,33.645362,91970868.0
1536,2021,6,2021-06-01,1.109033,0.029388,0.063016,9,9,1.0,36.435446,95947119.0
1536,2021,7,2021-07-01,1.050932,0.026548,0.070595,9,9,1.0,43.694375,101406324.0
1536,2021,8,2021-08-01,0.635682,0.030463,0.057223,9,9,1.0,28.804227,97445628.0
1536,2021,9,2021-09-01,0.464629,0.028909,0.04217,9,9,1.0,25.443475,90094126.0
1536,2022,3,2022-03-01,0.203593,0.02564,0.051443,9,9,1.0,31.747726,95748274.0
1536,2022,4,2022-04-01,0.323114,0.028666,0.02932,9,9,1.0,29.975929,97595138.0
1536,2022,5,2022-05-01,0.300053,0.02793,0.050086,9,9,1.0,32.312019,92699999.0
1536,2022,6,2022-06-01,1.015878,0.03109,0.044236,9,9,1.0,32.839205,95901303.0
1536,2022,7,2022-07-01,1.022159,0.032065,0.039199,9,9,1.0,34.500852,102035161.0
1536,2022,8,2022-08-01,0.883763,0.026816,0.040993,9,9,1.0,41.085554,98258702.0
1536,2022,9,2022-09-01,0.54426,0.029969,0.030915,9,9,1.0,28.411161,88902747.0
1536,2023,3,2023-03-01,0.180028,0.034097,0.042561,9,9,1.0,17.351685,93671913.0
1536,2023,4,2023-04-01,0.246802,0.024832,0.02399,9,9,1.0,41.090959,98665163.0
1536,2023,5,2023-05-01,0.486465,0.025177,0.036595,9,9,1.0,41.600508,95301562.0
1536,2023,6,2023-06-01,0.997951,0.029039,0.052737,9,9,1.0,38.575448,96444568.0
1536,2023,7,2023-07-01,0.930997,0.03749,0.045014,9,9,1.0,22.577687,101753881.0
1536,2023,8,2023-08-01,0.801488,0.033688,0.063163,9,9,1.0,23.608113,96968132.0
1536,2023,9,2023-09-01,0.553726,0.031548,0.046904,9,9,1.0,23.099759,90239324.0
1536,2024,3,2024-03-01,0.192139,0.03443,0.038245,9,9,1.0,18.686753,86372445.0
1536,2024,4,2024-04-01,0.162368,0.033927,0.075117,9,9,1.0,17.541029,95332509.0
1536,2024,5,2024-05-01,0.512477,0.023068,0.05537,9,9,1.0,46.884525,89883638.0
1536,2024,6,2024-06-01,1.146312,0.034382,0.036903,9,9,1.0,26.360032,84217408.0
1536,2024,7,2024-07-01,1.044708,0.036109,0.060734,9,9,1.0,27.678141,95425695.0
1536,2024,8,2024-08-01,0.70834,0.030838,0.0713,9,9,1.0,28.917502,91425313.0
1536,2024,9,2024-09-01,0.502048,0.024721,0.05047,9,9,1.0,33.061352,85979995.0
1536,2025,3,2025-03-01,0.232434,0.02614,0.019493,9,9,1.0,29.289607,87368194.0
1536,2025,4,2025-04-01,0.263114,0.027148,0.02153,9,9,1.0,32.17668,96861891.0
1536,2025,5,2025-05-01,0.501492,0.031722,0.058311,9,9,1.0,24.045681,89188846.0
1536,2025,6,2025-06-01,0.951997,0.038663,0.057298,9,9,1.0,22.895201,91704495.0
1536,2025,7,2025-07-01,1.117357,0.02876,0.051896,9,9,1.0,42.487153,94751856.0
1536,2025,8,2025-08-01,0.814985,0.031602,0.058382,9,9,1.0,28.621822,94948426.0
1536,2025,9,2025-09-01,0.477742,0.025448,0.029855,9,9,1.0,32.586055,89061648.0
1538,2019,3,2019-03-01,0.155029,0.028433,0.020387,9,9,1.0,18.721757,73511224.0
1538,2019,4,2019-04-01,0.250268,0.023435,0.028228,9,9,1.0,33.921852,74389486.0
1538,2019,5,2019-05-01,0.44364,0.029465,0.04711,9,9,1.0,26.292589,73985614.0
1538,2019,6,2019-06-01,0.919056,0.027837,0.091484,9,9,1.0,37.480568,76811205.0
1538,2019,7,2019-07-01,0.94861,0.026027,0.044122,9,9,1.0,40.502684,76826548.0
1538,2019,8,2019-08-01,0.612401,0.026235,0.041834,9,9,1.0,37.339956,95194713.0
1538,2019,9,2019-09-01,0.464488,0.027018,0.031577,9,9,1.0,27.769217,91974497.0
1538,2020,3,2020-03-01,0.1217,0.023256,0.020218,9,9,1.0,30.614422,94604585.0
1538,2020,4,2020-04-01,0.191829,0.024106,0.049999,9,9,1.0,30.946733,96808107.0
1538,2020,5,2020-05-01,0.38885,0.026161,0.074245,9,9,1.0,31.230015,93035456.0
1538,2020,6,2020-06-01,0.947914,0.026184,0.060236,9,9,1.0,38.460856,96006563.0
1538,2020,7,2020-07-01,0.993734,0.033824,0.074759,9,9,1.0,24.008887,99686529.0
1538,2020,8,2020-08-01,0.865828,0.024845,0.068659,9,9,1.0,39.647092,97684078.0
1538,2020,9,2020-09-01,0.481127,0.023612,0.049872,9,9,1.0,32.457109,91237630.0
1538,2021,3,2021-03-01,0.211519,0.026367,0.034989,9,9,1.0,27.094932,94409616.0
1538,2021,4,2021-04-01,0.253766,0.024955,0.032254,9,9,1.0,26.676337,98410821.0
1538,2021,5,2021-05-01,0.441055,0.027306,0.061418,9,9,1.0,30.712799,91970868.0
1538,2021,6,2021-06-01,0.964641,0.026657,0.05596,9,9,1.0,38.069751,95947119.0
1538,2021,7,2021-07-01,1.040631,0.024374,0.043311,9,9,1.0,46.094231,101406324.0
1538,2021,8,2021-08-01,0.673991,0.026985,0.054575,9,9,1.0,30.050642,97445628.0
1538,2021,9,2021-09-01,0.460261,0.02854,0.038927,9,9,1.0,23.711177,90094126.0
1538,2022,3,2022-03-01,0.207837,0.025342,0.038926,9,9,1.0,30.899969,95748274.0
1538,2022,4,2022-04-01,0.30105,0.027986,0.054487,9,9,1.0,27.30858,97595138.0
1538,2022,5,2022-05-01,0.351151,0.026192,0.034732,9,9,1.0,28.905087,92699999.0
1538,2022,6,2022-06-01,0.997181,0.030658,0.047244,9,9,1.0,30.416411,95901303.0
1538,2022,7,2022-07-01,1.104716,0.030016,0.06662,9,9,1.0,32.375576,102035161.0
1538,2022,8,2022-08-01,0.883303,0.024602,0.060847,9,9,1.0,40.981489,98258702.0
1538,2022,9,2022-09-01,0.504589,0.02693,0.049034,9,9,1.0,27.944117,88902747.0
1538,2023,3,2023-03-01,0.116276,0.030719,0.080121,9,9,1.0,17.750747,93671913.0
1538,2023,4,2023-04-01,0.258365,0.023499,0.029574,9,9,1.0,41.186351,98665163.0
1538,2023,5,2023-05-01,0.547016,0.023258,0.04559,9,9,1.0,41.474263,95301562.0
1538,2023,6,2023-06-01,0.932969,0.026347,0.069142,9,9,1.0,37.082623,96444568.0
1538,2023,7,2023-07-01,0.934832,0.036101,0.087217,9,9,1.0,20.457913,101753881.0
1538,2023,8,2023-08-01,0.720591,0.030514,0.052856,9,9,1.0,27.168649,96968132.0
1538,2023,9,2023-09-01,0.512702,0.027667,0.03735,9,9,1.0,23.804224,90239324.0
1538,2024,3,2024-03-01,0.163361,0.031722,0.040754,9,9,1.0,20.282734,86372445.0
1538,2024,4,2024-04-01,0.18823,0.030945,0.035929,9,9,1.0,19.015508,95332509.0
1538,2024,5,2024-05-01,0.544642,0.020995,0.042139,9,9,1.0,49.479102,89883638.0
1538,2024,6,2024-06-01,1.122812,0.030928,0.064465,9,9,1.0,27.857085,84217408.0
1538,2024,7,2024-07-01,0.945837,0.032262,0.108575,9,9,1.0,28.130191,95425695.0
1538,2024,8,2024-08-01,0.742,0.026521,0.037411,9,9,1.0,31.654902,91425313.0
1538,2024,9,2024-09-01,0.500198,0.022763,0.033814,9,9,1.0,35.142816,85979995.0
1538,2025,3,2025-03-01,0.175817,0.025334,0.041674,9,9,1.0,28.481318,87368194.0
1538,2025,4,2025-04-01,0.267685,0.02314,0.030922,9,9,1.0,35.154432,96861891.0
1538,2025,5,2025-05-01,0.464834,0.02736,0.069248,9,9,1.0,25.868328,89188846.0
1538,2025,6,2025-06-01,0.934262,0.035389,0.083644,9,9,1.0,21.616833,91704495.0
1538,2025,7,2025-07-01,1.101586,0.026185,0.066868,9,9,1.0,39.518275,94751856.0
1538,2025,8,2025-08-01,0.752891,0.029161,0.075995,9,9,1.0,29.113184,94948426.0
1538,2025,9,2025-09-01,0.520048,0.023669,0.023119,9,9,1.0,31.655673,89061648.0
1569,2019,3,2019-03-01,0.061805,0.055264,0.039205,9,9,1.0,3.00017,73511224.0
1569,2019,4,2019-04-01,0.105141,0.037792,0.09867,9,9,1.0,6.911199,74389486.0
1569,2019,5,2019-05-01,0.259039,0.046749,0.082285,9,9,1.0,3.641741,73985614.0
1569,2019,6,2019-06-01,0.617335,0.040041,0.164819,9,9,1.0,7.021964,76811205.0
1569,2019,7,2019-07-01,0.868408,0.055508,0.300426,9,9,1.0,4.656222,76826548.0
1569,2019,8,2019-08-01,0.401357,0.040595,0.084135,9,9,1.0,5.885673,95194713.0
1569,2019,9,2019-09-01,0.270812,0.040698,0.147419,9,9,1.0,4.511031,91974497.0
1569,2020,3,2020-03-01,-0.080407,0.045499,0.04869,9,9,1.0,3.637612,94604585.0
1569,2020,4,2020-04-01,0.072217,0.045133,0.072153,9,9,1.0,4.774023,96808107.0
1569,2020,5,2020-05-01,0.177092,0.03236,0.107143,9,9,1.0,6.778398,93035456.0
1569,2020,6,2020-06-01,0.614163,0.035261,0.076143,9,9,1.0,6.357732,96006563.0
1569,2020,7,2020-07-01,0.528649,0.040734,0.055902,9,9,1.0,5.369523,99686529.0
1569,2020,8,2020-08-01,0.514564,0.044208,0.102278,9,9,1.0,5.391489,97684078.0
1569,2020,9,2020-09-01,0.20975,0.035677,0.072621,9,9,1.0,4.794528,91237630.0
1569,2021,3,2021-03-01,0.176763,0.056094,0.081246,9,9,1.0,3.277991,94409616.0
1569,2021,4,2021-04-01,0.13345,0.039474,0.082735,9,9,1.0,6.39647,98410821.0
1569,2021,5,2021-05-01,0.292314,0.051961,0.081088,9,9,1.0,3.381139,91970868.0
1569,2021,6,2021-06-01,0.645479,0.035437,0.127398,9,9,1.0,7.763234,95947119.0
1569,2021,7,2021-07-01,0.571001,0.032359,0.096434,9,9,1.0,7.231163,101406324.0
1569,2021,8,2021-08-01,0.207674,0.041332,0.125058,9,9,1.0,3.779656,97445628.0
1569,2021,9,2021-09-01,0.293442,0.044627,0.130984,9,9,1.0,2.444343,90094126.0
1569,2022,3,2022-03-01,0.159738,0.047873,0.128964,9,9,1.0,5.869773,95748274.0
1569,2022,4,2022-04-01,0.224489,0.049799,0.105943,9,9,1.0,3.607531,97595138.0
1569,2022,5,2022-05-01,0.075214,0.037988,0.104271,9,9,1.0,4.944589,92699999.0
1569,2022,6,2022-06-01,0.721367,0.036754,0.053997,9,9,1.0,5.913636,95901303.0
1569,2022,7,2022-07-01,0.578961,0.045921,0.182086,9,9,1.0,4.835409,102035161.0
1569,2022,8,2022-08-01,0.642276,0.037107,0.197647,9,9,1.0,6.85315,98258702.0
1569,2022,9,2022-09-01,0.154605,0.048723,0.113217,9,9,1.0,4.156485,88902747.0
1569,2023,3,2023-03-01,0.074351,0.072611,0.063011,9,9,1.0,1.687407,93671913.0
1569,2023,4,2023-04-01,0.227026,0.041842,0.086664,9,9,1.0,6.760525,98665163.0
1569,2023,5,2023-05-01,0.486645,0.038714,0.130299,9,9,1.0,5.731183,95301562.0
1569,2023,6,2023-06-01,0.600757,0.042346,0.093455,9,9,1.0,5.383074,96444568.0
1569,2023,7,2023-07-01,0.523321,0.04099,0.13435,9,9,1.0,6.98962,101753881.0
1569,2023,8,2023-08-01,0.445247,0.046671,0.061251,9,9,1.0,5.18559,96968132.0
1569,2023,9,2023-09-01,0.280304,0.04196,0.075388,9,9,1.0,5.114772,90239324.0
1569,2024,3,2024-03-01,-0.05551,0.051524,0.102503,9,9,1.0,2.77022,86372445.0
1569,2024,4,2024-04-01,-0.09635,0.049227,0.075114,9,9,1.0,3.070571,95332509.0
1569,2024,5,2024-05-01,0.344271,0.032032,0.022656,9,9,1.0,7.575434,89883638.0
1569,2024,6,2024-06-01,0.562505,0.042886,0.16787,9,9,1.0,5.458963,84217408.0
1569,2024,7,2024-07-01,0.589415,0.045911,0.08259,9,9,1.0,5.348567,95425695.0
1569,2024,8,2024-08-01,0.325588,0.036628,0.048547,9,9,1.0,5.69838,91425313.0
1569,2024,9,2024-09-01,0.284498,0.036476,0.030318,9,9,1.0,5.46702,85979995.0
1569,2025,3,2025-03-01,0.10411,0.046053,0.101819,9,9,1.0,4.407742,87368194.0
1569,2025,4,2025-04-01,0.161248,0.034727,0.079756,9,9,1.0,5.144152,96861891.0
1569,2025,5,2025-05-01,0.049096,0.044103,0.077817,9,9,1.0,4.525138,89188846.0
1569,2025,6,2025-06-01,0.432842,0.045015,0.126035,9,9,1.0,4.311977,91704495.0
1569,2025,7,2025-07-01,0.655202,0.037274,0.05652,9,9,1.0,6.169803,94751856.0
1569,2025,8,2025-08-01,0.593927,0.032552,0.06186,9,9,1.0,8.039943,94948426.0
1569,2025,9,2025-09-01,0.435228,0.04141,0.084644,9,9,1.0,5.431658,89061648.0
1570,2019,3,2019-03-01,0.215191,0.060771,0.130428,6,6,1.0,4.822538,73511224.0
1570,2019,4,2019-04-01,0.189702,0.048366,0.060343,6,6,1.0,9.487593,74389486.0
1570,2019,5,2019-05-01,0.204891,0.040653,0.111547,6,6,1.0,7.3682,73985614.0
1570,2019,6,2019-06-01,0.669935,0.049454,0.136454,6,6,1.0,9.95297,76811205.0
1570,2019,7,2019-07-01,0.638577,0.0458,0.06539,6,6,1.0,8.257635,76826548.0
1570,2019,8,2019-08-01,0.426809,0.041905,0.127038,6,6,1.0,9.4675,95194713.0
1570,2019,9,2019-09-01,0.190496,0.044161,0.103183,6,6,1.0,7.156787,91974497.0
1570,2020,3,2020-03-01,0.058471,0.046222,0.125831,6,6,1.0,6.002153,94604585.0
1570,2020,4,2020-04-01,0.127856,0.046337,0.075079,6,6,1.0,8.251759,96808107.0
1570,2020,5,2020-05-01,0.302512,0.03421,0.180199,6,6,1.0,10.997063,93035456.0
1570,2020,6,2020-06-01,0.662478,0.039578,0.155579,6,6,1.0,11.431918,96006563.0
1570,2020,7,2020-07-01,0.375095,0.043762,0.192312,6,6,1.0,10.015063,99686529.0
1570,2020,8,2020-08-01,0.552761,0.044624,0.075712,6,6,1.0,9.07141,97684078.0
1570,2020,9,2020-09-01,0.284332,0.03901,0.108313,6,6,1.0,8.719171,91237630.0
1570,2021,3,2021-03-01,0.142537,0.056849,0.093336,6,6,1.0,6.653301,94409616.0
1570,2021,4,2021-04-01,0.188589,0.038187,0.144489,6,6,1.0,9.037812,98410821.0
1570,2021,5,2021-05-01,0.306719,0.045294,0.143129,6,6,1.0,5.941423,91970868.0
1570,2021,6,2021-06-01,0.641696,0.038725,0.101559,6,6,1.0,12.663942,95947119.0
1570,2021,7,2021-07-01,0.555495,0.035539,0.14474,6,6,1.0,13.404102,101406324.0
1570,2021,8,2021-08-01,0.233463,0.046785,0.132202,6,6,1.0,7.314818,97445628.0
1570,2021,9,2021-09-01,0.2354,0.046341,0.143088,6,6,1.0,4.720438,90094126.0
1570,2022,3,2022-03-01,0.042839,0.058187,0.115259,6,6,1.0,9.46729,95748274.0
1570,2022,4,2022-04-01,0.205,0.055683,0.090709,6,6,1.0,7.758846,97595138.0
1570,2022,5,2022-05-01,0.148674,0.043834,0.120128,6,6,1.0,8.581516,92699999.0
1570,2022,6,2022-06-01,0.592487,0.040656,0.150712,6,6,1.0,9.977762,95901303.0
1570,2022,7,2022-07-01,0.595735,0.051285,0.311218,6,6,1.0,7.118615,102035161.0
1570,2022,8,2022-08-01,0.514435,0.036637,0.161658,6,6,1.0,10.427178,98258702.0
1570,2022,9,2022-09-01,0.311001,0.05213,0.202203,6,6,1.0,6.857349,88902747.0
1570,2023,3,2023-03-01,0.199261,0.063573,0.084065,6,6,1.0,4.045214,93671913.0
1570,2023,4,2023-04-01,0.210068,0.040153,0.163173,6,6,1.0,10.743579,98665163.0
1570,2023,5,2023-05-01,0.438915,0.037655,0.115123,6,6,1.0,8.307447,95301562.0
1570,2023,6,2023-06-01,0.474336,0.0517,0.192519,6,6,1.0,8.947894,96444568.0
1570,2023,7,2023-07-01,0.396678,0.041024,0.100115,6,6,1.0,11.517874,101753881.0
1570,2023,8,2023-08-01,0.420934,0.036472,0.090727,6,6,1.0,9.42551,96968132.0
1570,2023,9,2023-09-01,0.344194,0.039729,0.060185,6,5,0.88601,8.838598,90239324.0
1570,2024,3,2024-03-01,0.067823,0.065263,0.091089,6,6,1.0,4.665842,86372445.0
1570,2024,4,2024-04-01,0.019233,0.047924,0.143055,6,6,1.0,5.77174,95332509.0
1570,2024,5,2024-05-01,0.328785,0.033907,0.118625,6,6,1.0,12.338671,89883638.0
1570,2024,6,2024-06-01,0.593546,0.042498,0.137441,6,6,1.0,8.891293,84217408.0
1570,2024,7,2024-07-01,0.659902,0.038488,0.104544,6,6,1.0,9.818574,95425695.0
1570,2024,8,2024-08-01,0.403534,0.039389,0.095104,6,6,1.0,8.228521,91425313.0
1570,2024,9,2024-09-01,0.301295,0.037377,0.113076,6,6,1.0,8.835302,85979995.0
1570,2025,3,2025-03-01,0.044347,0.046949,0.060836,6,6,1.0,6.660184,87368194.0
1570,2025,4,2025-04-01,0.284171,0.037145,0.086189,6,6,1.0,8.235081,96861891.0
1570,2025,5,2025-05-01,0.154936,0.043038,0.145664,6,6,1.0,8.325916,89188846.0
1570,2025,6,2025-06-01,0.608875,0.055839,0.1416,6,6,1.0,8.766324,91704495.0
1570,2025,7,2025-07-01,0.588295,0.041234,0.095437,6,6,1.0,8.902041,94751856.0
1570,2025,8,2025-08-01,0.358929,0.039204,0.163939,6,6,1.0,11.202303,94948426.0
1570,2025,9,2025-09-01,0.393401,0.03188,0.051301,6,6,1.0,9.596227,89061648.0
1604,2019,3,2019-03-01,0.228277,0.034243,0.041865,9,9,1.0,16.936268,73511224.0
1604,2019,4,2019-04-01,0.29611,0.026579,0.023315,9,9,1.0,32.301392,74389486.0
1604,2019,5,2019-05-01,0.45548,0.031683,0.06617,9,9,1.0,26.978761,73985614.0
1604,2019,6,2019-06-01,0.935174,0.030002,0.099275,9,9,1.0,36.799698,76811205.0
1604,2019,7,2019-07-01,0.942269,0.027954,0.05465,9,9,1.0,42.085379,76826548.0
1604,2019,8,2019-08-01,0.650233,0.027217,0.066663,9,9,1.0,36.652324,95194713.0
1604,2019,9,2019-09-01,0.477678,0.027739,0.030023,9,9,1.0,29.447727,91974497.0
1604,2020,3,2020-03-01,0.112723,0.026428,0.041041,9,9,1.0,28.502761,94604585.0
1604,2020,4,2020-04-01,0.110695,0.025937,0.044072,9,9,1.0,29.816484,96808107.0
1604,2020,5,2020-05-01,0.383517,0.027337,0.047462,9,9,1.0,33.350879,93035456.0
1604,2020,6,2020-06-01,0.944503,0.027525,0.10104,9,9,1.0,37.529871,96006563.0
1604,2020,7,2020-07-01,0.91722,0.035434,0.100049,9,9,1.0,24.65431,99686529.0
1604,2020,8,2020-08-01,0.872524,0.026625,0.066013,9,9,1.0,38.358495,97684078.0
1604,2020,9,2020-09-01,0.45259,0.025044,0.026838,9,9,1.0,35.131129,91237630.0
1604,2021,3,2021-03-01,0.21558,0.030777,0.038335,9,9,1.0,25.675041,94409616.0
1604,2021,4,2021-04-01,0.227387,0.026767,0.040049,9,9,1.0,24.422919,98410821.0
1604,2021,5,2021-05-01,0.461797,0.030187,0.058129,9,9,1.0,29.843305,91970868.0
1604,2021,6,2021-06-01,1.043725,0.028389,0.095229,9,9,1.0,38.193701,95947119.0
1604,2021,7,2021-07-01,1.040166,0.025878,0.075508,9,9,1.0,46.248945,101406324.0
1604,2021,8,2021-08-01,0.726653,0.03003,0.041307,9,9,1.0,27.896549,97445628.0
1604,2021,9,2021-09-01,0.460321,0.030107,0.055458,9,9,1.0,22.915298,90094126.0
1604,2022,3,2022-03-01,0.1702,0.027494,0.041343,9,9,1.0,32.639492,95748274.0
1604,2022,4,2022-04-01,0.263543,0.03026,0.034146,9,9,1.0,26.805004,97595138.0
1604,2022,5,2022-05-01,0.305155,0.029001,0.029696,9,9,1.0,26.640603,92699999.0
1604,2022,6,2022-06-01,1.010449,0.031616,0.088697,9,9,1.0,31.294341,95901303.0
1604,2022,7,2022-07-01,1.094402,0.032178,0.106491,9,9,1.0,31.179462,102035161.0
1604,2022,8,2022-08-01,0.868571,0.026808,0.080344,9,9,1.0,39.325229,98258702.0
1604,2022,9,2022-09-01,0.497209,0.028802,0.05965,9,9,1.0,26.981784,88902747.0
1604,2023,3,2023-03-01,0.175796,0.03543,0.061115,9,9,1.0,18.423453,93671913.0
1604,2023,4,2023-04-01,0.251095,0.025813,0.044953,9,9,1.0,41.084086,98665163.0
1604,2023,5,2023-05-01,0.551624,0.024982,0.03455,9,9,1.0,39.423689,95301562.0
1604,2023,6,2023-06-01,0.986998,0.027646,0.07329,9,9,1.0,37.923889,96444568.0
1604,2023,7,2023-07-01,0.868349,0.035459,0.095601,9,9,1.0,22.443199,101753881.0
1604,2023,8,2023-08-01,0.788133,0.033401,0.071895,9,9,1.0,25.005151,96968132.0
1604,2023,9,2023-09-01,0.546802,0.028688,0.027779,9,9,1.0,25.120601,90239324.0
1604,2024,3,2024-03-01,0.186371,0.034174,0.052381,9,9,1.0,21.108207,86372445.0
1604,2024,4,2024-04-01,0.11444,0.034053,0.058893,9,9,1.0,19.664948,95332509.0
1604,2024,5,2024-05-01,0.559722,0.022517,0.026326,9,9,1.0,47.559269,89883638.0
1604,2024,6,2024-06-01,1.13465,0.034237,0.065793,9,9,1.0,25.234124,84217408.0
1604,2024,7,2024-07-01,0.975854,0.03379,0.083981,9,9,1.0,29.905966,95425695.0
1604,2024,8,2024-08-01,0.815357,0.028389,0.08209,9,9,1.0,31.599201,91425313.0
1604,2024,9,2024-09-01,0.522355,0.024351,0.051968,9,9,1.0,35.749159,85979995.0
1604,2025,3,2025-03-01,0.213857,0.02774,0.04144,9,9,1.0,29.450958,87368194.0
1604,2025,4,2025-04-01,0.290806,0.024971,0.04639,9,9,1.0,33.455769,96861891.0
1604,2025,5,2025-05-01,0.447778,0.029926,0.091672,9,9,1.0,26.514263,89188846.0
1604,2025,6,2025-06-01,0.87362,0.035926,0.081979,9,9,1.0,24.753099,91704495.0
1604,2025,7,2025-07-01,1.120457,0.027736,0.104812,9,9,1.0,38.95477,94751856.0
1604,2025,8,2025-08-01,0.794822,0.029441,0.087247,9,9,1.0,31.114737,94948426.0
1604,2025,9,2025-09-01,0.542377,0.024918,0.027766,9,9,1.0,30.531757,89061648.0
1612,2019,3,2019-03-01,0.159919,0.030639,0.042846,6,6,1.0,22.243584,73511224.0
1612,2019,4,2019-04-01,0.255359,0.026723,0.014192,6,6,1.0,30.777489,74389486.0
1612,2019,5,2019-05-01,0.349861,0.02957,0.055959,6,6,1.0,31.588001,73985614.0
1612,2019,6,2019-06-01,0.8654,0.031273,0.090624,6,6,1.0,32.473485,76811205.0
1612,2019,7,2019-07-01,0.879597,0.030184,0.068189,6,6,1.0,37.948112,76826548.0
1612,2019,8,2019-08-01,0.623894,0.02954,0.1014,6,6,1.0,30.127844,95194713.0
1612,2019,9,2019-09-01,0.453562,0.027272,0.017762,6,6,1.0,29.338346,91974497.0
1612,2020,3,2020-03-01,0.15481,0.027412,0.025385,6,6,1.0,28.124511,94604585.0
1612,2020,4,2020-04-01,0.185996,0.027911,0.02686,6,6,1.0,29.161586,96808107.0
1612,2020,5,2020-05-01,0.40953,0.027895,0.066266,6,6,1.0,35.953189,93035456.0
1612,2020,6,2020-06-01,0.902521,0.028731,0.083156,6,6,1.0,38.592434,96006563.0
1612,2020,7,2020-07-01,0.855897,0.034556,0.058119,6,6,1.0,27.26488,99686529.0
1612,2020,8,2020-08-01,0.72274,0.027717,0.069378,6,6,1.0,40.215364,97684078.0
1612,2020,9,2020-09-01,0.448883,0.027702,0.036569,6,6,1.0,29.335291,91237630.0
1612,2021,3,2021-03-01,0.271194,0.033435,0.073261,6,6,1.0,21.50651,94409616.0
1612,2021,4,2021-04-01,0.304529,0.02849,0.023407,6,6,1.0,28.489055,98410821.0
1612,2021,5,2021-05-01,0.42436,0.032796,0.037777,6,6,1.0,27.589418,91970868.0
1612,2021,6,2021-06-01,0.991631,0.029057,0.085026,6,6,1.0,38.141201,95947119.0
1612,2021,7,2021-07-01,1.031121,0.027632,0.083468,6,6,1.0,43.056309,101406324.0
1612,2021,8,2021-08-01,0.598182,0.030683,0.082012,6,6,1.0,31.522959,97445628.0
1612,2021,9,2021-09-01,0.39216,0.032452,0.074663,6,6,1.0,21.140068,90094126.0
1612,2022,3,2022-03-01,0.241223,0.02896,0.038051,6,6,1.0,29.396243,95748274.0
1612,2022,4,2022-04-01,0.376496,0.031159,0.056141,6,6,1.0,26.234475,97595138.0
1612,2022,5,2022-05-01,0.364361,0.029939,0.048693,6,6,1.0,30.106523,92699999.0
1612,2022,6,2022-06-01,0.979724,0.032114,0.085741,6,6,1.0,31.316804,95901303.0
1612,2022,7,2022-07-01,1.039246,0.032479,0.078093,6,6,1.0,32.945727,102035161.0
1612,2022,8,2022-08-01,0.766853,0.027096,0.039916,6,6,1.0,40.981846,98258702.0
1612,2022,9,2022-09-01,0.398316,0.030765,0.061972,6,6,1.0,26.501909,88902747.0
1612,2023,3,2023-03-01,0.107335,0.033091,0.024027,6,6,1.0,19.689175,93671913.0
1612,2023,4,2023-04-01,0.321448,0.026402,0.023701,6,6,1.0,40.984107,98665163.0
1612,2023,5,2023-05-01,0.505984,0.026981,0.041141,6,6,1.0,35.555375,95301562.0
1612,2023,6,2023-06-01,0.933814,0.028295,0.089253,6,6,1.0,37.545412,96444568.0
1612,2023,7,2023-07-01,0.85541,0.035526,0.105755,6,6,1.0,24.192682,101753881.0
1612,2023,8,2023-08-01,0.716455,0.032462,0.083618,6,6,1.0,29.605524,96968132.0
1612,2023,9,2023-09-01,0.423984,0.027134,0.029949,6,6,1.0,27.170464,90239324.0
1612,2024,3,2024-03-01,0.20395,0.0358,0.0597,6,6,1.0,21.3667,86372445.0
1612,2024,4,2024-04-01,0.23934,0.036248,0.058857,6,6,1.0,18.03244,95332509.0
1612,2024,5,2024-05-01,0.531079,0.023336,0.045404,6,6,1.0,46.439339,89883638.0
1612,2024,6,2024-06-01,0.98798,0.033125,0.119879,6,6,1.0,31.008711,84217408.0
1612,2024,7,2024-07-01,0.83399,0.036244,0.067919,6,6,1.0,26.556353,95425695.0
1612,2024,8,2024-08-01,0.667284,0.029182,0.039564,6,6,1.0,32.637775,91425313.0
1612,2024,9,2024-09-01,0.481127,0.024636,0.045962,6,6,1.0,33.474464,85979995.0
1612,2025,3,2025-03-01,0.20379,0.028096,0.035475,6,6,1.0,29.447944,87368194.0
1612,2025,4,2025-04-01,0.288044,0.025566,0.023919,6,6,1.0,35.384539,96861891.0
1612,2025,5,2025-05-01,0.407634,0.031652,0.067417,6,6,1.0,26.209129,89188846.0
1612,2025,6,2025-06-01,0.835515,0.040096,0.097417,6,6,1.0,20.554061,91704495.0
1612,2025,7,2025-07-01,1.047897,0.029809,0.069795,6,6,1.0,34.623805,94751856.0
1612,2025,8,2025-08-01,0.763632,0.02858,0.043967,6,6,1.0,34.949783,94948426.0
1612,2025,9,2025-09-01,0.46343,0.026347,0.016457,6,6,1.0,31.115571,89061648.0
1618,2019,3,2019-03-01,0.19084,0.033404,0.044957,9,9,1.0,15.773967,73511224.0
1618,2019,4,2019-04-01,0.226147,0.02741,0.035055,9,9,1.0,22.921679,74389486.0
1618,2019,5,2019-05-01,0.322916,0.033529,0.040983,9,9,1.0,19.598818,73985614.0
1618,2019,6,2019-06-01,0.800517,0.032915,0.127331,9,9,1.0,22.583643,76811205.0
1618,2019,7,2019-07-01,0.602685,0.031935,0.110193,9,9,1.0,21.314973,76826548.0
1618,2019,8,2019-08-01,0.479763,0.033426,0.062007,9,9,1.0,18.789939,95194713.0
1618,2019,9,2019-09-01,0.312142,0.02977,0.050023,9,9,1.0,20.018399,91974497.0
1618,2020,3,2020-03-01,0.115272,0.028406,0.013215,9,9,1.0,20.320631,94604585.0
1618,2020,4,2020-04-01,0.148535,0.028979,0.055502,9,9,1.0,21.664166,96808107.0
1618,2020,5,2020-05-01,0.247798,0.027977,0.056494,9,9,1.0,24.892376,93035456.0
1618,2020,6,2020-06-01,0.810293,0.027828,0.148463,9,9,1.0,27.219933,96006563.0
1618,2020,7,2020-07-01,0.668529,0.03255,0.141565,9,9,1.0,21.980989,99686529.0
1618,2020,8,2020-08-01,0.573845,0.027369,0.085876,9,9,1.0,25.26819,97684078.0
1618,2020,9,2020-09-01,0.454878,0.030084,0.049003,9,9,1.0,18.754888,91237630.0
1618,2021,3,2021-03-01,0.258361,0.034262,0.141038,9,9,1.0,15.206892,94409616.0
1618,2021,4,2021-04-01,0.248117,0.030797,0.111207,9,9,1.0,18.314505,98410821.0
1618,2021,5,2021-05-01,0.2734,0.032826,0.165656,9,9,1.0,17.954664,91970868.0
1618,2021,6,2021-06-01,0.806387,0.02849,0.165653,9,9,1.0,27.802258,95947119.0
1618,2021,7,2021-07-01,0.839454,0.028071,0.129743,9,9,1.0,28.393746,101406324.0
1618,2021,8,2021-08-01,0.502333,0.032532,0.104774,9,9,1.0,19.85931,97445628.0
1618,2021,9,2021-09-01,0.436162,0.031974,0.046199,9,9,1.0,16.228635,90094126.0
1618,2022,3,2022-03-01,0.332046,0.032424,0.116444,9,9,1.0,19.76224,95748274.0
1618,2022,4,2022-04-01,0.344389,0.035207,0.101772,9,9,1.0,16.887651,97595138.0
1618,2022,5,2022-05-01,0.249449,0.03263,0.087255,9,9,1.0,17.788533,92699999.0
1618,2022,6,2022-06-01,0.894416,0.031256,0.187496,9,9,1.0,21.842013,95901303.0
1618,2022,7,2022-07-01,0.795536,0.032693,0.190669,9,9,1.0,20.602864,102035161.0
1618,2022,8,2022-08-01,0.662356,0.02642,0.101594,9,9,1.0,26.527735,98258702.0
1618,2022,9,2022-09-01,0.314451,0.034086,0.073705,9,9,1.0,13.692891,88902747.0
1618,2023,3,2023-03-01,0.154845,0.040112,0.128313,9,9,1.0,14.266864,93671913.0
1618,2023,4,2023-04-01,0.284872,0.029502,0.091498,9,9,1.0,26.090704,98665163.0
1618,2023,5,2023-05-01,0.397082,0.029176,0.111935,9,9,1.0,24.862553,95301562.0
1618,2023,6,2023-06-01,0.770994,0.030604,0.144244,9,9,1.0,22.571783,96444568.0
1618,2023,7,2023-07-01,0.732862,0.033445,0.117339,9,9,1.0,18.269523,101753881.0
1618,2023,8,2023-08-01,0.50635,0.034323,0.092333,9,9,1.0,19.309965,96968132.0
1618,2023,9,2023-09-01,0.46787,0.028748,0.073828,9,9,1.0,19.202009,90239324.0
1618,2024,3,2024-03-01,0.234259,0.041052,0.040816,9,9,1.0,13.154659,86372445.0
1618,2024,4,2024-04-01,0.14188,0.037648,0.077023,9,9,1.0,13.176289,95332509.0
1618,2024,5,2024-05-01,0.459531,0.023115,0.057683,9,9,1.0,33.67958,89883638.0
1618,2024,6,2024-06-01,0.755404,0.032409,0.198747,9,9,1.0,21.005986,84217408.0
1618,2024,7,2024-07-01,0.694086,0.035563,0.146045,9,9,1.0,18.246203,95425695.0
1618,2024,8,2024-08-01,0.630857,0.027763,0.100867,9,9,1.0,24.323007,91425313.0
1618,2024,9,2024-09-01,0.491107,0.026734,0.04699,9,9,1.0,21.463638,85979995.0
1618,2025,3,2025-03-01,0.278448,0.029625,0.085668,9,9,1.0,21.895241,87368194.0
1618,2025,4,2025-04-01,0.193902,0.026508,0.040526,9,9,1.0,24.802399,96861891.0
1618,2025,5,2025-05-01,0.356548,0.032409,0.072517,9,9,1.0,16.891949,89188846.0
1618,2025,6,2025-06-01,0.684742,0.03795,0.1075,9,9,1.0,17.946909,91704495.0
1618,2025,7,2025-07-01,0.853104,0.027873,0.17465,9,9,1.0,27.089823,94751856.0
1618,2025,8,2025-08-01,0.673933,0.027959,0.108702,9,9,1.0,26.819689,94948426.0
1618,2025,9,2025-09-01,0.329655,0.026004,0.038924,9,9,1.0,21.381517,89061648.0
1666,2019,3,2019-03-01,0.122772,0.031746,0.044081,9,9,1.0,16.396891,73511224.0
1666,2019,4,2019-04-01,0.252289,0.023428,0.034271,9,9,1.0,35.971391,74389486.0
1666,2019,5,2019-05-01,0.402054,0.02949,0.033759,9,9,1.0,25.758032,73985614.0
1666,2019,6,2019-06-01,0.921594,0.026768,0.025023,9,9,1.0,40.44798,76811205.0
1666,2019,7,2019-07-01,0.90935,0.02597,0.038843,9,9,1.0,42.442844,76826548.0
1666,2019,8,2019-08-01,0.621481,0.026739,0.021269,9,9,1.0,34.900008,95194713.0
1666,2019,9,2019-09-01,0.491303,0.026234,0.025038,9,9,1.0,31.155134,91974497.0
1666,2020,3,2020-03-01,0.152364,0.024488,0.028935,9,9,1.0,26.863635,94604585.0
1666,2020,4,2020-04-01,0.200227,0.023649,0.039762,9,9,1.0,33.616923,96808107.0
1666,2020,5,2020-05-01,0.229564,0.023293,0.03366,9,9,1.0,38.182342,93035456.0
1666,2020,6,2020-06-01,1.0453,0.026325,0.084038,9,9,1.0,35.800663,96006563.0
1666,2020,7,2020-07-01,0.96843,0.033731,0.057259,9,9,1.0,26.717426,99686529.0
1666,2020,8,2020-08-01,0.797319,0.025506,0.040396,9,9,1.0,38.881772,97684078.0
1666,2020,9,2020-09-01,0.474648,0.023753,0.023605,9,9,1.0,34.743775,91237630.0
1666,2021,3,2021-03-01,0.157794,0.027041,0.032934,9,9,1.0,23.553153,94409616.0
1666,2021,4,2021-04-01,0.246136,0.023375,0.050909,9,9,1.0,29.440874,98410821.0
1666,2021,5,2021-05-01,0.317377,0.02527,0.032225,9,9,1.0,35.994929,91970868.0
1666,2021,6,2021-06-01,0.995566,0.027668,0.041244,9,9,1.0,40.12496,95947119.0
1666,2021,7,2021-07-01,1.08711,0.024145,0.030122,9,9,1.0,49.728408,101406324.0
1666,2021,8,2021-08-01,0.67463,0.026324,0.048175,9,9,1.0,32.516754,97445628.0
1666,2021,9,2021-09-01,0.471777,0.028793,0.027089,9,9,1.0,24.27279,90094126.0
1666,2022,3,2022-03-01,0.173938,0.023588,0.024143,9,9,1.0,33.154515,95748274.0
1666,2022,4,2022-04-01,0.281967,0.024956,0.03833,9,9,1.0,32.602007,97595138.0
1666,2022,5,2022-05-01,0.272432,0.023958,0.017351,9,9,1.0,37.531285,92699999.0
1666,2022,6,2022-06-01,0.987592,0.028646,0.064016,9,9,1.0,32.55791,95901303.0
1666,2022,7,2022-07-01,1.023586,0.029903,0.035055,9,9,1.0,33.053107,102035161.0
1666,2022,8,2022-08-01,0.932382,0.023874,0.02404,9,9,1.0,42.87397,98258702.0
1666,2022,9,2022-09-01,0.479136,0.025828,0.019118,9,9,1.0,29.533641,88902747.0
1666,2023,3,2023-03-01,0.110064,0.02795,0.039523,9,9,1.0,24.17322,93671913.0
1666,2023,4,2023-04-01,0.210332,0.022891,0.024038,9,9,1.0,41.108876,98665163.0
1666,2023,5,2023-05-01,0.448469,0.023179,0.035382,9,9,1.0,38.062115,95301562.0
1666,2023,6,2023-06-01,0.953027,0.026763,0.032694,9,9,1.0,38.44735,96444568.0
1666,2023,7,2023-07-01,0.975386,0.033265,0.086281,9,9,1.0,23.817081,101753881.0
1666,2023,8,2023-08-01,0.68723,0.029808,0.060194,9,9,1.0,29.441588,96968132.0
1666,2023,9,2023-09-01,0.50856,0.027161,0.043397,9,9,1.0,23.369032,90239324.0
1666,2024,3,2024-03-01,0.203745,0.030104,0.089051,9,9,1.0,19.935199,86372445.0
1666,2024,4,2024-04-01,0.124974,0.029169,0.015679,9,9,1.0,22.772516,95332509.0
1666,2024,5,2024-05-01,0.569458,0.021185,0.024402,9,9,1.0,48.601579,89883638.0
1666,2024,6,2024-06-01,1.121717,0.030463,0.051985,9,9,1.0,30.303596,84217408.0
1666,2024,7,2024-07-01,0.958327,0.032828,0.04787,9,9,1.0,28.671452,95425695.0
1666,2024,8,2024-08-01,0.731448,0.027968,0.023424,9,9,1.0,29.48253,91425313.0
1666,2024,9,2024-09-01,0.582421,0.022898,0.037527,9,9,1.0,32.432843,85979995.0
1666,2025,3,2025-03-01,0.207573,0.024076,0.043111,9,9,1.0,28.424988,87368194.0
1666,2025,4,2025-04-01,0.3191,0.025598,0.040412,9,9,1.0,30.745138,96861891.0
1666,2025,5,2025-05-01,0.453547,0.028939,0.035684,9,9,1.0,26.584208,89188846.0
1666,2025,6,2025-06-01,0.911191,0.032605,0.033102,9,9,1.0,29.176784,91704495.0
1666,2025,7,2025-07-01,1.104804,0.02627,0.023858,9,9,1.0,41.265209,94751856.0
1666,2025,8,2025-08-01,0.903976,0.028665,0.030758,9,9,1.0,28.211305,94948426.0
1666,2025,9,2025-09-01,0.503788,0.023653,0.032854,9,9,1.0,32.066718,89061648.0
1674,2019,3,2019-03-01,0.156255,0.029599,0.026057,9,9,1.0,21.266488,73511224.0
1674,2019,4,2019-04-01,0.309069,0.026833,0.022103,9,9,1.0,30.206537,74389486.0
1674,2019,5,2019-05-01,0.37832,0.03183,0.035811,9,9,1.0,26.208259,73985614.0
1674,2019,6,2019-06-01,0.714265,0.029314,0.037695,9,9,1.0,33.564093,76811205.0
1674,2019,7,2019-07-01,0.779839,0.028264,0.0374,9,9,1.0,39.056072,76826548.0
1674,2019,8,2019-08-01,0.53488,0.028279,0.057776,9,9,1.0,32.739539,95194713.0
1674,2019,9,2019-09-01,0.405608,0.027315,0.084648,9,9,1.0,28.904229,91974497.0
1674,2020,3,2020-03-01,0.166054,0.026883,0.016737,9,9,1.0,30.351351,94604585.0
1674,2020,4,2020-04-01,0.255772,0.026581,0.048452,9,9,1.0,31.441625,96808107.0
1674,2020,5,2020-05-01,0.327128,0.028267,0.054226,9,9,1.0,30.650546,93035456.0
1674,2020,6,2020-06-01,0.748013,0.027888,0.028083,9,9,1.0,36.977663,96006563.0
1674,2020,7,2020-07-01,0.723314,0.032527,0.067896,9,9,1.0,27.612229,99686529.0
1674,2020,8,2020-08-01,0.701431,0.026728,0.032592,9,9,1.0,40.191002,97684078.0
1674,2020,9,2020-09-01,0.379715,0.025031,0.037886,9,9,1.0,33.173712,91237630.0
1674,2021,3,2021-03-01,0.198346,0.033547,0.03723,9,9,1.0,17.282983,94409616.0
1674,2021,4,2021-04-01,0.254793,0.026791,0.031853,9,9,1.0,30.989343,98410821.0
1674,2021,5,2021-05-01,0.313337,0.029636,0.056166,9,9,1.0,28.162066,91970868.0
1674,2021,6,2021-06-01,0.861877,0.027452,0.033627,9,9,1.0,39.315269,95947119.0
1674,2021,7,2021-07-01,0.900106,0.02535,0.068331,9,9,1.0,44.172691,101406324.0
1674,2021,8,2021-08-01,0.650233,0.030113,0.039378,9,9,1.0,29.218559,97445628.0
1674,2021,9,2021-09-01,0.417623,0.030765,0.035122,9,9,1.0,22.674418,90094126.0
1674,2022,3,2022-03-01,0.203532,0.025734,0.035362,9,9,1.0,31.206263,95748274.0
1674,2022,4,2022-04-01,0.331428,0.029469,0.029346,9,9,1.0,28.075405,97595138.0
1674,2022,5,2022-05-01,0.393522,0.0272,0.046177,9,9,1.0,30.37457,92699999.0
1674,2022,6,2022-06-01,0.894337,0.031182,0.044705,9,9,1.0,30.427146,95901303.0
1674,2022,7,2022-07-01,0.84381,0.031544,0.039895,9,9,1.0,29.752443,102035161.0
1674,2022,8,2022-08-01,0.76131,0.025423,0.037192,9,9,1.0,40.592759,98258702.0
1674,2022,9,2022-09-01,0.432563,0.028484,0.04929,9,9,1.0,29.360137,88902747.0
1674,2023,3,2023-03-01,0.104803,0.030245,0.036686,9,9,1.0,21.478903,93671913.0
1674,2023,4,2023-04-01,0.313294,0.024677,0.04823,9,9,1.0,41.858508,98665163.0
1674,2023,5,2023-05-01,0.45944,0.02584,0.022112,9,9,1.0,34.842617,95301562.0
1674,2023,6,2023-06-01,0.79069,0.027772,0.06221,9,9,1.0,36.012168,96444568.0
1674,2023,7,2023-07-01,0.727063,0.033349,0.10159,9,9,1.0,25.108791,101753881.0
1674,2023,8,2023-08-01,0.668166,0.032299,0.028319,9,9,1.0,28.012218,96968132.0
1674,2023,9,2023-09-01,0.454307,0.027676,0.035421,9,9,1.0,27.242953,90239324.0
1674,2024,3,2024-03-01,0.169551,0.033083,0.020124,9,9,1.0,21.525489,86372445.0
1674,2024,4,2024-04-01,0.188822,0.037068,0.034836,9,9,1.0,16.878521,95332509.0
1674,2024,5,2024-05-01,0.498186,0.022598,0.044398,9,9,1.0,46.64843,89883638.0
1674,2024,6,2024-06-01,0.847966,0.033517,0.103481,9,9,1.0,25.890167,84217408.0
1674,2024,7,2024-07-01,0.791797,0.033333,0.040363,9,9,1.0,26.72229,95425695.0
1674,2024,8,2024-08-01,0.625753,0.028133,0.034475,9,9,1.0,32.054824,91425313.0
1674,2024,9,2024-09-01,0.443367,0.023449,0.032103,9,9,1.0,35.828063,85979995.0
1674,2025,3,2025-03-01,0.249142,0.02646,0.026526,9,9,1.0,33.676238,87368194.0
1674,2025,4,2025-04-01,0.284865,0.025837,0.024369,9,9,1.0,33.454714,96861891.0
1674,2025,5,2025-05-01,0.357266,0.030909,0.059402,9,9,1.0,23.667739,89188846.0
1674,2025,6,2025-06-01,0.73896,0.039476,0.055895,9,9,1.0,20.039101,91704495.0
1674,2025,7,2025-07-01,0.930821,0.026301,0.042395,9,9,1.0,39.199308,94751856.0
1674,2025,8,2025-08-01,0.668001,0.028993,0.082551,9,9,1.0,29.041363,94948426.0
1674,2025,9,2025-09-01,0.512777,0.02744,0.019787,9,9,1.0,26.629512,89061648.0
1679,2019,3,2019-03-01,0.186785,0.032143,0.018424,9,9,1.0,22.065468,73511224.0
1679,2019,4,2019-04-01,0.26208,0.026881,0.053929,9,9,1.0,32.032963,74389486.0
1679,2019,5,2019-05-01,0.392279,0.032214,0.019842,9,9,1.0,28.004138,73985614.0
1679,2019,6,2019-06-01,0.909582,0.032986,0.042766,9,9,1.0,30.572215,76811205.0
1679,2019,7,2019-07-01,0.895946,0.030423,0.024868,9,9,1.0,38.250791,76826548.0
1679,2019,8,2019-08-01,0.702864,0.030503,0.046707,9,9,1.0,28.411303,95194713.0
1679,2019,9,2019-09-01,0.480159,0.030309,0.016459,9,9,1.0,27.556875,91974497.0
1679,2020,3,2020-03-01,0.141831,0.027211,0.035767,9,9,1.0,30.258669,94604585.0
1679,2020,4,2020-04-01,0.233066,0.029124,0.051717,9,9,1.0,27.828765,96808107.0
1679,2020,5,2020-05-01,0.375578,0.027967,0.03418,9,9,1.0,36.027051,93035456.0
1679,2020,6,2020-06-01,0.983765,0.029044,0.017058,9,9,1.0,38.862208,96006563.0
1679,2020,7,2020-07-01,0.917145,0.033321,0.032855,9,9,1.0,29.05986,99686529.0
1679,2020,8,2020-08-01,0.801387,0.028341,0.048638,9,9,1.0,40.341506,97684078.0
1679,2020,9,2020-09-01,0.476314,0.028742,0.03934,9,9,1.0,28.415999,91237630.0
1679,2021,3,2021-03-01,0.279069,0.032408,0.018542,9,9,1.0,23.572802,94409616.0
1679,2021,4,2021-04-01,0.25763,0.028821,0.03183,9,9,1.0,30.465645,98410821.0
1679,2021,5,2021-05-01,0.33529,0.033108,0.060937,9,9,1.0,27.586077,91970868.0
1679,2021,6,2021-06-01,1.04286,0.029375,0.056452,9,9,1.0,40.049238,95947119.0
1679,2021,7,2021-07-01,1.001745,0.028304,0.030108,9,9,1.0,41.601954,101406324.0
1679,2021,8,2021-08-01,0.629151,0.032315,0.066493,9,9,1.0,28.472674,97445628.0
1679,2021,9,2021-09-01,0.499523,0.030098,0.047809,9,9,1.0,23.802532,90094126.0
1679,2022,3,2022-03-01,0.208733,0.028997,0.066097,9,9,1.0,30.333029,95748274.0
1679,2022,4,2022-04-01,0.399828,0.031837,0.031141,9,9,1.0,26.463899,97595138.0
1679,2022,5,2022-05-01,0.37792,0.029868,0.053809,9,9,1.0,31.344663,92699999.0
1679,2022,6,2022-06-01,1.031613,0.032146,0.028468,9,9,1.0,30.812422,95901303.0
1679,2022,7,2022-07-01,1.111248,0.034685,0.031747,9,9,1.0,30.436954,102035161.0
1679,2022,8,2022-08-01,0.789736,0.028612,0.024647,9,9,1.0,40.056087,98258702.0
1679,2022,9,2022-09-01,0.452035,0.03061,0.051754,9,9,1.0,24.357077,88902747.0
1679,2023,3,2023-03-01,0.168249,0.033557,0.025006,9,9,1.0,20.259711,93671913.0
1679,2023,4,2023-04-01,0.334135,0.026812,0.045819,9,9,1.0,41.320306,98665163.0
1679,2023,5,2023-05-01,0.623259,0.02752,0.037174,9,9,1.0,37.749034,95301562.0
1679,2023,6,2023-06-01,1.008882,0.029808,0.036202,9,9,1.0,38.433865,96444568.0
1679,2023,7,2023-07-01,0.936297,0.033949,0.114721,9,9,1.0,29.658873,101753881.0
1679,2023,8,2023-08-01,0.700057,0.033981,0.049485,9,9,1.0,27.050402,96968132.0
1679,2023,9,2023-09-01,0.506702,0.02914,0.051454,9,9,1.0,25.183342,90239324.0
1679,2024,3,2024-03-01,0.223892,0.037237,0.046173,9,9,1.0,22.201282,86372445.0
1679,2024,4,2024-04-01,0.246208,0.036253,0.04801,9,9,1.0,18.180862,95332509.0
1679,2024,5,2024-05-01,0.559343,0.024004,0.025198,9,9,1.0,45.791697,89883638.0
1679,2024,6,2024-06-01,0.970521,0.033751,0.052115,9,9,1.0,30.358785,84217408.0
1679,2024,7,2024-07-01,0.968859,0.037357,0.079761,9,9,1.0,24.124151,95425695.0
1679,2024,8,2024-08-01,0.693776,0.029605,0.076992,9,9,1.0,32.651643,91425313.0
1679,2024,9,2024-09-01,0.494148,0.025619,0.035726,9,9,1.0,34.497219,85979995.0
1679,2025,3,2025-03-01,0.264684,0.029077,0.018119,9,9,1.0,29.433387,87368194.0
1679,2025,4,2025-04-01,0.330559,0.025126,0.035587,9,9,1.0,36.431768,96861891.0
1679,2025,5,2025-05-01,0.417907,0.031882,0.054908,9,9,1.0,26.231512,89188846.0
1679,2025,6,2025-06-01,0.907406,0.039815,0.053142,9,9,1.0,21.93341,91704495.0
1679,2025,7,2025-07-01,1.0966,0.029705,0.024496,9,9,1.0,37.186547,94751856.0
1679,2025,8,2025-08-01,0.710194,0.02984,0.034527,9,9,1.0,36.744569,94948426.0
1679,2025,9,2025-09-01,0.557431,0.026545,0.02344,9,9,1.0,30.373401,89061648.0
1682,2019,3,2019-03-01,0.193868,0.034333,0.008103,4,4,1.0,23.803441,73511224.0
1682,2019,4,2019-04-01,0.276159,0.028676,0.02101,4,4,1.0,36.56532,74389486.0
1682,2019,5,2019-05-01,0.432742,0.034858,0.019032,4,4,1.0,29.59784,73985614.0
1682,2019,6,2019-06-01,0.91765,0.036302,0.030911,4,4,1.0,33.9946,76811205.0
1682,2019,7,2019-07-01,0.831928,0.036098,0.045594,4,4,1.0,35.063332,76826548.0
1682,2019,8,2019-08-01,0.622549,0.034701,0.05834,4,4,1.0,32.182393,95194713.0
1682,2019,9,2019-09-01,0.374558,0.033555,0.056347,4,4,1.0,28.174107,91974497.0
1682,2020,3,2020-03-01,0.140616,0.031676,0.020993,4,4,1.0,27.858568,94604585.0
1682,2020,4,2020-04-01,0.187095,0.033526,0.078357,4,4,1.0,26.498938,96808107.0
1682,2020,5,2020-05-01,0.336287,0.031328,0.052208,4,4,1.0,38.629688,93035456.0
1682,2020,6,2020-06-01,0.977701,0.032559,0.075526,4,4,1.0,40.936463,96006563.0
1682,2020,7,2020-07-01,0.856599,0.036581,0.050479,4,4,1.0,32.278073,99686529.0
1682,2020,8,2020-08-01,0.82728,0.031299,0.03032,4,4,1.0,39.308509,97684078.0
1682,2020,9,2020-09-01,0.498798,0.033385,0.035223,4,4,1.0,25.497649,91237630.0
1682,2021,3,2021-03-01,0.255341,0.035697,0.054675,4,4,1.0,23.267494,94409616.0
1682,2021,4,2021-04-01,0.341874,0.031971,0.020062,4,4,1.0,28.038817,98410821.0
1682,2021,5,2021-05-01,0.445189,0.035644,0.032776,4,4,1.0,26.758387,91970868.0
1682,2021,6,2021-06-01,0.987774,0.033119,0.037505,4,4,1.0,39.794652,95947119.0
1682,2021,7,2021-07-01,1.028864,0.031616,0.026046,4,4,1.0,41.100496,101406324.0
1682,2021,8,2021-08-01,0.60036,0.036054,0.02711,4,4,1.0,27.480035,97445628.0
1682,2021,9,2021-09-01,0.460247,0.0343,0.044525,4,4,1.0,23.634014,90094126.0
1682,2022,3,2022-03-01,0.284689,0.032115,0.031793,4,4,1.0,30.441976,95748274.0
1682,2022,4,2022-04-01,0.374249,0.034498,0.042277,4,4,1.0,30.346341,97595138.0
1682,2022,5,2022-05-01,0.437766,0.033186,0.049439,4,4,1.0,32.050397,92699999.0
1682,2022,6,2022-06-01,1.020838,0.036476,0.052599,4,4,1.0,31.90112,95901303.0
1682,2022,7,2022-07-01,1.014632,0.03721,0.068449,4,4,1.0,32.415459,102035161.0
1682,2022,8,2022-08-01,0.848085,0.029535,0.029544,4,4,1.0,42.004748,98258702.0
1682,2022,9,2022-09-01,0.436227,0.03507,0.012725,4,4,1.0,26.02482,88902747.0
1682,2023,3,2023-03-01,0.15107,0.034714,0.036889,4,4,1.0,24.097785,93671913.0
1682,2023,4,2023-04-01,0.290241,0.029396,0.022149,4,4,1.0,42.559781,98665163.0
1682,2023,5,2023-05-01,0.638387,0.031965,0.054369,4,4,1.0,33.716595,95301562.0
1682,2023,6,2023-06-01,0.938993,0.033861,0.070942,4,4,1.0,37.299629,96444568.0
1682,2023,7,2023-07-01,0.86096,0.037926,0.054728,4,4,1.0,26.385035,101753881.0
1682,2023,8,2023-08-01,0.738945,0.037934,0.030892,4,4,1.0,29.029521,96968132.0
1682,2023,9,2023-09-01,0.431573,0.031479,0.02625,4,4,1.0,27.389994,90239324.0
1682,2024,3,2024-03-01,0.227187,0.041008,0.04328,4,4,1.0,20.92098,86372445.0
1682,2024,4,2024-04-01,0.207622,0.037971,0.050922,4,4,1.0,22.043924,95332509.0
1682,2024,5,2024-05-01,0.564823,0.026505,0.015583,4,4,1.0,48.120641,89883638.0
1682,2024,6,2024-06-01,0.981863,0.036594,0.081756,4,4,1.0,33.525803,84217408.0
1682,2024,7,2024-07-01,0.976719,0.041325,0.028332,4,4,1.0,24.283415,95425695.0
1682,2024,8,2024-08-01,0.710038,0.033452,0.035994,4,4,1.0,32.995786,91425313.0
1682,2024,9,2024-09-01,0.518873,0.028926,0.044622,4,4,1.0,34.194487,85979995.0
1682,2025,3,2025-03-01,0.188122,0.031984,0.028736,4,4,1.0,29.600304,87368194.0
1682,2025,4,2025-04-01,0.261819,0.029037,0.043648,4,4,1.0,36.897913,96861891.0
1682,2025,5,2025-05-01,0.435237,0.040204,0.081434,4,4,1.0,21.058169,89188846.0
1682,2025,6,2025-06-01,0.89885,0.044337,0.044917,4,4,1.0,22.12111,91704495.0
1682,2025,7,2025-07-01,1.054198,0.033254,0.040335,4,4,1.0,36.649376,94751856.0
1682,2025,8,2025-08-01,0.766321,0.033083,0.071768,4,4,1.0,37.246851,94948426.0
1682,2025,9,2025-09-01,0.489756,0.030217,0.008003,4,4,1.0,30.879724,89061648.0
1705,2019,3,2019-03-01,0.119469,0.080161,0.157877,6,5,0.792843,3.177573,73511224.0
1705,2019,4,2019-04-01,0.257068,0.04524,0.077223,6,5,0.792843,8.096107,74389486.0
1705,2019,5,2019-05-01,0.069111,0.059071,0.103475,6,5,0.792843,3.970547,73985614.0
1705,2019,6,2019-06-01,0.597606,0.069949,0.058267,6,6,1.0,6.720779,76811205.0
1705,2019,7,2019-07-01,0.771319,0.065484,0.042056,6,5,0.792843,4.561412,76826548.0
1705,2019,8,2019-08-01,0.428962,0.052099,0.081354,6,5,0.792843,7.422528,95194713.0
1705,2019,9,2019-09-01,0.306038,0.049235,0.118055,6,5,0.792843,6.534857,91974497.0
1705,2020,3,2020-03-01,0.061972,0.055369,0.149158,6,5,0.792843,4.510308,94604585.0
1705,2020,4,2020-04-01,0.251372,0.064464,0.26722,6,5,0.792843,4.667191,96808107.0
1705,2020,5,2020-05-01,0.227234,0.044934,0.037241,6,5,0.792843,9.230198,93035456.0
1705,2020,6,2020-06-01,0.80174,0.044828,0.207351,6,5,0.792843,7.222379,96006563.0
1705,2020,7,2020-07-01,0.75202,0.053739,0.127701,6,5,0.792843,6.087597,99686529.0
1705,2020,8,2020-08-01,0.561013,0.060442,0.186637,6,5,0.792843,7.360338,97684078.0
1705,2020,9,2020-09-01,0.316732,0.047454,0.051245,6,5,0.792843,7.526826,91237630.0
1705,2021,3,2021-03-01,0.235865,0.063406,0.05165,6,5,0.792843,6.385317,94409616.0
1705,2021,4,2021-04-01,0.081105,0.068133,0.078679,6,5,0.792843,4.806487,98410821.0
1705,2021,5,2021-05-01,0.233673,0.066679,0.132235,6,5,0.792843,3.298797,91970868.0
1705,2021,6,2021-06-01,0.529182,0.056613,0.177603,6,6,1.0,6.416133,95947119.0
1705,2021,7,2021-07-01,0.745165,0.049239,0.089258,6,5,0.792843,9.492726,101406324.0
1705,2021,8,2021-08-01,0.504585,0.06822,0.225591,6,6,1.0,4.882385,97445628.0
1705,2021,9,2021-09-01,0.448624,0.051239,0.048096,6,5,0.792843,3.433171,90094126.0
1705,2022,3,2022-03-01,0.2494,0.059951,0.160758,6,5,0.792843,7.635196,95748274.0
1705,2022,4,2022-04-01,0.421873,0.094664,0.064616,6,6,1.0,3.487213,97595138.0
1705,2022,5,2022-05-01,0.242774,0.04439,0.065126,6,5,0.792843,6.257699,92699999.0
1705,2022,6,2022-06-01,0.678363,0.04646,0.141871,6,5,0.792843,8.517495,95901303.0
1705,2022,7,2022-07-01,0.730091,0.091563,0.321597,6,6,1.0,5.170005,102035161.0
1705,2022,8,2022-08-01,0.660321,0.043699,0.060876,6,5,0.792843,7.533585,98258702.0
1705,2022,9,2022-09-01,0.534885,0.058582,0.062724,6,5,0.792843,3.87884,88902747.0
1705,2023,3,2023-03-01,0.004631,0.094007,0.148672,6,6,1.0,2.454415,93671913.0
1705,2023,4,2023-04-01,0.067628,0.054747,0.117317,6,5,0.792843,7.724855,98665163.0
1705,2023,5,2023-05-01,0.359283,0.047129,0.043916,6,5,0.792843,7.275529,95301562.0
1705,2023,6,2023-06-01,0.718478,0.043458,0.114978,6,5,0.792843,8.707993,96444568.0
1705,2023,7,2023-07-01,0.460036,0.067755,0.345908,6,6,1.0,5.617689,101753881.0
1705,2023,8,2023-08-01,0.432077,0.044231,0.082717,6,5,0.792843,5.928519,96968132.0
1705,2023,9,2023-09-01,0.410961,0.051345,0.027705,6,5,0.792843,4.989145,90239324.0
1705,2024,3,2024-03-01,0.039145,0.066528,0.041764,6,5,0.792843,4.362121,86372445.0
1705,2024,4,2024-04-01,0.030519,0.075372,0.064631,6,6,1.0,3.360522,95332509.0
1705,2024,5,2024-05-01,0.420803,0.041939,0.082424,6,5,0.792843,8.313555,89883638.0
1705,2024,6,2024-06-01,0.63154,0.051966,0.197875,6,5,0.792843,6.54664,84217408.0
1705,2024,7,2024-07-01,0.583009,0.050916,0.133184,6,5,0.792843,6.449257,95425695.0
1705,2024,8,2024-08-01,0.59423,0.073629,0.253381,6,6,1.0,5.377439,91425313.0
1705,2024,9,2024-09-01,0.446615,0.042968,0.063439,6,5,0.792843,5.878986,85979995.0
1705,2025,3,2025-03-01,0.124689,0.085843,0.149578,6,6,1.0,5.289863,87368194.0
1705,2025,4,2025-04-01,0.122739,0.060218,0.03432,6,6,1.0,5.406191,96861891.0
1705,2025,5,2025-05-01,0.263194,0.050396,0.031123,6,5,0.792843,5.311719,89188846.0
1705,2025,6,2025-06-01,0.502376,0.06801,0.093243,6,5,0.792843,5.025614,91704495.0
1705,2025,7,2025-07-01,0.700081,0.053328,0.10622,6,6,1.0,5.562631,94751856.0
1705,2025,8,2025-08-01,0.550502,0.058865,0.135333,6,6,1.0,6.049418,94948426.0
1705,2025,9,2025-09-01,0.331766,0.056127,0.144023,6,6,1.0,5.10584,89061648.0
1734,2019,3,2019-03-01,0.090545,0.032979,0.0489,9,9,1.0,16.846632,73511224.0
1734,2019,4,2019-04-01,0.209894,0.02421,0.027483,9,9,1.0,35.299154,74389486.0
1734,2019,5,2019-05-01,0.309812,0.030242,0.048257,9,9,1.0,27.88359,73985614.0
1734,2019,6,2019-06-01,0.952243,0.028701,0.103757,9,9,1.0,35.925912,76811205.0
1734,2019,7,2019-07-01,0.9535,0.026731,0.081462,9,9,1.0,40.626593,76826548.0
1734,2019,8,2019-08-01,0.580789,0.027193,0.027977,9,9,1.0,34.205711,95194713.0
1734,2019,9,2019-09-01,0.412632,0.026085,0.064717,9,9,1.0,31.910827,91974497.0
1734,2020,3,2020-03-01,0.047897,0.024863,0.016584,9,9,1.0,28.583162,94604585.0
1734,2020,4,2020-04-01,0.198473,0.025736,0.044546,9,9,1.0,30.252232,96808107.0
1734,2020,5,2020-05-01,0.251004,0.025757,0.039955,9,9,1.0,33.127832,93035456.0
1734,2020,6,2020-06-01,0.900081,0.027211,0.084592,9,9,1.0,37.143828,96006563.0
1734,2020,7,2020-07-01,0.925579,0.035316,0.101014,9,9,1.0,23.753537,99686529.0
1734,2020,8,2020-08-01,0.803252,0.026272,0.074995,9,9,1.0,38.856257,97684078.0
1734,2020,9,2020-09-01,0.406818,0.023911,0.041641,9,9,1.0,33.981155,91237630.0
1734,2021,3,2021-03-01,0.188116,0.031404,0.035085,9,9,1.0,22.694539,94409616.0
1734,2021,4,2021-04-01,0.15803,0.02496,0.043881,9,9,1.0,26.742863,98410821.0
1734,2021,5,2021-05-01,0.334276,0.027231,0.074133,9,9,1.0,34.820496,91970868.0
1734,2021,6,2021-06-01,0.923308,0.02752,0.091172,9,9,1.0,39.250637,95947119.0
1734,2021,7,2021-07-01,1.146073,0.025278,0.09464,9,9,1.0,45.085348,101406324.0
1734,2021,8,2021-08-01,0.679076,0.026099,0.089071,9,9,1.0,32.459907,97445628.0
1734,2021,9,2021-09-01,0.476917,0.029762,0.051685,9,9,1.0,24.91344,90094126.0
1734,2022,3,2022-03-01,0.127764,0.027919,0.04385,9,9,1.0,28.234769,95748274.0
1734,2022,4,2022-04-01,0.236374,0.029185,0.036811,9,9,1.0,28.826799,97595138.0
1734,2022,5,2022-05-01,0.251775,0.025035,0.027138,9,9,1.0,33.68427,92699999.0
1734,2022,6,2022-06-01,1.054925,0.029563,0.109858,9,9,1.0,32.339786,95901303.0
1734,2022,7,2022-07-01,1.171332,0.03102,0.13042,9,9,1.0,33.909242,102035161.0
1734,2022,8,2022-08-01,0.89272,0.024726,0.092455,9,9,1.0,43.566898,98258702.0
1734,2022,9,2022-09-01,0.384771,0.026904,0.027625,9,9,1.0,27.70786,88902747.0
1734,2023,3,2023-03-01,0.118429,0.0357,0.028571,9,9,1.0,17.567293,93671913.0
1734,2023,4,2023-04-01,0.183911,0.025536,0.038922,9,9,1.0,38.421351,98665163.0
1734,2023,5,2023-05-01,0.456779,0.024292,0.047568,9,9,1.0,41.050299,95301562.0
1734,2023,6,2023-06-01,0.919913,0.027426,0.09653,9,9,1.0,36.944209,96444568.0
1734,2023,7,2023-07-01,0.989985,0.034726,0.073335,9,9,1.0,23.902816,101753881.0
1734,2023,8,2023-08-01,0.820095,0.031765,0.072217,9,9,1.0,25.032082,96968132.0
1734,2023,9,2023-09-01,0.434701,0.026973,0.037943,9,9,1.0,26.949699,90239324.0
1734,2024,3,2024-03-01,0.194529,0.031826,0.076524,9,9,1.0,22.192425,86372445.0
1734,2024,4,2024-04-01,0.12088,0.031179,0.052335,9,9,1.0,21.616623,95332509.0
1734,2024,5,2024-05-01,0.496868,0.021894,0.056037,9,9,1.0,47.502374,89883638.0
1734,2024,6,2024-06-01,1.099281,0.033099,0.100095,9,9,1.0,27.803799,84217408.0
1734,2024,7,2024-07-01,1.045836,0.035206,0.084135,9,9,1.0,22.728758,95425695.0
1734,2024,8,2024-08-01,0.64982,0.027497,0.091001,9,9,1.0,31.653402,91425313.0
1734,2024,9,2024-09-01,0.528124,0.022707,0.067799,9,9,1.0,36.156659,85979995.0
1734,2025,3,2025-03-01,0.172728,0.026072,0.030813,9,9,1.0,29.100943,87368194.0
1734,2025,4,2025-04-01,0.236089,0.024881,0.037637,9,9,1.0,30.40968,96861891.0
1734,2025,5,2025-05-01,0.351951,0.028216,0.038554,9,9,1.0,25.538822,89188846.0
1734,2025,6,2025-06-01,0.844745,0.035361,0.075233,9,9,1.0,25.458248,91704495.0
1734,2025,7,2025-07-01,1.153237,0.026272,0.087312,9,9,1.0,45.563116,94751856.0
1734,2025,8,2025-08-01,0.815738,0.030035,0.072124,9,9,1.0,30.627373,94948426.0
1734,2025,9,2025-09-01,0.518418,0.024853,0.0547,9,9,1.0,30.303367,89061648.0
1741,2019,3,2019-03-01,0.154312,0.028607,0.03768,9,9,1.0,20.884946,73511224.0
1741,2019,4,2019-04-01,0.331525,0.026001,0.036427,9,9,1.0,30.377855,74389486.0
1741,2019,5,2019-05-01,0.290942,0.029954,0.033101,9,9,1.0,25.151405,73985614.0
1741,2019,6,2019-06-01,0.670563,0.028923,0.05091,9,9,1.0,33.870415,76811205.0
1741,2019,7,2019-07-01,0.753696,0.027187,0.044632,9,9,1.0,37.399437,76826548.0
1741,2019,8,2019-08-01,0.624475,0.026818,0.070962,9,9,1.0,29.692766,95194713.0
1741,2019,9,2019-09-01,0.390232,0.026652,0.036626,9,9,1.0,28.140436,91974497.0
1741,2020,3,2020-03-01,0.15669,0.025822,0.03191,9,9,1.0,28.982924,94604585.0
1741,2020,4,2020-04-01,0.177427,0.026608,0.031789,9,9,1.0,29.46767,96808107.0
1741,2020,5,2020-05-01,0.324834,0.027439,0.065564,9,9,1.0,34.000519,93035456.0
1741,2020,6,2020-06-01,0.786067,0.026912,0.045547,9,9,1.0,36.561559,96006563.0
1741,2020,7,2020-07-01,0.775674,0.031365,0.074821,9,9,1.0,26.573379,99686529.0
1741,2020,8,2020-08-01,0.679861,0.025628,0.037693,9,9,1.0,38.325068,97684078.0
1741,2020,9,2020-09-01,0.398955,0.024733,0.036396,9,9,1.0,29.694073,91237630.0
1741,2021,3,2021-03-01,0.264916,0.031292,0.030279,9,9,1.0,20.43688,94409616.0
1741,2021,4,2021-04-01,0.259816,0.026515,0.040444,9,9,1.0,31.595503,98410821.0
1741,2021,5,2021-05-01,0.371579,0.028242,0.030509,9,9,1.0,26.908101,91970868.0
1741,2021,6,2021-06-01,0.781908,0.027005,0.057509,9,9,1.0,35.793666,95947119.0
1741,2021,7,2021-07-01,0.876486,0.024336,0.057441,9,9,1.0,41.381485,101406324.0
1741,2021,8,2021-08-01,0.537566,0.030076,0.090459,9,9,1.0,26.985479,97445628.0
1741,2021,9,2021-09-01,0.403876,0.028107,0.043033,9,9,1.0,20.987239,90094126.0
1741,2022,3,2022-03-01,0.237729,0.025538,0.043156,9,9,1.0,30.990408,95748274.0
1741,2022,4,2022-04-01,0.397004,0.028063,0.06209,9,9,1.0,28.793635,97595138.0
1741,2022,5,2022-05-01,0.347877,0.027312,0.031381,9,9,1.0,27.960525,92699999.0
1741,2022,6,2022-06-01,0.881703,0.02978,0.049767,9,9,1.0,29.541631,95901303.0
1741,2022,7,2022-07-01,0.835025,0.030334,0.057912,9,9,1.0,30.392141,102035161.0
1741,2022,8,2022-08-01,0.680262,0.025835,0.042312,9,9,1.0,37.246513,98258702.0
1741,2022,9,2022-09-01,0.439539,0.028452,0.052769,9,9,1.0,27.477137,88902747.0
1741,2023,3,2023-03-01,0.148795,0.029793,0.055059,9,9,1.0,21.100746,93671913.0
1741,2023,4,2023-04-01,0.32126,0.024739,0.021696,9,9,1.0,39.750956,98665163.0
1741,2023,5,2023-05-01,0.463856,0.025693,0.047543,9,9,1.0,32.992275,95301562.0
1741,2023,6,2023-06-01,0.793287,0.027125,0.030607,9,9,1.0,35.538238,96444568.0
1741,2023,7,2023-07-01,0.776621,0.032793,0.061095,9,9,1.0,26.465044,101753881.0
1741,2023,8,2023-08-01,0.61591,0.031547,0.053179,9,9,1.0,26.643405,96968132.0
1741,2023,9,2023-09-01,0.510605,0.025516,0.037514,9,9,1.0,26.171613,90239324.0
1741,2024,3,2024-03-01,0.196025,0.031997,0.04098,9,9,1.0,21.336994,86372445.0
1741,2024,4,2024-04-01,0.219413,0.036275,0.029017,9,9,1.0,17.062289,95332509.0
1741,2024,5,2024-05-01,0.520931,0.021589,0.032865,9,9,1.0,44.858382,89883638.0
1741,2024,6,2024-06-01,0.930797,0.032822,0.043225,9,9,1.0,24.078404,84217408.0
1741,2024,7,2024-07-01,0.789757,0.032749,0.049724,9,9,1.0,26.893893,95425695.0
1741,2024,8,2024-08-01,0.667757,0.027181,0.023031,9,9,1.0,30.647097,91425313.0
1741,2024,9,2024-09-01,0.451576,0.023171,0.035084,9,9,1.0,35.950219,85979995.0
1741,2025,3,2025-03-01,0.205588,0.025836,0.033806,9,9,1.0,32.358275,87368194.0
1741,2025,4,2025-04-01,0.288619,0.025102,0.018394,9,9,1.0,32.310513,96861891.0
1741,2025,5,2025-05-01,0.440186,0.029597,0.070878,9,9,1.0,24.840392,89188846.0
1741,2025,6,2025-06-01,0.641336,0.038902,0.069658,9,9,1.0,20.731459,91704495.0
1741,2025,7,2025-07-01,0.97654,0.026174,0.03701,9,9,1.0,37.427587,94751856.0
1741,2025,8,2025-08-01,0.719752,0.026194,0.049728,9,9,1.0,31.422225,94948426.0
1741,2025,9,2025-09-01,0.476845,0.025334,0.039977,9,9,1.0,28.941882,89061648.0
1808,2019,3,2019-03-01,0.174104,0.028809,0.025376,9,9,1.0,22.052554,73511224.0
1808,2019,4,2019-04-01,0.237439,0.025073,0.03651,9,9,1.0,31.069808,74389486.0
1808,2019,5,2019-05-01,0.302441,0.030906,0.050866,9,9,1.0,23.669619,73985614.0
1808,2019,6,2019-06-01,0.660209,0.02943,0.041507,9,9,1.0,30.979177,76811205.0
1808,2019,7,2019-07-01,0.705055,0.027442,0.035269,9,9,1.0,34.542625,76826548.0
1808,2019,8,2019-08-01,0.439813,0.027143,0.09771,9,9,1.0,29.347608,95194713.0
1808,2019,9,2019-09-01,0.33553,0.027326,0.078874,9,9,1.0,27.371639,91974497.0
1808,2020,3,2020-03-01,0.148006,0.026192,0.021044,9,9,1.0,27.181237,94604585.0
1808,2020,4,2020-04-01,0.135169,0.028933,0.03838,9,9,1.0,25.156705,96808107.0
1808,2020,5,2020-05-01,0.364189,0.026533,0.034372,9,9,1.0,32.873032,93035456.0
1808,2020,6,2020-06-01,0.763795,0.026005,0.045723,9,9,1.0,35.844407,96006563.0
1808,2020,7,2020-07-01,0.722391,0.031006,0.087035,9,9,1.0,28.292694,99686529.0
1808,2020,8,2020-08-01,0.615092,0.025332,0.041169,9,9,1.0,37.309543,97684078.0
1808,2020,9,2020-09-01,0.317381,0.02512,0.030436,9,9,1.0,27.093007,91237630.0
1808,2021,3,2021-03-01,0.255471,0.030894,0.040781,9,9,1.0,20.769073,94409616.0
1808,2021,4,2021-04-01,0.208117,0.026136,0.026132,9,9,1.0,29.873393,98410821.0
1808,2021,5,2021-05-01,0.351338,0.027697,0.052555,9,9,1.0,27.03123,91970868.0
1808,2021,6,2021-06-01,0.771447,0.026572,0.043513,9,9,1.0,35.712341,95947119.0
1808,2021,7,2021-07-01,0.85965,0.024907,0.040246,9,9,1.0,40.012614,101406324.0
1808,2021,8,2021-08-01,0.527664,0.030087,0.034479,9,9,1.0,26.604464,97445628.0
1808,2021,9,2021-09-01,0.40833,0.030195,0.050376,9,9,1.0,19.525294,90094126.0
1808,2022,3,2022-03-01,0.209024,0.026457,0.067905,9,9,1.0,29.742608,95748274.0
1808,2022,4,2022-04-01,0.314396,0.029147,0.035412,9,9,1.0,28.084706,97595138.0
1808,2022,5,2022-05-01,0.307225,0.028379,0.054611,9,9,1.0,27.961137,92699999.0
1808,2022,6,2022-06-01,0.80977,0.030156,0.072388,9,9,1.0,26.938667,95901303.0
1808,2022,7,2022-07-01,0.831381,0.029669,0.093111,9,9,1.0,30.049586,102035161.0
1808,2022,8,2022-08-01,0.614677,0.025519,0.044036,9,9,1.0,34.284999,98258702.0
1808,2022,9,2022-09-01,0.417017,0.028477,0.037458,9,9,1.0,25.505899,88902747.0
1808,2023,3,2023-03-01,0.200568,0.031411,0.039644,9,9,1.0,21.660193,93671913.0
1808,2023,4,2023-04-01,0.293267,0.025183,0.039045,9,9,1.0,38.157975,98665163.0
1808,2023,5,2023-05-01,0.429562,0.02517,0.057989,9,9,1.0,33.437428,95301562.0
1808,2023,6,2023-06-01,0.775717,0.026592,0.056962,9,9,1.0,36.586964,96444568.0
1808,2023,7,2023-07-01,0.698212,0.032825,0.05688,9,9,1.0,26.984274,101753881.0
1808,2023,8,2023-08-01,0.645308,0.030461,0.039852,9,9,1.0,26.292038,96968132.0
1808,2023,9,2023-09-01,0.452082,0.027248,0.035476,9,9,1.0,24.489391,90239324.0
1808,2024,3,2024-03-01,0.220061,0.032626,0.030569,9,9,1.0,20.918063,86372445.0
1808,2024,4,2024-04-01,0.186414,0.034752,0.041625,9,9,1.0,17.460554,95332509.0
1808,2024,5,2024-05-01,0.422516,0.020955,0.040565,9,9,1.0,41.453485,89883638.0
1808,2024,6,2024-06-01,0.86087,0.032007,0.033756,9,9,1.0,24.593632,84217408.0
1808,2024,7,2024-07-01,0.700478,0.033484,0.08624,9,9,1.0,25.816891,95425695.0
1808,2024,8,2024-08-01,0.563923,0.027294,0.068404,9,9,1.0,29.858001,91425313.0
1808,2024,9,2024-09-01,0.430927,0.023424,0.029462,9,9,1.0,35.943366,85979995.0
1808,2025,3,2025-03-01,0.203048,0.026567,0.034008,9,9,1.0,28.931039,87368194.0
1808,2025,4,2025-04-01,0.277788,0.02396,0.039153,9,9,1.0,30.116707,96861891.0
1808,2025,5,2025-05-01,0.474477,0.029763,0.066099,9,9,1.0,26.104933,89188846.0
1808,2025,6,2025-06-01,0.69178,0.038636,0.063717,9,9,1.0,19.608242,91704495.0
1808,2025,7,2025-07-01,0.857542,0.025994,0.091092,9,9,1.0,38.546881,94751856.0
1808,2025,8,2025-08-01,0.655819,0.027069,0.044377,9,9,1.0,29.61281,94948426.0
1808,2025,9,2025-09-01,0.446541,0.025409,0.036156,9,9,1.0,29.05166,89061648.0
1813,2019,3,2019-03-01,0.172398,0.032779,0.026916,7,7,1.0,22.768069,73511224.0
1813,2019,4,2019-04-01,0.311737,0.026519,0.043595,7,7,1.0,34.065323,74389486.0
1813,2019,5,2019-05-01,0.334459,0.030572,0.056782,7,7,1.0,30.410667,73985614.0
1813,2019,6,2019-06-01,0.790447,0.03214,0.079785,7,7,1.0,31.882068,76811205.0
1813,2019,7,2019-07-01,0.704328,0.031517,0.065457,7,7,1.0,34.640613,76826548.0
1813,2019,8,2019-08-01,0.545601,0.029551,0.056171,7,7,1.0,32.691605,95194713.0
1813,2019,9,2019-09-01,0.358375,0.028768,0.037339,7,7,1.0,30.591475,91974497.0
1813,2020,3,2020-03-01,0.203394,0.031049,0.022664,7,7,1.0,24.60273,94604585.0
1813,2020,4,2020-04-01,0.218485,0.031754,0.03637,7,7,1.0,24.181887,96808107.0
1813,2020,5,2020-05-01,0.288054,0.028069,0.033575,7,7,1.0,34.424737,93035456.0
1813,2020,6,2020-06-01,0.870636,0.028126,0.074771,7,7,1.0,38.854004,96006563.0
1813,2020,7,2020-07-01,0.785183,0.031767,0.059663,7,7,1.0,34.424696,99686529.0
1813,2020,8,2020-08-01,0.644768,0.028149,0.089487,7,7,1.0,38.479605,97684078.0
1813,2020,9,2020-09-01,0.380038,0.028986,0.045074,7,7,1.0,25.578197,91237630.0
1813,2021,3,2021-03-01,0.235981,0.032489,0.056117,7,7,1.0,24.759672,94409616.0
1813,2021,4,2021-04-01,0.285195,0.029093,0.026208,7,7,1.0,27.794079,98410821.0
1813,2021,5,2021-05-01,0.340428,0.030853,0.035334,7,7,1.0,32.756454,91970868.0
1813,2021,6,2021-06-01,0.810338,0.031032,0.025136,7,7,1.0,36.606697,95947119.0
1813,2021,7,2021-07-01,0.936966,0.028439,0.083195,7,7,1.0,39.611045,101406324.0
1813,2021,8,2021-08-01,0.577929,0.031262,0.081679,7,7,1.0,29.652729,97445628.0
1813,2021,9,2021-09-01,0.479584,0.03115,0.027535,7,7,1.0,22.677946,90094126.0
1813,2022,3,2022-03-01,0.302418,0.029632,0.029526,7,7,1.0,29.374242,95748274.0
1813,2022,4,2022-04-01,0.45303,0.033602,0.034257,7,7,1.0,25.165372,97595138.0
1813,2022,5,2022-05-01,0.318442,0.030961,0.059066,7,7,1.0,29.238844,92699999.0
1813,2022,6,2022-06-01,0.84862,0.031688,0.058013,7,7,1.0,32.133003,95901303.0
1813,2022,7,2022-07-01,0.933952,0.031839,0.083545,7,7,1.0,30.87993,102035161.0
1813,2022,8,2022-08-01,0.712744,0.02696,0.073115,7,7,1.0,39.343115,98258702.0
1813,2022,9,2022-09-01,0.432307,0.029758,0.059254,7,7,1.0,30.497433,88902747.0
1813,2023,3,2023-03-01,0.207446,0.031846,0.042577,7,7,1.0,21.896487,93671913.0
1813,2023,4,2023-04-01,0.368555,0.027612,0.034014,7,7,1.0,39.489703,98665163.0
1813,2023,5,2023-05-01,0.502752,0.027953,0.050161,7,7,1.0,35.612103,95301562.0
1813,2023,6,2023-06-01,0.880848,0.029224,0.054227,7,7,1.0,40.611891,96444568.0
1813,2023,7,2023-07-01,0.718912,0.032736,0.071692,7,7,1.0,32.079851,101753881.0
1813,2023,8,2023-08-01,0.635043,0.032836,0.051458,7,7,1.0,28.688847,96968132.0
1813,2023,9,2023-09-01,0.426239,0.028843,0.059007,7,7,1.0,27.005603,90239324.0
1813,2024,3,2024-03-01,0.260504,0.035263,0.022507,7,7,1.0,21.306902,86372445.0
1813,2024,4,2024-04-01,0.247129,0.035292,0.016169,7,7,1.0,19.957111,95332509.0
1813,2024,5,2024-05-01,0.495102,0.0238,0.038032,7,7,1.0,46.672303,89883638.0
1813,2024,6,2024-06-01,0.87369,0.032662,0.037009,7,7,1.0,32.705838,84217408.0
1813,2024,7,2024-07-01,0.802964,0.036302,0.055509,7,7,1.0,25.630232,95425695.0
1813,2024,8,2024-08-01,0.636694,0.028547,0.082156,7,7,1.0,35.821627,91425313.0
1813,2024,9,2024-09-01,0.477382,0.025406,0.020489,7,7,1.0,34.435733,85979995.0
1813,2025,3,2025-03-01,0.292129,0.029502,0.028083,7,7,1.0,28.959592,87368194.0
1813,2025,4,2025-04-01,0.267362,0.025126,0.040779,7,7,1.0,37.509127,96861891.0
1813,2025,5,2025-05-01,0.391393,0.033964,0.079997,7,7,1.0,23.718354,89188846.0
1813,2025,6,2025-06-01,0.794822,0.037517,0.046849,7,7,1.0,23.207076,91704495.0
1813,2025,7,2025-07-01,0.852532,0.028485,0.05056,7,7,1.0,39.955996,94751856.0
1813,2025,8,2025-08-01,0.644425,0.028556,0.051392,7,7,1.0,36.995555,94948426.0
1813,2025,9,2025-09-01,0.543854,0.026911,0.056186,7,7,1.0,31.441281,89061648.0
1864,2019,3,2019-03-01,0.174693,0.036612,0.053094,8,8,1.0,17.979184,73511224.0
1864,2019,4,2019-04-01,0.211116,0.027593,0.045855,8,8,1.0,33.860784,74389486.0
1864,2019,5,2019-05-01,0.337749,0.032502,0.047731,8,8,1.0,28.330811,73985614.0
1864,2019,6,2019-06-01,0.884684,0.031436,0.046989,8,8,1.0,35.267026,76811205.0
1864,2019,7,2019-07-01,0.807943,0.029572,0.060048,8,8,1.0,41.964011,76826548.0
1864,2019,8,2019-08-01,0.593586,0.031107,0.041182,8,8,1.0,33.309144,95194713.0
1864,2019,9,2019-09-01,0.406276,0.028289,0.031362,8,8,1.0,32.310844,91974497.0
1864,2020,3,2020-03-01,0.065379,0.028274,0.033206,8,8,1.0,29.177942,94604585.0
1864,2020,4,2020-04-01,0.140989,0.029347,0.035763,8,8,1.0,31.828682,96808107.0
1864,2020,5,2020-05-01,0.255105,0.026938,0.031163,8,8,1.0,37.718729,93035456.0
1864,2020,6,2020-06-01,0.833183,0.030201,0.04843,8,8,1.0,33.400884,96006563.0
1864,2020,7,2020-07-01,0.905713,0.037268,0.035202,8,8,1.0,26.137665,99686529.0
1864,2020,8,2020-08-01,0.798917,0.028973,0.044845,8,8,1.0,39.409275,97684078.0
1864,2020,9,2020-09-01,0.470209,0.027635,0.011469,8,8,1.0,31.512098,91237630.0
1864,2021,3,2021-03-01,0.17103,0.030711,0.026564,8,8,1.0,26.363975,94409616.0
1864,2021,4,2021-04-01,0.154934,0.027075,0.020673,8,8,1.0,32.587342,98410821.0
1864,2021,5,2021-05-01,0.332575,0.028711,0.018908,8,8,1.0,35.863824,91970868.0
1864,2021,6,2021-06-01,0.866973,0.030541,0.038202,8,8,1.0,41.014418,95947119.0
1864,2021,7,2021-07-01,1.061442,0.028623,0.030135,8,8,1.0,43.989134,101406324.0
1864,2021,8,2021-08-01,0.646476,0.030901,0.043013,8,8,1.0,33.934331,97445628.0
1864,2021,9,2021-09-01,0.457268,0.031313,0.030086,8,8,1.0,24.562965,90094126.0
1864,2022,3,2022-03-01,0.173406,0.029171,0.03985,8,8,1.0,32.48462,95748274.0
1864,2022,4,2022-04-01,0.285456,0.031246,0.05324,8,8,1.0,30.812441,97595138.0
1864,2022,5,2022-05-01,0.23891,0.028367,0.034947,8,8,1.0,36.832463,92699999.0
1864,2022,6,2022-06-01,0.893122,0.031074,0.018703,8,8,1.0,34.914197,95901303.0
1864,2022,7,2022-07-01,1.014267,0.035,0.03556,8,8,1.0,28.7517,102035161.0
1864,2022,8,2022-08-01,0.888646,0.028145,0.055606,8,8,1.0,41.439938,98258702.0
1864,2022,9,2022-09-01,0.424665,0.029464,0.029184,8,8,1.0,26.128077,88902747.0
1864,2023,3,2023-03-01,0.150927,0.036714,0.058673,8,8,1.0,21.104676,93671913.0
1864,2023,4,2023-04-01,0.209805,0.027334,0.061987,8,8,1.0,40.351125,98665163.0
1864,2023,5,2023-05-01,0.427611,0.025999,0.037319,8,8,1.0,42.382543,95301562.0
1864,2023,6,2023-06-01,0.894,0.030842,0.050428,8,8,1.0,37.507517,96444568.0
1864,2023,7,2023-07-01,0.928829,0.041913,0.079014,8,8,1.0,19.4691,101753881.0
1864,2023,8,2023-08-01,0.727271,0.036674,0.046842,8,8,1.0,25.837946,96968132.0
1864,2023,9,2023-09-01,0.522868,0.032611,0.054278,8,8,1.0,22.221372,90239324.0
1864,2024,3,2024-03-01,0.146934,0.033708,0.031292,8,8,1.0,23.48182,86372445.0
1864,2024,4,2024-04-01,0.108523,0.033118,0.037454,8,8,1.0,25.848452,95332509.0
1864,2024,5,2024-05-01,0.508346,0.024748,0.021892,8,8,1.0,47.097286,89883638.0
1864,2024,6,2024-06-01,1.094311,0.035422,0.042398,8,8,1.0,30.089404,84217408.0
1864,2024,7,2024-07-01,0.940402,0.040862,0.027069,8,8,1.0,23.387797,95425695.0
1864,2024,8,2024-08-01,0.761405,0.031734,0.035372,8,8,1.0,28.975501,91425313.0
1864,2024,9,2024-09-01,0.51224,0.026439,0.02164,8,8,1.0,32.564562,85979995.0
1864,2025,3,2025-03-01,0.19145,0.028037,0.028386,8,8,1.0,28.483332,87368194.0
1864,2025,4,2025-04-01,0.291183,0.028143,0.053803,8,8,1.0,32.299202,96861891.0
1864,2025,5,2025-05-01,0.367955,0.031155,0.060264,8,8,1.0,28.495762,89188846.0
1864,2025,6,2025-06-01,0.849576,0.037802,0.033312,8,8,1.0,27.155503,91704495.0
1864,2025,7,2025-07-01,1.049491,0.028729,0.052385,8,8,1.0,45.693387,94751856.0
1864,2025,8,2025-08-01,0.871309,0.030553,0.030626,8,8,1.0,33.180042,94948426.0
1864,2025,9,2025-09-01,0.452865,0.026248,0.052066,8,8,1.0,32.281938,89061648.0
1865,2019,3,2019-03-01,0.158267,0.040801,0.032345,6,6,1.0,16.723441,73511224.0
1865,2019,4,2019-04-01,0.197833,0.030384,0.042297,6,6,1.0,33.760854,74389486.0
1865,2019,5,2019-05-01,0.256406,0.035265,0.042901,6,6,1.0,28.324357,73985614.0
1865,2019,6,2019-06-01,0.796899,0.032087,0.133037,6,6,1.0,36.181007,76811205.0
1865,2019,7,2019-07-01,0.792177,0.030333,0.035298,6,6,1.0,41.297386,76826548.0
1865,2019,8,2019-08-01,0.513268,0.031964,0.043177,6,6,1.0,34.453595,95194713.0
1865,2019,9,2019-09-01,0.392161,0.030096,0.018425,6,6,1.0,31.422926,91974497.0
1865,2020,3,2020-03-01,0.030772,0.030157,0.027186,6,6,1.0,27.670567,94604585.0
1865,2020,4,2020-04-01,0.089646,0.030668,0.046851,6,6,1.0,33.51541,96808107.0
1865,2020,5,2020-05-01,0.226472,0.029652,0.028224,6,6,1.0,36.094717,93035456.0
1865,2020,6,2020-06-01,0.84003,0.032247,0.113136,6,6,1.0,32.567299,96006563.0
1865,2020,7,2020-07-01,0.826062,0.038719,0.083883,6,6,1.0,27.250281,99686529.0
1865,2020,8,2020-08-01,0.734118,0.030432,0.09107,6,6,1.0,37.625681,97684078.0
1865,2020,9,2020-09-01,0.440872,0.027946,0.042888,6,6,1.0,32.799458,91237630.0
1865,2021,3,2021-03-01,0.212908,0.034113,0.036956,6,6,1.0,26.556369,94409616.0
1865,2021,4,2021-04-01,0.14342,0.030092,0.03806,6,6,1.0,30.057248,98410821.0
1865,2021,5,2021-05-01,0.354909,0.029929,0.02144,6,6,1.0,36.311349,91970868.0
1865,2021,6,2021-06-01,0.825723,0.032691,0.044108,6,6,1.0,40.299643,95947119.0
1865,2021,7,2021-07-01,1.029696,0.030017,0.088043,6,6,1.0,43.22071,101406324.0
1865,2021,8,2021-08-01,0.589423,0.033093,0.058645,6,6,1.0,31.66761,97445628.0
1865,2021,9,2021-09-01,0.427258,0.033353,0.03913,6,6,1.0,23.025125,90094126.0
1865,2022,3,2022-03-01,0.154953,0.031891,0.02552,6,6,1.0,30.622845,95748274.0
1865,2022,4,2022-04-01,0.283339,0.034985,0.040889,6,6,1.0,28.986286,97595138.0
1865,2022,5,2022-05-01,0.259161,0.030508,0.050526,6,6,1.0,33.830208,92699999.0
1865,2022,6,2022-06-01,0.875038,0.033633,0.062273,6,6,1.0,33.944378,95901303.0
1865,2022,7,2022-07-01,0.933049,0.03705,0.143204,6,6,1.0,27.734956,102035161.0
1865,2022,8,2022-08-01,0.785055,0.02962,0.083639,6,6,1.0,41.488399,98258702.0
1865,2022,9,2022-09-01,0.407159,0.0316,0.048868,6,6,1.0,27.144675,88902747.0
1865,2023,3,2023-03-01,0.206135,0.040264,0.024053,6,6,1.0,19.672984,93671913.0
1865,2023,4,2023-04-01,0.215382,0.029746,0.013431,6,6,1.0,37.754137,98665163.0
1865,2023,5,2023-05-01,0.373689,0.027794,0.039222,6,6,1.0,41.073261,95301562.0
1865,2023,6,2023-06-01,0.797829,0.031378,0.092427,6,6,1.0,36.331718,96444568.0
1865,2023,7,2023-07-01,0.841489,0.041294,0.078084,6,6,1.0,20.020787,101753881.0
1865,2023,8,2023-08-01,0.688509,0.037038,0.077992,6,6,1.0,25.70352,96968132.0
1865,2023,9,2023-09-01,0.492228,0.033827,0.0549,6,6,1.0,22.853958,90239324.0
1865,2024,3,2024-03-01,0.12464,0.035313,0.026645,6,6,1.0,25.382976,86372445.0
1865,2024,4,2024-04-01,0.153201,0.035545,0.059347,6,6,1.0,25.4959,95332509.0
1865,2024,5,2024-05-01,0.498292,0.026016,0.016078,6,6,1.0,47.526521,89883638.0
1865,2024,6,2024-06-01,1.021214,0.036485,0.104949,6,6,1.0,31.100676,84217408.0
1865,2024,7,2024-07-01,0.956148,0.04451,0.099388,6,6,1.0,18.793526,95425695.0
1865,2024,8,2024-08-01,0.647797,0.032699,0.05725,6,6,1.0,30.380831,91425313.0
1865,2024,9,2024-09-01,0.460106,0.027083,0.045502,6,6,1.0,34.640909,85979995.0
1865,2025,3,2025-03-01,0.176118,0.030394,0.017573,6,6,1.0,29.164085,87368194.0
1865,2025,4,2025-04-01,0.242915,0.029204,0.0442,6,6,1.0,31.332608,96861891.0
1865,2025,5,2025-05-01,0.322321,0.032987,0.050548,6,6,1.0,28.214212,89188846.0
1865,2025,6,2025-06-01,0.764161,0.039952,0.100463,6,6,1.0,27.507266,91704495.0
1865,2025,7,2025-07-01,0.993288,0.02963,0.100598,6,6,1.0,44.901813,94751856.0
1865,2025,8,2025-08-01,0.806392,0.03227,0.073162,6,6,1.0,32.435635,94948426.0
1865,2025,9,2025-09-01,0.40251,0.027248,0.051108,6,6,1.0,34.827413,89061648.0
1880,2019,3,2019-03-01,0.170963,0.030871,0.025218,9,9,1.0,23.409179,73511224.0
1880,2019,4,2019-04-01,0.339123,0.025925,0.033899,9,9,1.0,33.166223,74389486.0
1880,2019,5,2019-05-01,0.293526,0.029787,0.020783,9,9,1.0,29.295781,73985614.0
1880,2019,6,2019-06-01,0.873303,0.03107,0.04319,9,9,1.0,30.960168,76811205.0
1880,2019,7,2019-07-01,0.858908,0.030091,0.052086,9,9,1.0,34.975498,76826548.0
1880,2019,8,2019-08-01,0.64293,0.027507,0.03312,9,9,1.0,35.002288,95194713.0
1880,2019,9,2019-09-01,0.487382,0.027508,0.04386,9,9,1.0,28.718914,91974497.0
1880,2020,3,2020-03-01,0.142675,0.028268,0.038134,9,9,1.0,26.556442,94604585.0
1880,2020,4,2020-04-01,0.150346,0.032364,0.068699,9,9,1.0,21.805729,96808107.0
1880,2020,5,2020-05-01,0.408019,0.027159,0.074051,9,9,1.0,35.201432,93035456.0
1880,2020,6,2020-06-01,1.029854,0.027678,0.054366,9,9,1.0,37.220909,96006563.0
1880,2020,7,2020-07-01,0.875712,0.03097,0.062808,9,9,1.0,29.891144,99686529.0
1880,2020,8,2020-08-01,0.726601,0.026967,0.026785,9,9,1.0,39.26044,97684078.0
1880,2020,9,2020-09-01,0.428942,0.02793,0.036164,9,9,1.0,25.718332,91237630.0
1880,2021,3,2021-03-01,0.266966,0.029984,0.047534,9,9,1.0,25.443808,94409616.0
1880,2021,4,2021-04-01,0.295574,0.030136,0.050793,9,9,1.0,25.979863,98410821.0
1880,2021,5,2021-05-01,0.35569,0.028663,0.034222,9,9,1.0,31.815878,91970868.0
1880,2021,6,2021-06-01,0.914092,0.030265,0.026634,9,9,1.0,36.358272,95947119.0
1880,2021,7,2021-07-01,1.040772,0.027526,0.025107,9,9,1.0,39.397912,101406324.0
1880,2021,8,2021-08-01,0.650738,0.029719,0.041416,9,9,1.0,30.856533,97445628.0
1880,2021,9,2021-09-01,0.483137,0.030307,0.029276,9,9,1.0,23.977105,90094126.0
1880,2022,3,2022-03-01,0.30627,0.026916,0.056362,9,9,1.0,29.832363,95748274.0
1880,2022,4,2022-04-01,0.427582,0.031804,0.042903,9,9,1.0,26.919578,97595138.0
1880,2022,5,2022-05-01,0.463898,0.028552,0.064485,9,9,1.0,30.389546,92699999.0
1880,2022,6,2022-06-01,0.95748,0.032502,0.02469,9,9,1.0,28.648902,95901303.0
1880,2022,7,2022-07-01,0.966553,0.03173,0.061886,9,9,1.0,30.926136,102035161.0
1880,2022,8,2022-08-01,0.809486,0.026565,0.043161,9,9,1.0,36.803573,98258702.0
1880,2022,9,2022-09-01,0.587436,0.028784,0.04914,9,9,1.0,26.2694,88902747.0
1880,2023,3,2023-03-01,0.175456,0.029836,0.028623,9,9,1.0,23.340706,93671913.0
1880,2023,4,2023-04-01,0.392014,0.026779,0.062289,9,9,1.0,38.344849,98665163.0
1880,2023,5,2023-05-01,0.608323,0.028172,0.081096,9,9,1.0,33.39273,95301562.0
1880,2023,6,2023-06-01,0.901631,0.028413,0.066231,9,9,1.0,37.55938,96444568.0
1880,2023,7,2023-07-01,0.753644,0.032167,0.031012,9,9,1.0,31.005882,101753881.0
1880,2023,8,2023-08-01,0.721652,0.030644,0.040674,9,9,1.0,28.99647,96968132.0
1880,2023,9,2023-09-01,0.522192,0.02802,0.047252,9,9,1.0,27.563706,90239324.0
1880,2024,3,2024-03-01,0.264009,0.032112,0.027722,9,9,1.0,20.345144,86372445.0
1880,2024,4,2024-04-01,0.319623,0.03401,0.075759,9,9,1.0,19.764933,95332509.0
1880,2024,5,2024-05-01,0.574814,0.022936,0.027542,9,9,1.0,45.975028,89883638.0
1880,2024,6,2024-06-01,0.912549,0.032222,0.023363,9,9,1.0,28.582253,84217408.0
1880,2024,7,2024-07-01,0.88002,0.034925,0.064751,9,9,1.0,26.083702,95425695.0
1880,2024,8,2024-08-01,0.736173,0.028356,0.052469,9,9,1.0,34.488363,91425313.0
1880,2024,9,2024-09-01,0.4929,0.024419,0.038553,9,9,1.0,35.666972,85979995.0
1880,2025,3,2025-03-01,0.264497,0.026934,0.028293,9,9,1.0,30.349066,87368194.0
1880,2025,4,2025-04-01,0.325047,0.024446,0.046408,9,9,1.0,36.77192,96861891.0
1880,2025,5,2025-05-01,0.424983,0.031326,0.049263,9,9,1.0,26.363199,89188846.0
1880,2025,6,2025-06-01,0.792713,0.037423,0.029379,9,9,1.0,21.237746,91704495.0
1880,2025,7,2025-07-01,0.999997,0.027151,0.034842,9,9,1.0,39.854041,94751856.0
1880,2025,8,2025-08-01,0.766517,0.027429,0.049199,9,9,1.0,37.114801,94948426.0
1880,2025,9,2025-09-01,0.490004,0.024279,0.034403,9,9,1.0,34.518175,89061648.0
1906,2019,3,2019-03-01,0.1474,0.05477,0.114312,8,8,1.0,9.938726,73511224.0
1906,2019,4,2019-04-01,0.240415,0.031291,0.036949,8,8,1.0,27.575364,74389486.0
1906,2019,5,2019-05-01,0.234749,0.03092,0.039172,8,8,1.0,23.91677,73985614.0
1906,2019,6,2019-06-01,0.910514,0.030146,0.105187,8,8,1.0,33.881825,76811205.0
1906,2019,7,2019-07-01,0.915937,0.037523,0.070638,8,8,1.0,22.805693,76826548.0
1906,2019,8,2019-08-01,0.603322,0.029113,0.077865,8,8,1.0,30.799706,95194713.0
1906,2019,9,2019-09-01,0.324127,0.028967,0.063309,8,8,1.0,23.692987,91974497.0
1906,2020,3,2020-03-01,0.05483,0.027227,0.028812,8,8,1.0,26.34759,94604585.0
1906,2020,4,2020-04-01,-0.050675,0.032586,0.06311,8,8,1.0,22.848063,96808107.0
1906,2020,5,2020-05-01,0.216289,0.026397,0.077489,8,8,1.0,33.199103,93035456.0
1906,2020,6,2020-06-01,0.942535,0.029557,0.13068,8,8,1.0,31.455357,96006563.0
1906,2020,7,2020-07-01,0.822999,0.031883,0.133399,8,8,1.0,30.489166,99686529.0
1906,2020,8,2020-08-01,0.657186,0.03026,0.094507,8,8,1.0,30.478319,97684078.0
1906,2020,9,2020-09-01,0.388717,0.026958,0.038708,8,8,1.0,30.810133,91237630.0
1906,2021,3,2021-03-01,0.167745,0.033141,0.076057,8,8,1.0,24.646331,94409616.0
1906,2021,4,2021-04-01,0.14561,0.030199,0.060732,8,8,1.0,24.539136,98410821.0
1906,2021,5,2021-05-01,0.290094,0.031714,0.104318,8,8,1.0,24.10952,91970868.0
1906,2021,6,2021-06-01,0.931585,0.027278,0.129184,8,8,1.0,38.31015,95947119.0
1906,2021,7,2021-07-01,0.863389,0.027326,0.109716,8,8,1.0,37.770883,101406324.0
1906,2021,8,2021-08-01,0.616201,0.030072,0.060931,8,8,1.0,27.682817,97445628.0
1906,2021,9,2021-09-01,0.399606,0.033348,0.055088,8,8,1.0,15.070351,90094126.0
1906,2022,3,2022-03-01,0.166227,0.031934,0.119435,8,8,1.0,30.446624,95748274.0
1906,2022,4,2022-04-01,0.326294,0.038516,0.03316,8,8,1.0,19.432601,97595138.0
1906,2022,5,2022-05-01,0.235633,0.02938,0.06584,8,8,1.0,25.925688,92699999.0
1906,2022,6,2022-06-01,0.922376,0.03142,0.093197,8,8,1.0,28.838969,95901303.0
1906,2022,7,2022-07-01,0.958577,0.032837,0.084145,8,8,1.0,28.958972,102035161.0
1906,2022,8,2022-08-01,0.773876,0.029368,0.104358,8,8,1.0,27.186795,98258702.0
1906,2022,9,2022-09-01,0.277841,0.035635,0.091735,8,8,1.0,18.22151,88902747.0
1906,2023,3,2023-03-01,0.101377,0.042285,0.102327,8,8,1.0,15.471259,93671913.0
1906,2023,4,2023-04-01,0.274703,0.031592,0.049569,8,8,1.0,32.237801,98665163.0
1906,2023,5,2023-05-01,0.520915,0.028647,0.067195,8,8,1.0,32.208465,95301562.0
1906,2023,6,2023-06-01,0.997544,0.029312,0.129415,8,8,1.0,34.595592,96444568.0
1906,2023,7,2023-07-01,0.811277,0.033554,0.110438,8,8,1.0,30.13482,101753881.0
1906,2023,8,2023-08-01,0.635952,0.029143,0.054312,8,8,1.0,29.233341,96968132.0
1906,2023,9,2023-09-01,0.444824,0.032567,0.057164,8,8,1.0,20.134325,90239324.0
1906,2024,3,2024-03-01,0.092328,0.041451,0.057299,8,8,1.0,15.653951,86372445.0
1906,2024,4,2024-04-01,0.167882,0.040877,0.061836,8,8,1.0,17.582642,95332509.0
1906,2024,5,2024-05-01,0.499675,0.026527,0.064694,8,8,1.0,32.021926,89883638.0
1906,2024,6,2024-06-01,0.953714,0.032658,0.05788,8,8,1.0,26.342224,84217408.0
1906,2024,7,2024-07-01,0.917195,0.032952,0.134502,8,8,1.0,28.516211,95425695.0
1906,2024,8,2024-08-01,0.667477,0.028657,0.114543,8,8,1.0,31.564055,91425313.0
1906,2024,9,2024-09-01,0.518932,0.02409,0.010385,8,8,1.0,30.03749,85979995.0
1906,2025,3,2025-03-01,0.165734,0.032975,0.062689,8,8,1.0,30.074733,87368194.0
1906,2025,4,2025-04-01,0.086103,0.028329,0.02981,8,8,1.0,25.26685,96861891.0
1906,2025,5,2025-05-01,0.299471,0.032912,0.074881,8,8,1.0,20.467378,89188846.0
1906,2025,6,2025-06-01,0.831128,0.038266,0.088906,8,8,1.0,19.999899,91704495.0
1906,2025,7,2025-07-01,0.893264,0.028521,0.116304,8,8,1.0,35.44044,94751856.0
1906,2025,8,2025-08-01,0.637714,0.028858,0.083651,8,8,1.0,31.437224,94948426.0
1906,2025,9,2025-09-01,0.425843,0.026274,0.026077,8,8,1.0,25.637183,89061648.0
1930,2019,3,2019-03-01,0.112878,0.037595,0.031474,8,8,1.0,17.895961,73511224.0
1930,2019,4,2019-04-01,0.214663,0.02748,0.033029,8,8,1.0,33.857234,74389486.0
1930,2019,5,2019-05-01,0.34351,0.030753,0.039661,8,8,1.0,29.750746,73985614.0
1930,2019,6,2019-06-01,0.824385,0.031082,0.078588,8,8,1.0,35.367137,76811205.0
1930,2019,7,2019-07-01,0.86317,0.028885,0.095193,8,8,1.0,40.841493,76826548.0
1930,2019,8,2019-08-01,0.546683,0.030143,0.044082,8,8,1.0,33.484839,95194713.0
1930,2019,9,2019-09-01,0.406365,0.028062,0.024303,8,8,1.0,32.006832,91974497.0
1930,2020,3,2020-03-01,0.024578,0.027685,0.04262,8,8,1.0,28.471171,94604585.0
1930,2020,4,2020-04-01,0.146254,0.02871,0.047163,8,8,1.0,32.654032,96808107.0
1930,2020,5,2020-05-01,0.255219,0.027224,0.03118,8,8,1.0,36.739157,93035456.0
1930,2020,6,2020-06-01,0.843163,0.029344,0.02182,8,8,1.0,37.73279,96006563.0
1930,2020,7,2020-07-01,0.890339,0.03724,0.091435,8,8,1.0,26.579034,99686529.0
1930,2020,8,2020-08-01,0.755596,0.028986,0.028286,8,8,1.0,36.415549,97684078.0
1930,2020,9,2020-09-01,0.456922,0.027797,0.037447,8,8,1.0,30.96605,91237630.0
1930,2021,3,2021-03-01,0.168804,0.031393,0.053809,8,8,1.0,25.829639,94409616.0
1930,2021,4,2021-04-01,0.178245,0.02651,0.021217,8,8,1.0,34.111105,98410821.0
1930,2021,5,2021-05-01,0.342481,0.028573,0.042386,8,8,1.0,36.046566,91970868.0
1930,2021,6,2021-06-01,0.82177,0.030175,0.046046,8,8,1.0,41.712726,95947119.0
1930,2021,7,2021-07-01,1.07474,0.028512,0.038718,8,8,1.0,45.732416,101406324.0
1930,2021,8,2021-08-01,0.696272,0.030302,0.051809,8,8,1.0,33.825732,97445628.0
1930,2021,9,2021-09-01,0.432877,0.032033,0.039337,8,8,1.0,23.987115,90094126.0
1930,2022,3,2022-03-01,0.15038,0.029026,0.043819,8,8,1.0,32.866674,95748274.0
1930,2022,4,2022-04-01,0.253437,0.031622,0.050613,8,8,1.0,31.221097,97595138.0
1930,2022,5,2022-05-01,0.280687,0.028077,0.032519,8,8,1.0,35.6224,92699999.0
1930,2022,6,2022-06-01,0.945146,0.031355,0.060688,8,8,1.0,34.807091,95901303.0
1930,2022,7,2022-07-01,1.011337,0.034465,0.029031,8,8,1.0,29.634583,102035161.0
1930,2022,8,2022-08-01,0.888047,0.028286,0.046694,8,8,1.0,39.690015,98258702.0
1930,2022,9,2022-09-01,0.457591,0.029337,0.046455,8,8,1.0,25.448971,88902747.0
1930,2023,3,2023-03-01,0.127842,0.03695,0.064675,8,8,1.0,21.194815,93671913.0
1930,2023,4,2023-04-01,0.17375,0.027146,0.040971,8,8,1.0,41.749901,98665163.0
1930,2023,5,2023-05-01,0.394305,0.02565,0.043531,8,8,1.0,42.139527,95301562.0
1930,2023,6,2023-06-01,0.893157,0.02993,0.029612,8,8,1.0,36.844651,96444568.0
1930,2023,7,2023-07-01,0.929496,0.040212,0.041206,8,8,1.0,20.660049,101753881.0
1930,2023,8,2023-08-01,0.784684,0.036137,0.031347,8,8,1.0,25.877243,96968132.0
1930,2023,9,2023-09-01,0.528527,0.031662,0.03916,8,8,1.0,24.257294,90239324.0
1930,2024,3,2024-03-01,0.20943,0.032276,0.047682,8,8,1.0,26.338234,86372445.0
1930,2024,4,2024-04-01,0.101308,0.032242,0.031233,8,8,1.0,26.210751,95332509.0
1930,2024,5,2024-05-01,0.526516,0.024745,0.022443,8,8,1.0,45.051779,89883638.0
1930,2024,6,2024-06-01,1.04043,0.034896,0.069378,8,8,1.0,30.536465,84217408.0
1930,2024,7,2024-07-01,0.907688,0.041064,0.060169,8,8,1.0,22.010343,95425695.0
1930,2024,8,2024-08-01,0.747914,0.032821,0.022607,8,8,1.0,28.175343,91425313.0
1930,2024,9,2024-09-01,0.500776,0.025783,0.019904,8,8,1.0,34.726769,85979995.0
1930,2025,3,2025-03-01,0.136086,0.027842,0.046943,8,8,1.0,30.366395,87368194.0
1930,2025,4,2025-04-01,0.281774,0.028081,0.038216,8,8,1.0,31.257027,96861891.0
1930,2025,5,2025-05-01,0.38572,0.031471,0.064264,8,8,1.0,28.253994,89188846.0
1930,2025,6,2025-06-01,0.771074,0.037485,0.038247,8,8,1.0,28.169244,91704495.0
1930,2025,7,2025-07-01,1.036462,0.028526,0.028069,8,8,1.0,45.942519,94751856.0
1930,2025,8,2025-08-01,0.842724,0.030183,0.023123,8,8,1.0,34.471585,94948426.0
1930,2025,9,2025-09-01,0.474543,0.025971,0.024107,8,8,1.0,33.784016,89061648.0
1931,2019,3,2019-03-01,0.15313,0.041123,0.032088,10,10,1.0,16.776283,73511224.0
1931,2019,4,2019-04-01,0.217953,0.029731,0.016341,10,10,1.0,34.308672,74389486.0
1931,2019,5,2019-05-01,0.268504,0.034488,0.040503,10,10,1.0,27.471126,73985614.0
1931,2019,6,2019-06-01,0.686046,0.031889,0.099018,10,10,1.0,33.493784,76811205.0
1931,2019,7,2019-07-01,0.72048,0.03046,0.048748,10,10,1.0,39.385825,76826548.0
1931,2019,8,2019-08-01,0.504814,0.031681,0.035132,10,10,1.0,34.375483,95194713.0
1931,2019,9,2019-09-01,0.340132,0.029816,0.044937,10,10,1.0,30.858585,91974497.0
1931,2020,3,2020-03-01,0.079003,0.029561,0.02839,10,10,1.0,27.242184,94604585.0
1931,2020,4,2020-04-01,0.126385,0.030258,0.033772,10,10,1.0,34.424849,96808107.0
1931,2020,5,2020-05-01,0.242145,0.028895,0.032591,10,10,1.0,37.160507,93035456.0
1931,2020,6,2020-06-01,0.73963,0.031346,0.076855,10,10,1.0,35.202983,96006563.0
1931,2020,7,2020-07-01,0.746769,0.039261,0.088659,10,10,1.0,23.427507,99686529.0
1931,2020,8,2020-08-01,0.678085,0.029787,0.048967,10,10,1.0,37.056161,97684078.0
1931,2020,9,2020-09-01,0.397271,0.028237,0.036528,10,10,1.0,31.759319,91237630.0
1931,2021,3,2021-03-01,0.182892,0.033644,0.038399,10,10,1.0,25.703262,94409616.0
1931,2021,4,2021-04-01,0.1671,0.029719,0.030865,10,10,1.0,31.26315,98410821.0
1931,2021,5,2021-05-01,0.327645,0.030478,0.065026,10,10,1.0,33.108326,91970868.0
1931,2021,6,2021-06-01,0.730422,0.031182,0.047533,10,10,1.0,40.629579,95947119.0
1931,2021,7,2021-07-01,0.940326,0.029329,0.083365,10,10,1.0,43.580263,101406324.0
1931,2021,8,2021-08-01,0.604527,0.033614,0.057362,10,10,1.0,30.707507,97445628.0
1931,2021,9,2021-09-01,0.435857,0.033526,0.028316,10,10,1.0,23.327845,90094126.0
1931,2022,3,2022-03-01,0.141738,0.031372,0.0415,10,10,1.0,30.813806,95748274.0
1931,2022,4,2022-04-01,0.29887,0.034407,0.047804,10,10,1.0,32.999655,97595138.0
1931,2022,5,2022-05-01,0.275611,0.029724,0.034135,10,10,1.0,34.691745,92699999.0
1931,2022,6,2022-06-01,0.77527,0.03278,0.095614,10,10,1.0,34.450008,95901303.0
1931,2022,7,2022-07-01,0.862327,0.036197,0.089596,10,10,1.0,28.5132,102035161.0
1931,2022,8,2022-08-01,0.73424,0.029933,0.058224,10,10,1.0,38.375266,98258702.0
1931,2022,9,2022-09-01,0.41664,0.032075,0.034794,10,10,1.0,26.257927,88902747.0
1931,2023,3,2023-03-01,0.112626,0.039017,0.052889,10,10,1.0,20.643343,93671913.0
1931,2023,4,2023-04-01,0.24725,0.02938,0.020948,10,10,1.0,40.376272,98665163.0
1931,2023,5,2023-05-01,0.385948,0.027507,0.033251,10,10,1.0,40.015886,95301562.0
1931,2023,6,2023-06-01,0.716158,0.031286,0.110534,10,10,1.0,36.612079,96444568.0
1931,2023,7,2023-07-01,0.777157,0.040304,0.066762,10,10,1.0,22.621117,101753881.0
1931,2023,8,2023-08-01,0.657391,0.036604,0.033842,10,10,1.0,27.673012,96968132.0
1931,2023,9,2023-09-01,0.457287,0.032538,0.023669,10,10,1.0,25.921135,90239324.0
1931,2024,3,2024-03-01,0.175204,0.033755,0.045513,10,10,1.0,27.936444,86372445.0
1931,2024,4,2024-04-01,0.129987,0.035675,0.081488,10,10,1.0,24.425057,95332509.0
1931,2024,5,2024-05-01,0.494374,0.025545,0.020383,10,10,1.0,45.162543,89883638.0
1931,2024,6,2024-06-01,0.983352,0.035544,0.099399,10,10,1.0,30.344606,84217408.0
1931,2024,7,2024-07-01,0.715438,0.043392,0.108869,10,10,1.0,22.444704,95425695.0
1931,2024,8,2024-08-01,0.6652,0.032881,0.043911,10,10,1.0,30.038082,91425313.0
1931,2024,9,2024-09-01,0.416237,0.026511,0.02125,10,10,1.0,35.614326,85979995.0
1931,2025,3,2025-03-01,0.190672,0.029317,0.031032,10,10,1.0,31.2713,87368194.0
1931,2025,4,2025-04-01,0.272761,0.029082,0.024195,10,10,1.0,31.143005,96861891.0
1931,2025,5,2025-05-01,0.327772,0.031872,0.01902,10,10,1.0,29.980397,89188846.0
1931,2025,6,2025-06-01,0.658058,0.03925,0.050921,10,10,1.0,28.027887,91704495.0
1931,2025,7,2025-07-01,0.923936,0.029505,0.046221,10,10,1.0,45.862908,94751856.0
1931,2025,8,2025-08-01,0.73992,0.031692,0.059938,10,10,1.0,34.199503,94948426.0
1931,2025,9,2025-09-01,0.472095,0.026887,0.045617,10,10,1.0,35.583141,89061648.0
1967,2019,3,2019-03-01,0.142879,0.034642,0.037547,9,9,1.0,18.794799,73511224.0
1967,2019,4,2019-04-01,0.233125,0.026264,0.029591,9,9,1.0,34.21455,74389486.0
1967,2019,5,2019-05-01,0.347074,0.029918,0.032077,9,9,1.0,26.063116,73985614.0
1967,2019,6,2019-06-01,0.830328,0.027362,0.052963,9,9,1.0,38.893294,76811205.0
1967,2019,7,2019-07-01,0.616641,0.033693,0.052428,9,9,1.0,27.60802,76826548.0
1967,2019,8,2019-08-01,0.546529,0.027416,0.020746,9,9,1.0,35.492881,95194713.0
1967,2019,9,2019-09-01,0.331758,0.028197,0.043225,9,9,1.0,27.660457,91974497.0
1967,2020,3,2020-03-01,0.109246,0.025615,0.018533,9,9,1.0,30.102104,94604585.0
1967,2020,4,2020-04-01,0.149703,0.033655,0.063114,9,9,1.0,23.508382,96808107.0
1967,2020,5,2020-05-01,0.317203,0.025196,0.033628,9,9,1.0,38.234725,93035456.0
1967,2020,6,2020-06-01,0.81135,0.026831,0.038714,9,9,1.0,39.750346,96006563.0
1967,2020,7,2020-07-01,0.76306,0.028995,0.051905,9,9,1.0,34.510056,99686529.0
1967,2020,8,2020-08-01,0.529856,0.028537,0.033044,9,9,1.0,33.356998,97684078.0
1967,2020,9,2020-09-01,0.390428,0.025645,0.02053,9,9,1.0,29.807807,91237630.0
1967,2021,3,2021-03-01,0.120022,0.030301,0.028052,9,9,1.0,27.526285,94409616.0
1967,2021,4,2021-04-01,0.212844,0.027784,0.049736,9,9,1.0,29.767899,98410821.0
1967,2021,5,2021-05-01,0.295326,0.031335,0.039223,9,9,1.0,25.777857,91970868.0
1967,2021,6,2021-06-01,0.830259,0.024425,0.040626,9,9,1.0,44.640073,95947119.0
1967,2021,7,2021-07-01,0.725552,0.02634,0.037185,9,9,1.0,38.600204,101406324.0
1967,2021,8,2021-08-01,0.563408,0.029712,0.051742,9,9,1.0,28.825019,97445628.0
1967,2021,9,2021-09-01,0.417831,0.030293,0.039676,9,9,1.0,21.058799,90094126.0
1967,2022,3,2022-03-01,0.17719,0.025464,0.033585,9,9,1.0,38.380632,95748274.0
1967,2022,4,2022-04-01,0.364152,0.032385,0.04465,9,9,1.0,25.454981,97595138.0
1967,2022,5,2022-05-01,0.31453,0.027458,0.027593,9,9,1.0,33.357946,92699999.0
1967,2022,6,2022-06-01,0.827397,0.030684,0.03302,9,9,1.0,29.585851,95901303.0
1967,2022,7,2022-07-01,0.750876,0.030953,0.048728,9,9,1.0,33.929705,102035161.0
1967,2022,8,2022-08-01,0.673585,0.026248,0.043967,9,9,1.0,35.501647,98258702.0
1967,2022,9,2022-09-01,0.338267,0.03375,0.03554,9,9,1.0,19.353162,88902747.0
1967,2023,3,2023-03-01,0.135949,0.033224,0.057133,9,9,1.0,20.376355,93671913.0
1967,2023,4,2023-04-01,0.294111,0.026914,0.031506,9,9,1.0,39.215643,98665163.0
1967,2023,5,2023-05-01,0.475696,0.025639,0.036538,9,9,1.0,39.053015,95301562.0
1967,2023,6,2023-06-01,0.873345,0.02796,0.042575,9,9,1.0,35.996884,96444568.0
1967,2023,7,2023-07-01,0.700354,0.03192,0.059008,9,9,1.0,29.959388,101753881.0
1967,2023,8,2023-08-01,0.560233,0.026961,0.02728,9,9,1.0,32.502248,96968132.0
1967,2023,9,2023-09-01,0.336871,0.02831,0.039078,9,9,1.0,26.025293,90239324.0
1967,2024,3,2024-03-01,0.149244,0.034522,0.019804,9,9,1.0,21.076182,86372445.0
1967,2024,4,2024-04-01,0.230704,0.036578,0.045284,9,9,1.0,20.296081,95332509.0
1967,2024,5,2024-05-01,0.537659,0.024881,0.023695,9,9,1.0,37.99995,89883638.0
1967,2024,6,2024-06-01,0.753053,0.030308,0.042489,9,9,1.0,34.698491,84217408.0
1967,2024,7,2024-07-01,0.74248,0.029211,0.040902,9,9,1.0,34.103717,95425695.0
1967,2024,8,2024-08-01,0.602156,0.028085,0.055377,9,9,1.0,30.934403,91425313.0
1967,2024,9,2024-09-01,0.411725,0.024453,0.026966,9,9,1.0,31.677961,85979995.0
1967,2025,3,2025-03-01,0.204788,0.028932,0.035744,9,9,1.0,34.870414,87368194.0
1967,2025,4,2025-04-01,0.225468,0.02667,0.031469,9,9,1.0,32.112918,96861891.0
1967,2025,5,2025-05-01,0.285299,0.031531,0.069983,9,9,1.0,26.287823,89188846.0
1967,2025,6,2025-06-01,0.743913,0.033479,0.098644,9,9,1.0,26.710098,91704495.0
1967,2025,7,2025-07-01,0.774384,0.026808,0.042703,9,9,1.0,39.317008,94751856.0
1967,2025,8,2025-08-01,0.578734,0.027809,0.027563,9,9,1.0,33.950025,94948426.0
1967,2025,9,2025-09-01,0.446071,0.02451,0.016862,9,9,1.0,30.896406,89061648.0
1973,2019,3,2019-03-01,0.140302,0.036906,0.039868,9,9,1.0,17.505903,73511224.0
1973,2019,4,2019-04-01,0.298261,0.028381,0.038959,9,9,1.0,34.801633,74389486.0
1973,2019,5,2019-05-01,0.335748,0.030736,0.045872,9,9,1.0,26.905967,73985614.0
1973,2019,6,2019-06-01,1.002565,0.029884,0.080795,9,9,1.0,38.366611,76811205.0
1973,2019,7,2019-07-01,0.987883,0.036632,0.083795,9,9,1.0,24.308104,76826548.0
1973,2019,8,2019-08-01,0.673432,0.029263,0.068893,9,9,1.0,33.248338,95194713.0
1973,2019,9,2019-09-01,0.386597,0.028365,0.047652,9,9,1.0,26.441274,91974497.0
1973,2020,3,2020-03-01,0.116403,0.026021,0.046831,9,9,1.0,33.044507,94604585.0
1973,2020,4,2020-04-01,0.220121,0.029782,0.062165,9,9,1.0,26.962962,96808107.0
1973,2020,5,2020-05-01,0.297161,0.026893,0.038214,9,9,1.0,36.535637,93035456.0
1973,2020,6,2020-06-01,1.09055,0.029135,0.136515,9,9,1.0,37.335595,96006563.0
1973,2020,7,2020-07-01,1.071485,0.03277,0.099688,9,9,1.0,33.906626,99686529.0
1973,2020,8,2020-08-01,0.731537,0.028408,0.068016,9,9,1.0,36.760263,97684078.0
1973,2020,9,2020-09-01,0.408909,0.027088,0.063074,9,9,1.0,35.045431,91237630.0
1973,2021,3,2021-03-01,0.184233,0.030094,0.050936,9,9,1.0,29.509723,94409616.0
1973,2021,4,2021-04-01,0.20505,0.030274,0.021173,9,9,1.0,26.403575,98410821.0
1973,2021,5,2021-05-01,0.456909,0.030883,0.101917,9,9,1.0,30.623253,91970868.0
1973,2021,6,2021-06-01,1.090781,0.027231,0.112329,9,9,1.0,44.814694,95947119.0
1973,2021,7,2021-07-01,1.118317,0.026563,0.091207,9,9,1.0,44.685983,101406324.0
1973,2021,8,2021-08-01,0.717051,0.029197,0.037321,9,9,1.0,31.889234,97445628.0
1973,2021,9,2021-09-01,0.441241,0.031321,0.079759,9,9,1.0,21.505944,90094126.0
1973,2022,3,2022-03-01,0.203241,0.027191,0.052984,9,9,1.0,37.784477,95748274.0
1973,2022,4,2022-04-01,0.377155,0.036003,0.037546,9,9,1.0,24.826841,97595138.0
1973,2022,5,2022-05-01,0.226371,0.028345,0.046988,9,9,1.0,32.453208,92699999.0
1973,2022,6,2022-06-01,1.078224,0.030985,0.149378,9,9,1.0,34.333835,95901303.0
1973,2022,7,2022-07-01,1.079463,0.033725,0.120101,9,9,1.0,31.516683,102035161.0
1973,2022,8,2022-08-01,0.94417,0.029194,0.090134,9,9,1.0,29.768366,98258702.0
1973,2022,9,2022-09-01,0.434339,0.035164,0.082283,9,9,1.0,20.913947,88902747.0
1973,2023,3,2023-03-01,0.095618,0.03459,0.098445,9,9,1.0,22.442716,93671913.0
1973,2023,4,2023-04-01,0.332077,0.029333,0.059278,9,9,1.0,38.380153,98665163.0
1973,2023,5,2023-05-01,0.532425,0.029372,0.056414,9,9,1.0,32.455629,95301562.0
1973,2023,6,2023-06-01,1.17471,0.030083,0.103307,9,9,1.0,37.229372,96444568.0
1973,2023,7,2023-07-01,0.895535,0.033337,0.182075,9,9,1.0,33.862344,101753881.0
1973,2023,8,2023-08-01,0.727637,0.028927,0.04514,9,9,1.0,33.775427,96968132.0
1973,2023,9,2023-09-01,0.49922,0.031513,0.052714,9,9,1.0,23.474383,90239324.0
1973,2024,3,2024-03-01,0.175183,0.038881,0.043443,9,9,1.0,18.058413,86372445.0
1973,2024,4,2024-04-01,0.204929,0.036973,0.019203,9,9,1.0,19.939983,95332509.0
1973,2024,5,2024-05-01,0.638004,0.028181,0.051421,9,9,1.0,32.731771,89883638.0
1973,2024,6,2024-06-01,1.076975,0.033294,0.084735,9,9,1.0,30.032042,84217408.0
1973,2024,7,2024-07-01,1.141831,0.03262,0.120951,9,9,1.0,33.203609,95425695.0
1973,2024,8,2024-08-01,0.824658,0.029227,0.071325,9,9,1.0,35.483223,91425313.0
1973,2024,9,2024-09-01,0.527443,0.02334,0.033427,9,9,1.0,36.484582,85979995.0
1973,2025,3,2025-03-01,0.180255,0.030133,0.042165,9,9,1.0,32.225163,87368194.0
1973,2025,4,2025-04-01,0.199478,0.026511,0.063363,9,9,1.0,31.492544,96861891.0
1973,2025,5,2025-05-01,0.337795,0.030695,0.054401,9,9,1.0,25.635434,89188846.0
1973,2025,6,2025-06-01,0.861915,0.039549,0.125397,9,9,1.0,19.520913,91704495.0
1973,2025,7,2025-07-01,1.072109,0.027993,0.112504,9,9,1.0,40.955148,94751856.0
1973,2025,8,2025-08-01,0.840809,0.030072,0.110844,9,9,1.0,33.638951,94948426.0
1973,2025,9,2025-09-01,0.525005,0.025283,0.062933,9,9,1.0,32.700767,89061648.0
1974,2019,3,2019-03-01,0.132568,0.035505,0.062418,9,9,1.0,19.388823,73511224.0
1974,2019,4,2019-04-01,0.290589,0.026608,0.0335,9,9,1.0,34.708021,74389486.0
1974,2019,5,2019-05-01,0.395484,0.029712,0.021733,9,9,1.0,24.738448,73985614.0
1974,2019,6,2019-06-01,1.101459,0.028511,0.044183,9,9,1.0,38.24204,76811205.0
1974,2019,7,2019-07-01,1.123723,0.034322,0.062788,9,9,1.0,27.106055,76826548.0
1974,2019,8,2019-08-01,0.732776,0.028815,0.046408,9,9,1.0,32.304778,95194713.0
1974,2019,9,2019-09-01,0.41882,0.028433,0.030571,9,9,1.0,25.54836,91974497.0
1974,2020,3,2020-03-01,0.079703,0.025326,0.031578,9,9,1.0,33.146715,94604585.0
1974,2020,4,2020-04-01,0.162293,0.029893,0.041694,9,9,1.0,26.50824,96808107.0
1974,2020,5,2020-05-01,0.355101,0.026342,0.033944,9,9,1.0,36.111954,93035456.0
1974,2020,6,2020-06-01,1.146038,0.028809,0.082842,9,9,1.0,37.648418,96006563.0
1974,2020,7,2020-07-01,1.122263,0.032344,0.054428,9,9,1.0,32.976409,99686529.0
1974,2020,8,2020-08-01,0.826999,0.027654,0.065272,9,9,1.0,35.706483,97684078.0
1974,2020,9,2020-09-01,0.465516,0.025005,0.015413,9,9,1.0,36.95794,91237630.0
1974,2021,3,2021-03-01,0.163949,0.028071,0.060569,9,9,1.0,30.900214,94409616.0
1974,2021,4,2021-04-01,0.206763,0.028095,0.038896,9,9,1.0,27.276971,98410821.0
1974,2021,5,2021-05-01,0.401271,0.029944,0.063503,9,9,1.0,31.519908,91970868.0
1974,2021,6,2021-06-01,1.160324,0.025843,0.052943,9,9,1.0,45.290061,95947119.0
1974,2021,7,2021-07-01,1.168788,0.025623,0.056888,9,9,1.0,45.039002,101406324.0
1974,2021,8,2021-08-01,0.7079,0.029044,0.03345,9,9,1.0,32.103922,97445628.0
1974,2021,9,2021-09-01,0.486728,0.029782,0.043698,9,9,1.0,22.340688,90094126.0
1974,2022,3,2022-03-01,0.197629,0.025564,0.075937,9,9,1.0,38.585761,95748274.0
1974,2022,4,2022-04-01,0.32352,0.036272,0.04919,9,9,1.0,22.659306,97595138.0
1974,2022,5,2022-05-01,0.290458,0.028035,0.048755,9,9,1.0,29.852572,92699999.0
1974,2022,6,2022-06-01,1.187168,0.030182,0.078604,9,9,1.0,33.91557,95901303.0
1974,2022,7,2022-07-01,1.253615,0.031657,0.065217,9,9,1.0,33.642,102035161.0
1974,2022,8,2022-08-01,1.040147,0.028035,0.067294,9,9,1.0,30.884371,98258702.0
1974,2022,9,2022-09-01,0.480675,0.035909,0.071983,9,9,1.0,19.742194,88902747.0
1974,2023,3,2023-03-01,0.069141,0.031825,0.081451,9,9,1.0,23.397766,93671913.0
1974,2023,4,2023-04-01,0.293179,0.027969,0.051912,9,9,1.0,37.480065,98665163.0
1974,2023,5,2023-05-01,0.612149,0.027919,0.045477,9,9,1.0,32.286105,95301562.0
1974,2023,6,2023-06-01,1.184552,0.029354,0.046107,9,9,1.0,35.544628,96444568.0
1974,2023,7,2023-07-01,1.129572,0.032774,0.090577,9,9,1.0,30.039226,101753881.0
1974,2023,8,2023-08-01,0.778318,0.027842,0.074063,9,9,1.0,33.254142,96968132.0
1974,2023,9,2023-09-01,0.482672,0.029485,0.042235,9,9,1.0,24.698614,90239324.0
1974,2024,3,2024-03-01,0.151218,0.037364,0.074571,9,9,1.0,17.639086,86372445.0
1974,2024,4,2024-04-01,0.172073,0.035798,0.0415,9,9,1.0,20.965879,95332509.0
1974,2024,5,2024-05-01,0.670039,0.02762,0.035689,9,9,1.0,30.86595,89883638.0
1974,2024,6,2024-06-01,1.137554,0.033195,0.052902,9,9,1.0,30.804245,84217408.0
1974,2024,7,2024-07-01,1.227037,0.03146,0.050443,9,9,1.0,33.046169,95425695.0
1974,2024,8,2024-08-01,0.871391,0.027775,0.072397,9,9,1.0,35.709932,91425313.0
1974,2024,9,2024-09-01,0.58525,0.022636,0.042763,9,9,1.0,36.981479,85979995.0
1974,2025,3,2025-03-01,0.191341,0.029174,0.045244,9,9,1.0,31.006423,87368194.0
1974,2025,4,2025-04-01,0.201192,0.025488,0.041075,9,9,1.0,32.956428,96861891.0
1974,2025,5,2025-05-01,0.379067,0.031218,0.039888,9,9,1.0,23.862087,89188846.0
1974,2025,6,2025-06-01,0.907146,0.03634,0.058299,9,9,1.0,23.43141,91704495.0
1974,2025,7,2025-07-01,1.178011,0.026234,0.043635,9,9,1.0,41.39646,94751856.0
1974,2025,8,2025-08-01,0.918288,0.029418,0.056176,9,9,1.0,32.183584,94948426.0
1974,2025,9,2025-09-01,0.573546,0.024916,0.043031,9,9,1.0,30.670401,89061648.0
1996,2019,3,2019-03-01,0.095091,0.036383,0.042365,9,9,1.0,17.098217,73511224.0
1996,2019,4,2019-04-01,0.197604,0.025538,0.013563,9,9,1.0,37.733724,74389486.0
1996,2019,5,2019-05-01,0.315221,0.029532,0.031835,9,9,1.0,32.674139,73985614.0
1996,2019,6,2019-06-01,0.762329,0.030413,0.060177,9,9,1.0,35.699238,76811205.0
1996,2019,7,2019-07-01,0.833541,0.027592,0.034531,9,9,1.0,42.129345,76826548.0
1996,2019,8,2019-08-01,0.530236,0.028815,0.05706,9,9,1.0,33.740195,95194713.0
1996,2019,9,2019-09-01,0.384665,0.027501,0.053598,9,9,1.0,32.092634,91974497.0
1996,2020,3,2020-03-01,0.018276,0.0265,0.052624,9,9,1.0,28.470377,94604585.0
1996,2020,4,2020-04-01,0.171933,0.027668,0.053736,9,9,1.0,35.13159,96808107.0
1996,2020,5,2020-05-01,0.244486,0.026432,0.023544,9,9,1.0,37.262932,93035456.0
1996,2020,6,2020-06-01,0.802808,0.027667,0.069143,9,9,1.0,38.136753,96006563.0
1996,2020,7,2020-07-01,0.819832,0.03648,0.063031,9,9,1.0,25.536294,99686529.0
1996,2020,8,2020-08-01,0.735642,0.027473,0.052492,9,9,1.0,35.758519,97684078.0
1996,2020,9,2020-09-01,0.431287,0.027002,0.009378,9,9,1.0,31.036149,91237630.0
1996,2021,3,2021-03-01,0.215606,0.030384,0.027462,9,9,1.0,25.308396,94409616.0
1996,2021,4,2021-04-01,0.173666,0.025701,0.027911,9,9,1.0,33.930192,98410821.0
1996,2021,5,2021-05-01,0.316372,0.027403,0.034951,9,9,1.0,34.55485,91970868.0
1996,2021,6,2021-06-01,0.875769,0.028617,0.074533,9,9,1.0,41.600481,95947119.0
1996,2021,7,2021-07-01,1.050945,0.027564,0.03623,9,9,1.0,44.155662,101406324.0
1996,2021,8,2021-08-01,0.650075,0.029882,0.046265,9,9,1.0,33.331758,97445628.0
1996,2021,9,2021-09-01,0.419333,0.030406,0.027353,9,9,1.0,26.067125,90094126.0
1996,2022,3,2022-03-01,0.140602,0.028253,0.064219,9,9,1.0,31.483926,95748274.0
1996,2022,4,2022-04-01,0.273003,0.030663,0.027453,9,9,1.0,32.935788,97595138.0
1996,2022,5,2022-05-01,0.282473,0.027588,0.02964,9,9,1.0,33.968,92699999.0
1996,2022,6,2022-06-01,0.882008,0.030499,0.04225,9,9,1.0,34.599212,95901303.0
1996,2022,7,2022-07-01,0.952123,0.032527,0.065815,9,9,1.0,30.159372,102035161.0
1996,2022,8,2022-08-01,0.841466,0.027222,0.043257,9,9,1.0,39.847673,98258702.0
1996,2022,9,2022-09-01,0.39157,0.02815,0.033359,9,9,1.0,27.553938,88902747.0
1996,2023,3,2023-03-01,0.139492,0.034283,0.073849,9,9,1.0,20.511307,93671913.0
1996,2023,4,2023-04-01,0.173188,0.026124,0.026305,9,9,1.0,40.967679,98665163.0
1996,2023,5,2023-05-01,0.371428,0.025068,0.041268,9,9,1.0,41.504832,95301562.0
1996,2023,6,2023-06-01,0.871697,0.028578,0.053757,9,9,1.0,37.370678,96444568.0
1996,2023,7,2023-07-01,0.91006,0.038375,0.052725,9,9,1.0,23.046237,101753881.0
1996,2023,8,2023-08-01,0.732586,0.034043,0.050257,9,9,1.0,26.097567,96968132.0
1996,2023,9,2023-09-01,0.498144,0.030249,0.043352,9,9,1.0,23.981722,90239324.0
1996,2024,3,2024-03-01,0.210367,0.0314,0.043007,9,9,1.0,24.352328,86372445.0
1996,2024,4,2024-04-01,0.116239,0.031393,0.026282,9,9,1.0,26.580256,95332509.0
1996,2024,5,2024-05-01,0.470105,0.023772,0.040166,9,9,1.0,44.697024,89883638.0
1996,2024,6,2024-06-01,1.036013,0.033279,0.074651,9,9,1.0,29.346949,84217408.0
1996,2024,7,2024-07-01,0.923181,0.038073,0.079553,9,9,1.0,25.238016,95425695.0
1996,2024,8,2024-08-01,0.675851,0.0309,0.065762,9,9,1.0,30.20237,91425313.0
1996,2024,9,2024-09-01,0.501685,0.024533,0.023601,9,9,1.0,35.253392,85979995.0
1996,2025,3,2025-03-01,0.140376,0.0267,0.015658,9,9,1.0,29.928307,87368194.0
1996,2025,4,2025-04-01,0.264314,0.026978,0.055221,9,9,1.0,32.214931,96861891.0
1996,2025,5,2025-05-01,0.358351,0.030015,0.054341,9,9,1.0,29.261829,89188846.0
1996,2025,6,2025-06-01,0.757326,0.035644,0.03463,9,9,1.0,29.086954,91704495.0
1996,2025,7,2025-07-01,1.061488,0.027132,0.044191,9,9,1.0,45.135357,94751856.0
1996,2025,8,2025-08-01,0.836004,0.029678,0.034157,9,9,1.0,34.270997,94948426.0
1996,2025,9,2025-09-01,0.43355,0.024891,0.024268,9,9,1.0,35.442169,89061648.0
1997,2019,3,2019-03-01,0.164233,0.035951,0.031676,9,9,1.0,16.899772,73511224.0
1997,2019,4,2019-04-01,0.196873,0.026265,0.024056,9,9,1.0,36.054438,74389486.0
1997,2019,5,2019-05-01,0.333494,0.030119,0.071983,9,9,1.0,28.459473,73985614.0
1997,2019,6,2019-06-01,0.814424,0.028678,0.128051,9,9,1.0,33.991647,76811205.0
1997,2019,7,2019-07-01,0.852064,0.027437,0.148346,9,9,1.0,40.481563,76826548.0
1997,2019,8,2019-08-01,0.51624,0.027943,0.079793,9,9,1.0,35.371248,95194713.0
1997,2019,9,2019-09-01,0.383617,0.026062,0.040592,9,9,1.0,33.672678,91974497.0
1997,2020,3,2020-03-01,0.077374,0.02641,0.039274,9,9,1.0,28.530996,94604585.0
1997,2020,4,2020-04-01,0.162496,0.026886,0.018067,9,9,1.0,33.662855,96808107.0
1997,2020,5,2020-05-01,0.272746,0.025816,0.025153,9,9,1.0,37.598983,93035456.0
1997,2020,6,2020-06-01,0.864926,0.027667,0.138032,9,9,1.0,37.502987,96006563.0
1997,2020,7,2020-07-01,0.874192,0.035835,0.137265,9,9,1.0,24.802823,99686529.0
1997,2020,8,2020-08-01,0.727547,0.026546,0.06673,9,9,1.0,36.974799,97684078.0
1997,2020,9,2020-09-01,0.4392,0.026225,0.042115,9,9,1.0,32.064307,91237630.0
1997,2021,3,2021-03-01,0.224064,0.030908,0.029762,9,9,1.0,26.088563,94409616.0
1997,2021,4,2021-04-01,0.155762,0.026351,0.027844,9,9,1.0,31.93156,98410821.0
1997,2021,5,2021-05-01,0.34557,0.027067,0.035842,9,9,1.0,32.90519,91970868.0
1997,2021,6,2021-06-01,0.872865,0.028169,0.121122,9,9,1.0,39.548028,95947119.0
1997,2021,7,2021-07-01,1.056225,0.026747,0.095569,9,9,1.0,44.635082,101406324.0
1997,2021,8,2021-08-01,0.639371,0.029793,0.07328,9,9,1.0,33.015096,97445628.0
1997,2021,9,2021-09-01,0.436855,0.029109,0.01936,9,9,1.0,25.401405,90094126.0
1997,2022,3,2022-03-01,0.171432,0.029099,0.068746,9,9,1.0,29.409222,95748274.0
1997,2022,4,2022-04-01,0.25783,0.030248,0.04308,9,9,1.0,33.161755,97595138.0
1997,2022,5,2022-05-01,0.271483,0.026837,0.039076,9,9,1.0,34.676996,92699999.0
1997,2022,6,2022-06-01,0.894258,0.029517,0.124296,9,9,1.0,35.766163,95901303.0
1997,2022,7,2022-07-01,1.028109,0.031739,0.121376,9,9,1.0,30.27377,102035161.0
1997,2022,8,2022-08-01,0.821016,0.026407,0.125644,9,9,1.0,39.320464,98258702.0
1997,2022,9,2022-09-01,0.368546,0.028843,0.073729,9,9,1.0,27.640155,88902747.0
1997,2023,3,2023-03-01,0.130067,0.035023,0.058866,9,9,1.0,21.00834,93671913.0
1997,2023,4,2023-04-01,0.209703,0.026071,0.032869,9,9,1.0,43.189945,98665163.0
1997,2023,5,2023-05-01,0.374859,0.024662,0.050539,9,9,1.0,39.793509,95301562.0
1997,2023,6,2023-06-01,0.854241,0.027551,0.076999,9,9,1.0,38.13663,96444568.0
1997,2023,7,2023-07-01,0.943976,0.036961,0.118967,9,9,1.0,23.441052,101753881.0
1997,2023,8,2023-08-01,0.750213,0.033225,0.049581,9,9,1.0,26.901069,96968132.0
1997,2023,9,2023-09-01,0.509988,0.028793,0.065064,9,9,1.0,26.886337,90239324.0
1997,2024,3,2024-03-01,0.176029,0.030524,0.031131,9,9,1.0,26.579403,86372445.0
1997,2024,4,2024-04-01,0.114068,0.031367,0.03522,9,9,1.0,25.071065,95332509.0
1997,2024,5,2024-05-01,0.491019,0.022832,0.016332,9,9,1.0,44.959802,89883638.0
1997,2024,6,2024-06-01,1.044032,0.032996,0.108738,9,9,1.0,30.226086,84217408.0
1997,2024,7,2024-07-01,0.908471,0.03555,0.155464,9,9,1.0,25.504931,95425695.0
1997,2024,8,2024-08-01,0.680081,0.029435,0.074418,9,9,1.0,30.76808,91425313.0
1997,2024,9,2024-09-01,0.51054,0.023706,0.059936,9,9,1.0,35.071369,85979995.0
1997,2025,3,2025-03-01,0.179952,0.026396,0.03253,9,9,1.0,30.133978,87368194.0
1997,2025,4,2025-04-01,0.264837,0.026558,0.051302,9,9,1.0,31.802568,96861891.0
1997,2025,5,2025-05-01,0.358159,0.029118,0.029166,9,9,1.0,29.082309,89188846.0
1997,2025,6,2025-06-01,0.718412,0.034956,0.069944,9,9,1.0,27.240802,91704495.0
1997,2025,7,2025-07-01,1.093268,0.026773,0.151533,9,9,1.0,45.33439,94751856.0
1997,2025,8,2025-08-01,0.796775,0.027842,0.099853,9,9,1.0,34.375022,94948426.0
1997,2025,9,2025-09-01,0.512426,0.024438,0.046566,9,9,1.0,35.280679,89061648.0
2004,2019,3,2019-03-01,0.11124,0.032087,0.045852,9,9,1.0,18.592162,73511224.0
2004,2019,4,2019-04-01,0.208988,0.025614,0.02875,9,9,1.0,32.109348,74389486.0
2004,2019,5,2019-05-01,0.240259,0.030901,0.03487,9,9,1.0,26.28123,73985614.0
2004,2019,6,2019-06-01,0.743526,0.030092,0.082454,9,9,1.0,30.860166,76811205.0
2004,2019,7,2019-07-01,0.701023,0.027452,0.062275,9,9,1.0,38.307799,76826548.0
2004,2019,8,2019-08-01,0.512592,0.026825,0.057653,9,9,1.0,32.698662,95194713.0
2004,2019,9,2019-09-01,0.385036,0.026335,0.036073,9,9,1.0,29.678581,91974497.0
2004,2020,3,2020-03-01,0.110302,0.02614,0.04775,9,9,1.0,30.594445,94604585.0
2004,2020,4,2020-04-01,0.135276,0.027208,0.035027,9,9,1.0,25.281868,96808107.0
2004,2020,5,2020-05-01,0.251604,0.027511,0.087294,9,9,1.0,30.300386,93035456.0
2004,2020,6,2020-06-01,0.807901,0.025428,0.060291,9,9,1.0,38.5743,96006563.0
2004,2020,7,2020-07-01,0.73683,0.031364,0.089763,9,9,1.0,28.304239,99686529.0
2004,2020,8,2020-08-01,0.748868,0.025891,0.047343,9,9,1.0,38.23996,97684078.0
2004,2020,9,2020-09-01,0.390367,0.025938,0.026491,9,9,1.0,26.969184,91237630.0
2004,2021,3,2021-03-01,0.174619,0.031013,0.033403,9,9,1.0,24.10349,94409616.0
2004,2021,4,2021-04-01,0.176581,0.026574,0.038691,9,9,1.0,31.906496,98410821.0
2004,2021,5,2021-05-01,0.337586,0.028871,0.056303,9,9,1.0,30.87371,91970868.0
2004,2021,6,2021-06-01,0.833161,0.026406,0.071779,9,9,1.0,40.213052,95947119.0
2004,2021,7,2021-07-01,0.916551,0.025181,0.084619,9,9,1.0,43.255638,101406324.0
2004,2021,8,2021-08-01,0.600847,0.028822,0.033157,9,9,1.0,31.059463,97445628.0
2004,2021,9,2021-09-01,0.425785,0.030872,0.040592,9,9,1.0,19.884378,90094126.0
2004,2022,3,2022-03-01,0.202842,0.028115,0.055684,9,9,1.0,28.401361,95748274.0
2004,2022,4,2022-04-01,0.225749,0.031749,0.037731,9,9,1.0,26.363508,97595138.0
2004,2022,5,2022-05-01,0.278092,0.027555,0.046676,9,9,1.0,29.915052,92699999.0
2004,2022,6,2022-06-01,0.861383,0.029924,0.06687,9,9,1.0,31.078552,95901303.0
2004,2022,7,2022-07-01,0.939215,0.030926,0.056743,9,9,1.0,32.748744,102035161.0
2004,2022,8,2022-08-01,0.746435,0.0255,0.044558,9,9,1.0,37.270913,98258702.0
2004,2022,9,2022-09-01,0.447133,0.028464,0.035404,9,9,1.0,25.346386,88902747.0
2004,2023,3,2023-03-01,0.077513,0.032934,0.073969,9,9,1.0,21.684954,93671913.0
2004,2023,4,2023-04-01,0.193298,0.026244,0.039889,9,9,1.0,40.248547,98665163.0
2004,2023,5,2023-05-01,0.455306,0.024541,0.063843,9,9,1.0,37.393849,95301562.0
2004,2023,6,2023-06-01,0.842074,0.026581,0.047819,9,9,1.0,39.732982,96444568.0
2004,2023,7,2023-07-01,0.737747,0.03355,0.09845,9,9,1.0,26.436807,101753881.0
2004,2023,8,2023-08-01,0.721291,0.031775,0.037426,9,9,1.0,26.365261,96968132.0
2004,2023,9,2023-09-01,0.459337,0.025923,0.045088,9,9,1.0,30.468812,90239324.0
2004,2024,3,2024-03-01,0.177982,0.031367,0.053017,9,9,1.0,25.145152,86372445.0
2004,2024,4,2024-04-01,0.151362,0.034641,0.04916,9,9,1.0,17.639944,95332509.0
2004,2024,5,2024-05-01,0.479972,0.021815,0.043541,9,9,1.0,47.807563,89883638.0
2004,2024,6,2024-06-01,0.929231,0.030904,0.04652,9,9,1.0,30.128919,84217408.0
2004,2024,7,2024-07-01,0.779401,0.034845,0.085647,9,9,1.0,25.260676,95425695.0
2004,2024,8,2024-08-01,0.646392,0.028003,0.031092,9,9,1.0,32.362024,91425313.0
2004,2024,9,2024-09-01,0.465024,0.022325,0.051438,9,9,1.0,39.14709,85979995.0
2004,2025,3,2025-03-01,0.194954,0.027398,0.014165,9,9,1.0,31.564864,87368194.0
2004,2025,4,2025-04-01,0.251952,0.024415,0.043239,9,9,1.0,32.140077,96861891.0
2004,2025,5,2025-05-01,0.343717,0.029771,0.053152,9,9,1.0,25.910192,89188846.0
2004,2025,6,2025-06-01,0.718649,0.036441,0.048941,9,9,1.0,22.298669,91704495.0
2004,2025,7,2025-07-01,1.009296,0.026121,0.061072,9,9,1.0,40.566319,94751856.0
2004,2025,8,2025-08-01,0.8474,0.027271,0.072646,9,9,1.0,34.639979,94948426.0
2004,2025,9,2025-09-01,0.4747,0.023994,0.032322,9,9,1.0,34.879123,89061648.0
2010,2019,3,2019-03-01,0.137157,0.034112,0.036093,8,8,1.0,22.941273,73511224.0
2010,2019,4,2019-04-01,0.310675,0.028385,0.025032,8,8,1.0,34.333034,74389486.0
2010,2019,5,2019-05-01,0.363784,0.036964,0.09972,8,8,1.0,22.59733,73985614.0
2010,2019,6,2019-06-01,0.796198,0.036436,0.045232,8,8,1.0,31.016282,76811205.0
2010,2019,7,2019-07-01,0.905416,0.033682,0.047037,8,8,1.0,34.060942,76826548.0
2010,2019,8,2019-08-01,0.742735,0.032083,0.058175,8,8,1.0,35.99573,95194713.0
2010,2019,9,2019-09-01,0.452754,0.029579,0.047193,8,8,1.0,32.112157,91974497.0
2010,2020,3,2020-03-01,0.115041,0.031172,0.020466,8,8,1.0,29.354644,94604585.0
2010,2020,4,2020-04-01,0.211425,0.035847,0.049363,8,8,1.0,23.563321,96808107.0
2010,2020,5,2020-05-01,0.228282,0.031544,0.031385,8,8,1.0,28.769734,93035456.0
2010,2020,6,2020-06-01,0.930136,0.030445,0.077267,8,8,1.0,40.587275,96006563.0
2010,2020,7,2020-07-01,0.896522,0.034982,0.053509,8,8,1.0,32.930487,99686529.0
2010,2020,8,2020-08-01,0.790393,0.030142,0.03033,8,8,1.0,36.532978,97684078.0
2010,2020,9,2020-09-01,0.471449,0.030577,0.03489,8,8,1.0,28.135773,91237630.0
2010,2021,3,2021-03-01,0.237589,0.034925,0.031353,8,8,1.0,24.560269,94409616.0
2010,2021,4,2021-04-01,0.295017,0.032151,0.018113,8,8,1.0,27.940919,98410821.0
2010,2021,5,2021-05-01,0.314308,0.033297,0.022233,8,8,1.0,30.95329,91970868.0
2010,2021,6,2021-06-01,0.953462,0.03298,0.056404,8,8,1.0,36.015906,95947119.0
2010,2021,7,2021-07-01,1.015182,0.030357,0.048909,8,8,1.0,43.666591,101406324.0
2010,2021,8,2021-08-01,0.713046,0.035148,0.046177,8,8,1.0,29.600634,97445628.0
2010,2021,9,2021-09-01,0.505815,0.034813,0.026296,8,8,1.0,21.83088,90094126.0
2010,2022,3,2022-03-01,0.235559,0.030231,0.037938,8,8,1.0,31.11815,95748274.0
2010,2022,4,2022-04-01,0.415109,0.036847,0.032229,8,8,1.0,24.313242,97595138.0
2010,2022,5,2022-05-01,0.357692,0.034231,0.026257,8,8,1.0,27.485047,92699999.0
2010,2022,6,2022-06-01,1.033777,0.037031,0.071384,8,8,1.0,26.738043,95901303.0
2010,2022,7,2022-07-01,0.964894,0.035082,0.066916,8,8,1.0,32.101489,102035161.0
2010,2022,8,2022-08-01,0.773888,0.030419,0.051705,8,8,1.0,36.759797,98258702.0
2010,2022,9,2022-09-01,0.508626,0.034446,0.026983,8,8,1.0,25.159752,88902747.0
2010,2023,3,2023-03-01,0.14591,0.033827,0.090575,8,8,1.0,24.480997,93671913.0
2010,2023,4,2023-04-01,0.347136,0.029849,0.037566,8,8,1.0,37.53061,98665163.0
2010,2023,5,2023-05-01,0.543389,0.030246,0.043136,8,8,1.0,34.010046,95301562.0
2010,2023,6,2023-06-01,0.967685,0.031344,0.093488,8,8,1.0,39.955799,96444568.0
2010,2023,7,2023-07-01,0.805578,0.036545,0.116415,8,8,1.0,30.649997,101753881.0
2010,2023,8,2023-08-01,0.708469,0.036477,0.071636,8,8,1.0,26.7412,96968132.0
2010,2023,9,2023-09-01,0.517316,0.030875,0.031368,8,8,1.0,27.879842,90239324.0
2010,2024,3,2024-03-01,0.225616,0.034478,0.044744,8,8,1.0,24.438359,86372445.0
2010,2024,4,2024-04-01,0.288682,0.037687,0.030666,8,8,1.0,22.161543,95332509.0
2010,2024,5,2024-05-01,0.540383,0.026146,0.050603,8,8,1.0,47.574082,89883638.0
2010,2024,6,2024-06-01,0.884243,0.037515,0.094048,8,8,1.0,27.916923,84217408.0
2010,2024,7,2024-07-01,0.909048,0.038847,0.034464,8,8,1.0,26.927667,95425695.0
2010,2024,8,2024-08-01,0.746094,0.032135,0.052577,8,8,1.0,33.094899,91425313.0
2010,2024,9,2024-09-01,0.444435,0.027457,0.020277,8,8,1.0,37.303827,85979995.0
2010,2025,3,2025-03-01,0.211203,0.030781,0.028155,8,8,1.0,31.637352,87368194.0
2010,2025,4,2025-04-01,0.276499,0.028067,0.013185,8,8,1.0,35.425651,96861891.0
2010,2025,5,2025-05-01,0.503708,0.034437,0.032017,8,8,1.0,26.437865,89188846.0
2010,2025,6,2025-06-01,0.922204,0.047423,0.076042,8,8,1.0,18.425625,91704495.0
2010,2025,7,2025-07-01,1.073733,0.030951,0.048059,8,8,1.0,39.109109,94751856.0
2010,2025,8,2025-08-01,0.787831,0.030946,0.058838,8,8,1.0,37.25786,94948426.0
2010,2025,9,2025-09-01,0.537592,0.027421,0.053758,8,8,1.0,32.274189,89061648.0
2012,2019,3,2019-03-01,0.196228,0.031313,0.020861,6,6,1.0,24.990247,73511224.0
2012,2019,4,2019-04-01,0.309866,0.027172,0.032158,6,6,1.0,34.113887,74389486.0
2012,2019,5,2019-05-01,0.359541,0.033764,0.039192,6,6,1.0,25.117663,73985614.0
2012,2019,6,2019-06-01,0.866348,0.033201,0.040246,6,6,1.0,28.468516,76811205.0
2012,2019,7,2019-07-01,0.812159,0.032121,0.03024,6,6,1.0,33.740593,76826548.0
2012,2019,8,2019-08-01,0.642645,0.02973,0.047097,6,6,1.0,36.137369,95194713.0
2012,2019,9,2019-09-01,0.429069,0.029237,0.035371,6,6,1.0,30.207481,91974497.0
2012,2020,3,2020-03-01,0.127909,0.029456,0.036442,6,6,1.0,29.664183,94604585.0
2012,2020,4,2020-04-01,0.195599,0.033891,0.052142,6,6,1.0,24.653004,96808107.0
2012,2020,5,2020-05-01,0.395224,0.028751,0.05411,6,6,1.0,36.212013,93035456.0
2012,2020,6,2020-06-01,0.924521,0.028203,0.059653,6,6,1.0,39.222779,96006563.0
2012,2020,7,2020-07-01,0.82516,0.032758,0.037528,6,6,1.0,34.122589,99686529.0
2012,2020,8,2020-08-01,0.755027,0.02829,0.043133,6,6,1.0,40.418452,97684078.0
2012,2020,9,2020-09-01,0.465966,0.030534,0.02776,6,6,1.0,27.094552,91237630.0
2012,2021,3,2021-03-01,0.202717,0.032205,0.033743,6,6,1.0,23.747757,94409616.0
2012,2021,4,2021-04-01,0.345397,0.031463,0.035543,6,6,1.0,29.521954,98410821.0
2012,2021,5,2021-05-01,0.341032,0.032705,0.06279,6,6,1.0,26.666565,91970868.0
2012,2021,6,2021-06-01,0.951522,0.031428,0.030436,6,6,1.0,37.297774,95947119.0
2012,2021,7,2021-07-01,0.996236,0.028789,0.033094,6,6,1.0,43.335141,101406324.0
2012,2021,8,2021-08-01,0.626518,0.032355,0.042035,6,6,1.0,31.59303,97445628.0
2012,2021,9,2021-09-01,0.559471,0.032497,0.050061,6,6,1.0,21.909969,90094126.0
2012,2022,3,2022-03-01,0.228971,0.028268,0.042051,6,6,1.0,32.943912,95748274.0
2012,2022,4,2022-04-01,0.418743,0.034362,0.03639,6,6,1.0,27.521574,97595138.0
2012,2022,5,2022-05-01,0.394704,0.032225,0.031284,6,6,1.0,27.76644,92699999.0
2012,2022,6,2022-06-01,0.976878,0.033111,0.04505,6,6,1.0,29.686191,95901303.0
2012,2022,7,2022-07-01,1.023095,0.033145,0.041992,6,6,1.0,30.421052,102035161.0
2012,2022,8,2022-08-01,0.819158,0.02781,0.033173,6,6,1.0,38.643251,98258702.0
2012,2022,9,2022-09-01,0.539359,0.032486,0.0591,6,6,1.0,28.580081,88902747.0
2012,2023,3,2023-03-01,0.159324,0.030966,0.027151,6,6,1.0,24.213325,93671913.0
2012,2023,4,2023-04-01,0.347862,0.028478,0.051563,6,6,1.0,37.778324,98665163.0
2012,2023,5,2023-05-01,0.56246,0.030113,0.02672,6,6,1.0,32.302624,95301562.0
2012,2023,6,2023-06-01,0.930079,0.030453,0.048683,6,6,1.0,38.284222,96444568.0
2012,2023,7,2023-07-01,0.808183,0.032981,0.039965,6,6,1.0,33.519643,101753881.0
2012,2023,8,2023-08-01,0.750648,0.032913,0.039865,6,6,1.0,28.961806,96968132.0
2012,2023,9,2023-09-01,0.447591,0.029096,0.035904,6,6,1.0,27.376656,90239324.0
2012,2024,3,2024-03-01,0.211687,0.033263,0.011751,6,6,1.0,21.634304,86372445.0
2012,2024,4,2024-04-01,0.225832,0.035452,0.028121,6,6,1.0,22.003624,95332509.0
2012,2024,5,2024-05-01,0.535015,0.024451,0.029908,6,6,1.0,46.821025,89883638.0
2012,2024,6,2024-06-01,0.912724,0.03387,0.053354,6,6,1.0,28.32488,84217408.0
2012,2024,7,2024-07-01,0.876905,0.037234,0.047846,6,6,1.0,24.626095,95425695.0
2012,2024,8,2024-08-01,0.700956,0.030229,0.052427,6,6,1.0,33.915812,91425313.0
2012,2024,9,2024-09-01,0.542098,0.026402,0.023231,6,6,1.0,35.719625,85979995.0
2012,2025,3,2025-03-01,0.229982,0.028931,0.013285,6,6,1.0,32.494768,87368194.0
2012,2025,4,2025-04-01,0.299668,0.026016,0.019811,6,6,1.0,36.154502,96861891.0
2012,2025,5,2025-05-01,0.471788,0.033752,0.038602,6,6,1.0,25.248524,89188846.0
2012,2025,6,2025-06-01,0.874449,0.04195,0.030179,6,6,1.0,20.185188,91704495.0
2012,2025,7,2025-07-01,0.986156,0.029643,0.069889,6,6,1.0,39.731705,94751856.0
2012,2025,8,2025-08-01,0.81399,0.029077,0.046337,6,6,1.0,37.470468,94948426.0
2012,2025,9,2025-09-01,0.497262,0.025855,0.048121,6,6,1.0,34.625537,89061648.0
2022,2019,3,2019-03-01,0.182852,0.032608,0.045086,6,6,1.0,24.228311,73511224.0
2022,2019,4,2019-04-01,0.244369,0.027893,0.024422,6,6,1.0,36.118031,74389486.0
2022,2019,5,2019-05-01,0.318676,0.034217,0.073814,6,6,1.0,26.936041,73985614.0
2022,2019,6,2019-06-01,0.835178,0.031978,0.024146,6,6,1.0,34.300407,76811205.0
2022,2019,7,2019-07-01,0.879982,0.03506,0.038269,6,6,1.0,27.01994,76826548.0
2022,2019,8,2019-08-01,0.606143,0.029947,0.040294,6,6,1.0,37.194302,95194713.0
2022,2019,9,2019-09-01,0.459279,0.029459,0.043757,6,6,1.0,30.920896,91974497.0
2022,2020,3,2020-03-01,0.035707,0.029936,0.020463,6,6,1.0,24.382401,94604585.0
2022,2020,4,2020-04-01,0.194423,0.032901,0.022105,6,6,1.0,27.226402,96808107.0
2022,2020,5,2020-05-01,0.343934,0.027368,0.050059,6,6,1.0,37.53265,93035456.0
2022,2020,6,2020-06-01,0.899808,0.02952,0.041553,6,6,1.0,39.218819,96006563.0
2022,2020,7,2020-07-01,0.838672,0.033803,0.087665,6,6,1.0,31.26788,99686529.0
2022,2020,8,2020-08-01,0.709716,0.030538,0.054122,6,6,1.0,36.432859,97684078.0
2022,2020,9,2020-09-01,0.481294,0.029134,0.021868,6,6,1.0,28.182428,91237630.0
2022,2021,3,2021-03-01,0.217669,0.031903,0.021507,6,6,1.0,28.878393,94409616.0
2022,2021,4,2021-04-01,0.254565,0.031069,0.024741,6,6,1.0,29.150542,98410821.0
2022,2021,5,2021-05-01,0.36978,0.032506,0.048309,6,6,1.0,29.166216,91970868.0
2022,2021,6,2021-06-01,0.956941,0.029446,0.047444,6,6,1.0,40.908893,95947119.0
2022,2021,7,2021-07-01,0.949231,0.030483,0.03371,6,6,1.0,37.984614,101406324.0
2022,2021,8,2021-08-01,0.547116,0.032516,0.057618,6,6,1.0,29.752422,97445628.0
2022,2021,9,2021-09-01,0.427264,0.035275,0.041236,6,6,1.0,18.947296,90094126.0
2022,2022,3,2022-03-01,0.217201,0.027705,0.054814,6,6,1.0,38.913464,95748274.0
2022,2022,4,2022-04-01,0.434856,0.036037,0.054775,6,6,1.0,22.956635,97595138.0
2022,2022,5,2022-05-01,0.387944,0.033807,0.044385,6,6,1.0,23.947743,92699999.0
2022,2022,6,2022-06-01,0.932653,0.034735,0.03547,6,6,1.0,30.800949,95901303.0
2022,2022,7,2022-07-01,1.030919,0.034399,0.045723,6,6,1.0,32.430838,102035161.0
2022,2022,8,2022-08-01,0.822893,0.028705,0.026854,6,6,1.0,37.329256,98258702.0
2022,2022,9,2022-09-01,0.44272,0.037771,0.070987,6,6,1.0,17.602132,88902747.0
2022,2023,3,2023-03-01,0.179109,0.035164,0.035007,6,6,1.0,22.464958,93671913.0
2022,2023,4,2023-04-01,0.343915,0.028559,0.037483,6,6,1.0,41.460235,98665163.0
2022,2023,5,2023-05-01,0.546699,0.028913,0.034229,6,6,1.0,35.414711,95301562.0
2022,2023,6,2023-06-01,0.909618,0.030557,0.051097,6,6,1.0,38.810376,96444568.0
2022,2023,7,2023-07-01,0.843536,0.036617,0.061344,6,6,1.0,27.358439,101753881.0
2022,2023,8,2023-08-01,0.681935,0.031766,0.044608,6,6,1.0,33.38902,96968132.0
2022,2023,9,2023-09-01,0.488639,0.030146,0.037461,6,6,1.0,28.519443,90239324.0
2022,2024,3,2024-03-01,0.188973,0.036839,0.05527,6,6,1.0,20.464655,86372445.0
2022,2024,4,2024-04-01,0.210882,0.037816,0.030793,6,6,1.0,20.169161,95332509.0
2022,2024,5,2024-05-01,0.503913,0.024633,0.033703,6,6,1.0,45.589164,89883638.0
2022,2024,6,2024-06-01,0.94642,0.03206,0.049343,6,6,1.0,35.396954,84217408.0
2022,2024,7,2024-07-01,0.942198,0.035302,0.051724,6,6,1.0,29.045445,95425695.0
2022,2024,8,2024-08-01,0.740392,0.0309,0.027596,6,6,1.0,30.798444,91425313.0
2022,2024,9,2024-09-01,0.504103,0.026785,0.034662,6,6,1.0,31.727455,85979995.0
2022,2025,3,2025-03-01,0.214859,0.028077,0.023166,6,6,1.0,36.53901,87368194.0
2022,2025,4,2025-04-01,0.287888,0.027521,0.01117,6,6,1.0,34.719249,96861891.0
2022,2025,5,2025-05-01,0.376123,0.036866,0.037881,6,6,1.0,20.583698,89188846.0
2022,2025,6,2025-06-01,0.829651,0.038729,0.075052,6,6,1.0,25.895159,91704495.0
2022,2025,7,2025-07-01,0.984593,0.028956,0.049739,6,6,1.0,43.537548,94751856.0
2022,2025,8,2025-08-01,0.811166,0.03028,0.019071,6,6,1.0,35.060244,94948426.0
2022,2025,9,2025-09-01,0.492052,0.025955,0.022603,6,6,1.0,37.053565,89061648.0
2041,2019,3,2019-03-01,0.090605,0.03177,0.06106,9,9,1.0,20.113414,73511224.0
2041,2019,4,2019-04-01,0.265427,0.025348,0.033506,9,9,1.0,35.332108,74389486.0
2041,2019,5,2019-05-01,0.291662,0.028934,0.025485,9,9,1.0,24.714893,73985614.0
2041,2019,6,2019-06-01,0.982117,0.027095,0.092113,9,9,1.0,36.416665,76811205.0
2041,2019,7,2019-07-01,0.906183,0.033669,0.094168,9,9,1.0,25.740778,76826548.0
2041,2019,8,2019-08-01,0.636959,0.028333,0.088239,9,9,1.0,32.800824,95194713.0
2041,2019,9,2019-09-01,0.428735,0.02642,0.051893,9,9,1.0,24.293236,91974497.0
2041,2020,3,2020-03-01,0.10671,0.024965,0.013962,9,9,1.0,33.028049,94604585.0
2041,2020,4,2020-04-01,0.201601,0.032215,0.037168,9,9,1.0,22.626466,96808107.0
2041,2020,5,2020-05-01,0.327348,0.026229,0.075519,9,9,1.0,35.109395,93035456.0
2041,2020,6,2020-06-01,0.99906,0.027075,0.049382,9,9,1.0,38.804506,96006563.0
2041,2020,7,2020-07-01,1.011922,0.030588,0.082095,9,9,1.0,32.091659,99686529.0
2041,2020,8,2020-08-01,0.732286,0.027567,0.076269,9,9,1.0,32.379244,97684078.0
2041,2020,9,2020-09-01,0.42916,0.023905,0.068552,9,9,1.0,34.198761,91237630.0
2041,2021,3,2021-03-01,0.123598,0.025733,0.036011,9,9,1.0,32.184358,94409616.0
2041,2021,4,2021-04-01,0.235623,0.026878,0.024923,9,9,1.0,32.914159,98410821.0
2041,2021,5,2021-05-01,0.399517,0.028755,0.044877,9,9,1.0,29.295887,91970868.0
2041,2021,6,2021-06-01,1.041982,0.024845,0.079637,9,9,1.0,45.64451,95947119.0
2041,2021,7,2021-07-01,1.032977,0.025004,0.075136,9,9,1.0,43.565532,101406324.0
2041,2021,8,2021-08-01,0.622303,0.029531,0.039649,9,9,1.0,28.482974,97445628.0
2041,2021,9,2021-09-01,0.441823,0.029675,0.064744,9,9,1.0,22.16961,90094126.0
2041,2022,3,2022-03-01,0.197743,0.022965,0.027628,9,9,1.0,40.159798,95748274.0
2041,2022,4,2022-04-01,0.334207,0.031133,0.031316,9,9,1.0,25.97912,97595138.0
2041,2022,5,2022-05-01,0.331708,0.028014,0.043641,9,9,1.0,28.337975,92699999.0
2041,2022,6,2022-06-01,1.022865,0.029722,0.036958,9,9,1.0,31.264211,95901303.0
2041,2022,7,2022-07-01,1.002956,0.030912,0.094258,9,9,1.0,30.541959,102035161.0
2041,2022,8,2022-08-01,0.888583,0.026175,0.089898,9,9,1.0,33.91611,98258702.0
2041,2022,9,2022-09-01,0.439406,0.034417,0.058674,9,9,1.0,18.282361,88902747.0
2041,2023,3,2023-03-01,0.075501,0.029509,0.044891,9,9,1.0,24.111248,93671913.0
2041,2023,4,2023-04-01,0.315794,0.025773,0.05833,9,9,1.0,36.852572,98665163.0
2041,2023,5,2023-05-01,0.552966,0.026402,0.073112,9,9,1.0,35.988355,95301562.0
2041,2023,6,2023-06-01,1.049185,0.027635,0.067819,9,9,1.0,37.03579,96444568.0
2041,2023,7,2023-07-01,0.980969,0.033933,0.049212,9,9,1.0,27.220916,101753881.0
2041,2023,8,2023-08-01,0.784643,0.026481,0.085999,9,9,1.0,33.59981,96968132.0
2041,2023,9,2023-09-01,0.437052,0.030167,0.07523,9,9,1.0,22.245623,90239324.0
2041,2024,3,2024-03-01,0.176844,0.034402,0.058472,9,9,1.0,17.743027,86372445.0
2041,2024,4,2024-04-01,0.239347,0.036845,0.036404,9,9,1.0,19.770004,95332509.0
2041,2024,5,2024-05-01,0.632544,0.026835,0.035602,9,9,1.0,29.275023,89883638.0
2041,2024,6,2024-06-01,1.034702,0.031592,0.075517,9,9,1.0,28.272127,84217408.0
2041,2024,7,2024-07-01,1.04519,0.02956,0.067401,9,9,1.0,32.855054,95425695.0
2041,2024,8,2024-08-01,0.743609,0.026106,0.021228,9,9,1.0,34.976809,91425313.0
2041,2024,9,2024-09-01,0.490193,0.022363,0.030072,9,9,1.0,36.721564,85979995.0
2041,2025,3,2025-03-01,0.188786,0.028532,0.026689,9,9,1.0,29.126548,87368194.0
2041,2025,4,2025-04-01,0.237204,0.024649,0.031672,9,9,1.0,33.283936,96861891.0
2041,2025,5,2025-05-01,0.37562,0.030713,0.073564,9,9,1.0,22.860336,89188846.0
2041,2025,6,2025-06-01,0.871223,0.032874,0.123359,9,9,1.0,25.395049,91704495.0
2041,2025,7,2025-07-01,1.042362,0.025154,0.055268,9,9,1.0,40.281111,94751856.0
2041,2025,8,2025-08-01,0.744404,0.026859,0.047542,9,9,1.0,32.262868,94948426.0
2041,2025,9,2025-09-01,0.532599,0.024139,0.039211,9,9,1.0,29.530457,89061648.0
2062,2019,3,2019-03-01,0.093248,0.035253,0.060123,9,9,1.0,18.346573,73511224.0
2062,2019,4,2019-04-01,0.164861,0.024379,0.026417,9,9,1.0,38.955425,74389486.0
2062,2019,5,2019-05-01,0.314387,0.029854,0.040199,9,9,1.0,33.299749,73985614.0
2062,2019,6,2019-06-01,0.894502,0.029657,0.084359,9,9,1.0,38.223336,76811205.0
2062,2019,7,2019-07-01,0.906378,0.027888,0.091886,9,9,1.0,42.429519,76826548.0
2062,2019,8,2019-08-01,0.622123,0.028969,0.054935,9,9,1.0,32.352054,95194713.0
2062,2019,9,2019-09-01,0.396976,0.026113,0.028504,9,9,1.0,33.961523,91974497.0
2062,2020,3,2020-03-01,0.013669,0.027064,0.045804,9,9,1.0,27.974987,94604585.0
2062,2020,4,2020-04-01,0.105687,0.027638,0.054586,9,9,1.0,33.13992,96808107.0
2062,2020,5,2020-05-01,0.216821,0.026184,0.037891,9,9,1.0,38.566373,93035456.0
2062,2020,6,2020-06-01,0.892438,0.027696,0.068928,9,9,1.0,40.222313,96006563.0
2062,2020,7,2020-07-01,0.858619,0.035903,0.076399,9,9,1.0,27.226491,99686529.0
2062,2020,8,2020-08-01,0.797494,0.027826,0.055784,9,9,1.0,36.393793,97684078.0
2062,2020,9,2020-09-01,0.468453,0.027046,0.039801,9,9,1.0,32.29637,91237630.0
2062,2021,3,2021-03-01,0.175649,0.030439,0.056194,9,9,1.0,26.291812,94409616.0
2062,2021,4,2021-04-01,0.161257,0.025048,0.018931,9,9,1.0,36.910829,98410821.0
2062,2021,5,2021-05-01,0.314323,0.027491,0.05052,9,9,1.0,34.956658,91970868.0
2062,2021,6,2021-06-01,0.923698,0.028563,0.066823,9,9,1.0,41.711816,95947119.0
2062,2021,7,2021-07-01,1.079021,0.028054,0.062521,9,9,1.0,42.189203,101406324.0
2062,2021,8,2021-08-01,0.639726,0.029494,0.072004,9,9,1.0,33.450037,97445628.0
2062,2021,9,2021-09-01,0.453173,0.029555,0.055611,9,9,1.0,26.334816,90094126.0
2062,2022,3,2022-03-01,0.101721,0.030646,0.083414,9,9,1.0,27.60147,95748274.0
2062,2022,4,2022-04-01,0.257862,0.030134,0.054135,9,9,1.0,32.920516,97595138.0
2062,2022,5,2022-05-01,0.300651,0.026006,0.039355,9,9,1.0,36.351302,92699999.0
2062,2022,6,2022-06-01,0.933539,0.031021,0.085885,9,9,1.0,34.483605,95901303.0
2062,2022,7,2022-07-01,1.103475,0.03357,0.067404,9,9,1.0,29.040275,102035161.0
2062,2022,8,2022-08-01,0.812511,0.026302,0.046935,9,9,1.0,43.600445,98258702.0
2062,2022,9,2022-09-01,0.426742,0.02778,0.021575,9,9,1.0,30.162687,88902747.0
2062,2023,3,2023-03-01,0.056639,0.035535,0.095839,9,9,1.0,20.602823,93671913.0
2062,2023,4,2023-04-01,0.17397,0.026562,0.048968,9,9,1.0,40.15587,98665163.0
2062,2023,5,2023-05-01,0.379218,0.024693,0.023746,9,9,1.0,41.069982,95301562.0
2062,2023,6,2023-06-01,0.885648,0.027759,0.07575,9,9,1.0,40.108658,96444568.0
2062,2023,7,2023-07-01,0.930176,0.037449,0.055404,9,9,1.0,25.499283,101753881.0
2062,2023,8,2023-08-01,0.784287,0.032538,0.026179,9,9,1.0,26.928204,96968132.0
2062,2023,9,2023-09-01,0.493096,0.029794,0.04391,9,9,1.0,23.77815,90239324.0
2062,2024,3,2024-03-01,0.157479,0.032538,0.035147,9,9,1.0,24.097663,86372445.0
2062,2024,4,2024-04-01,0.0482,0.030979,0.051955,9,9,1.0,26.49406,95332509.0
2062,2024,5,2024-05-01,0.494064,0.023497,0.030844,9,9,1.0,47.079654,89883638.0
2062,2024,6,2024-06-01,1.054943,0.033155,0.065128,9,9,1.0,31.3856,84217408.0
2062,2024,7,2024-07-01,1.077874,0.038198,0.072152,9,9,1.0,25.812684,95425695.0
2062,2024,8,2024-08-01,0.657387,0.030319,0.035557,9,9,1.0,29.966194,91425313.0
2062,2024,9,2024-09-01,0.525105,0.023641,0.038485,9,9,1.0,38.873273,85979995.0
2062,2025,3,2025-03-01,0.174837,0.027296,0.023019,9,9,1.0,29.000406,87368194.0
2062,2025,4,2025-04-01,0.235872,0.026574,0.057977,9,9,1.0,32.194448,96861891.0
2062,2025,5,2025-05-01,0.356348,0.030036,0.046545,9,9,1.0,31.234267,89188846.0
2062,2025,6,2025-06-01,0.805831,0.03573,0.085655,9,9,1.0,28.306558,91704495.0
2062,2025,7,2025-07-01,1.134555,0.027241,0.088137,9,9,1.0,44.276301,94751856.0
2062,2025,8,2025-08-01,0.837926,0.029421,0.053641,9,9,1.0,34.336919,94948426.0
2062,2025,9,2025-09-01,0.491893,0.024423,0.032063,9,9,1.0,35.477577,89061648.0
2107,2019,3,2019-03-01,0.075421,0.034505,0.06384,9,9,1.0,24.06824,73511224.0
2107,2019,4,2019-04-01,0.241618,0.027876,0.033089,9,9,1.0,37.37323,74389486.0
2107,2019,5,2019-05-01,0.315846,0.031106,0.036014,9,9,1.0,23.638226,73985614.0
2107,2019,6,2019-06-01,0.856623,0.029284,0.059742,9,9,1.0,37.352599,76811205.0
2107,2019,7,2019-07-01,0.785862,0.035787,0.089645,9,9,1.0,26.096306,76826548.0
2107,2019,8,2019-08-01,0.583025,0.029891,0.066777,9,9,1.0,33.680655,95194713.0
2107,2019,9,2019-09-01,0.377475,0.028637,0.043131,9,9,1.0,26.188495,91974497.0
2107,2020,3,2020-03-01,0.098711,0.027568,0.033008,9,9,1.0,31.727166,94604585.0
2107,2020,4,2020-04-01,0.159146,0.037711,0.089999,9,9,1.0,19.438084,96808107.0
2107,2020,5,2020-05-01,0.330717,0.027351,0.049994,9,9,1.0,35.426855,93035456.0
2107,2020,6,2020-06-01,0.957173,0.029421,0.043099,9,9,1.0,37.165512,96006563.0
2107,2020,7,2020-07-01,0.882678,0.033187,0.071917,9,9,1.0,30.754964,99686529.0
2107,2020,8,2020-08-01,0.674422,0.028935,0.034866,9,9,1.0,34.714074,97684078.0
2107,2020,9,2020-09-01,0.389482,0.025382,0.049598,9,9,1.0,33.562358,91237630.0
2107,2021,3,2021-03-01,0.074021,0.028037,0.035348,9,9,1.0,33.674168,94409616.0
2107,2021,4,2021-04-01,0.240309,0.030155,0.032876,9,9,1.0,31.730901,98410821.0
2107,2021,5,2021-05-01,0.393209,0.030477,0.069423,9,9,1.0,29.214538,91970868.0
2107,2021,6,2021-06-01,0.952643,0.025845,0.063995,9,9,1.0,47.177617,95947119.0
2107,2021,7,2021-07-01,0.942089,0.026758,0.059411,9,9,1.0,46.323951,101406324.0
2107,2021,8,2021-08-01,0.582794,0.030122,0.036736,9,9,1.0,31.110176,97445628.0
2107,2021,9,2021-09-01,0.399471,0.031902,0.04161,9,9,1.0,23.308945,90094126.0
2107,2022,3,2022-03-01,0.171162,0.026014,0.040714,9,9,1.0,40.295936,95748274.0
2107,2022,4,2022-04-01,0.287272,0.034309,0.044359,9,9,1.0,25.859836,97595138.0
2107,2022,5,2022-05-01,0.323991,0.032271,0.045967,9,9,1.0,26.323899,92699999.0
2107,2022,6,2022-06-01,0.915238,0.03306,0.06935,9,9,1.0,29.009477,95901303.0
2107,2022,7,2022-07-01,0.88834,0.033587,0.075855,9,9,1.0,29.112465,102035161.0
2107,2022,8,2022-08-01,0.775742,0.028173,0.050676,9,9,1.0,34.746296,98258702.0
2107,2022,9,2022-09-01,0.436214,0.038737,0.060202,9,9,1.0,17.519375,88902747.0
2107,2023,3,2023-03-01,0.04935,0.032852,0.035561,9,9,1.0,24.782371,93671913.0
2107,2023,4,2023-04-01,0.307182,0.029326,0.050063,9,9,1.0,37.499534,98665163.0
2107,2023,5,2023-05-01,0.485432,0.028702,0.050014,9,9,1.0,37.908977,95301562.0
2107,2023,6,2023-06-01,0.960131,0.029361,0.0854,9,9,1.0,37.097183,96444568.0
2107,2023,7,2023-07-01,0.875777,0.0368,0.097499,9,9,1.0,26.266471,101753881.0
2107,2023,8,2023-08-01,0.640409,0.028462,0.067365,9,9,1.0,35.451227,96968132.0
2107,2023,9,2023-09-01,0.46393,0.034553,0.052951,9,9,1.0,19.988317,90239324.0
2107,2024,3,2024-03-01,0.096266,0.038214,0.041727,9,9,1.0,18.07574,86372445.0
2107,2024,4,2024-04-01,0.253074,0.040687,0.043154,9,9,1.0,20.179508,95332509.0
2107,2024,5,2024-05-01,0.599713,0.027411,0.043508,9,9,1.0,31.750769,89883638.0
2107,2024,6,2024-06-01,0.892075,0.034406,0.083144,9,9,1.0,29.027218,84217408.0
2107,2024,7,2024-07-01,0.988307,0.031435,0.049753,9,9,1.0,34.164868,95425695.0
2107,2024,8,2024-08-01,0.737483,0.029078,0.055581,9,9,1.0,32.191672,91425313.0
2107,2024,9,2024-09-01,0.447088,0.024434,0.040304,9,9,1.0,36.718932,85979995.0
2107,2025,3,2025-03-01,0.188283,0.030627,0.046807,9,9,1.0,30.632504,87368194.0
2107,2025,4,2025-04-01,0.211392,0.028117,0.021325,9,9,1.0,32.961607,96861891.0
2107,2025,5,2025-05-01,0.260802,0.032282,0.038682,9,9,1.0,24.264287,89188846.0
2107,2025,6,2025-06-01,0.722539,0.035108,0.061196,9,9,1.0,25.008366,91704495.0
2107,2025,7,2025-07-01,0.945279,0.027214,0.053541,9,9,1.0,40.195011,94751856.0
2107,2025,8,2025-08-01,0.75586,0.029353,0.025519,9,9,1.0,32.273434,94948426.0
2107,2025,9,2025-09-01,0.463432,0.026923,0.049686,9,9,1.0,27.334262,89061648.0
2144,2019,3,2019-03-01,0.125844,0.026692,0.023739,9,9,1.0,29.002482,73511224.0
2144,2019,4,2019-04-01,0.2172,0.024952,0.047819,9,9,1.0,37.747438,74389486.0
2144,2019,5,2019-05-01,0.320822,0.032245,0.028512,9,9,1.0,21.771656,73985614.0
2144,2019,6,2019-06-01,0.705166,0.028237,0.056232,9,9,1.0,33.254823,76811205.0
2144,2019,7,2019-07-01,0.758586,0.02789,0.036768,9,9,1.0,34.572164,76826548.0
2144,2019,8,2019-08-01,0.580229,0.02636,0.073072,9,9,1.0,37.518509,95194713.0
2144,2019,9,2019-09-01,0.383683,0.025415,0.02285,9,9,1.0,30.677063,91974497.0
2144,2020,3,2020-03-01,0.096461,0.026214,0.055717,9,9,1.0,30.863396,94604585.0
2144,2020,4,2020-04-01,0.18815,0.032112,0.103404,9,9,1.0,21.640287,96808107.0
2144,2020,5,2020-05-01,0.206649,0.026664,0.09056,9,9,1.0,33.305718,93035456.0
2144,2020,6,2020-06-01,0.843154,0.024634,0.066947,9,9,1.0,42.385022,96006563.0
2144,2020,7,2020-07-01,0.779509,0.027917,0.062682,9,9,1.0,35.422672,99686529.0
2144,2020,8,2020-08-01,0.685455,0.02427,0.057082,9,9,1.0,37.974171,97684078.0
2144,2020,9,2020-09-01,0.425508,0.026337,0.050651,9,9,1.0,28.925877,91237630.0
2144,2021,3,2021-03-01,0.185977,0.028709,0.023922,9,9,1.0,25.335629,94409616.0
2144,2021,4,2021-04-01,0.295783,0.028739,0.04792,9,9,1.0,29.650276,98410821.0
2144,2021,5,2021-05-01,0.363222,0.030875,0.029496,9,9,1.0,24.271242,91970868.0
2144,2021,6,2021-06-01,0.812202,0.026464,0.087113,9,9,1.0,37.552811,95947119.0
2144,2021,7,2021-07-01,0.944425,0.025097,0.050241,9,9,1.0,44.585604,101406324.0
2144,2021,8,2021-08-01,0.56962,0.029047,0.038404,9,9,1.0,30.015516,97445628.0
2144,2021,9,2021-09-01,0.451656,0.028226,0.029365,9,9,1.0,24.191399,90094126.0
2144,2022,3,2022-03-01,0.182659,0.024845,0.055799,9,9,1.0,33.856414,95748274.0
2144,2022,4,2022-04-01,0.323935,0.031041,0.053668,9,9,1.0,27.213612,97595138.0
2144,2022,5,2022-05-01,0.334302,0.028715,0.054194,9,9,1.0,28.986697,92699999.0
2144,2022,6,2022-06-01,0.939763,0.030416,0.087263,9,9,1.0,28.134399,95901303.0
2144,2022,7,2022-07-01,0.91142,0.028933,0.082841,9,9,1.0,33.359357,102035161.0
2144,2022,8,2022-08-01,0.744473,0.024313,0.051581,9,9,1.0,38.367187,98258702.0
2144,2022,9,2022-09-01,0.531776,0.030519,0.044723,9,9,1.0,24.140146,88902747.0
2144,2023,3,2023-03-01,0.056195,0.026909,0.05004,9,9,1.0,27.187888,93671913.0
2144,2023,4,2023-04-01,0.302903,0.026243,0.06188,9,9,1.0,38.566665,98665163.0
2144,2023,5,2023-05-01,0.509051,0.025826,0.049906,9,9,1.0,33.807415,95301562.0
2144,2023,6,2023-06-01,0.878322,0.027165,0.044676,9,9,1.0,36.227099,96444568.0
2144,2023,7,2023-07-01,0.783491,0.029796,0.046164,9,9,1.0,32.448348,101753881.0
2144,2023,8,2023-08-01,0.7239,0.028277,0.050474,9,9,1.0,29.858448,96968132.0
2144,2023,9,2023-09-01,0.428986,0.025061,0.03305,9,9,1.0,26.674893,90239324.0
2144,2024,3,2024-03-01,0.230209,0.028977,0.024163,9,9,1.0,24.294746,86372445.0
2144,2024,4,2024-04-01,0.186119,0.031708,0.048323,9,9,1.0,24.297118,95332509.0
2144,2024,5,2024-05-01,0.525156,0.021875,0.037159,9,9,1.0,46.008159,89883638.0
2144,2024,6,2024-06-01,0.873915,0.030194,0.076332,9,9,1.0,25.78088,84217408.0
2144,2024,7,2024-07-01,0.897772,0.03307,0.064548,9,9,1.0,25.587391,95425695.0
2144,2024,8,2024-08-01,0.696749,0.027178,0.045646,9,9,1.0,31.545808,91425313.0
2144,2024,9,2024-09-01,0.500217,0.023228,0.035467,9,9,1.0,35.911819,85979995.0
2144,2025,3,2025-03-01,0.177038,0.025078,0.041665,9,9,1.0,37.276666,87368194.0
2144,2025,4,2025-04-01,0.277493,0.02277,0.054985,9,9,1.0,37.892965,96861891.0
2144,2025,5,2025-05-01,0.426737,0.029002,0.028558,9,9,1.0,27.15422,89188846.0
2144,2025,6,2025-06-01,0.824632,0.036358,0.046764,9,9,1.0,20.990647,91704495.0
2144,2025,7,2025-07-01,0.985965,0.02582,0.05514,9,9,1.0,41.343401,94751856.0
2144,2025,8,2025-08-01,0.783101,0.026609,0.045613,9,9,1.0,36.951829,94948426.0
2144,2025,9,2025-09-01,0.497429,0.022952,0.035825,9,9,1.0,32.479703,89061648.0
2169,2019,3,2019-03-01,0.180991,0.056243,0.076052,9,9,1.0,6.77867,73511224.0
2169,2019,4,2019-04-01,0.225115,0.035601,0.064865,9,9,1.0,18.867786,74389486.0
2169,2019,5,2019-05-01,0.397386,0.034688,0.056091,9,9,1.0,14.09114,73985614.0
2169,2019,6,2019-06-01,1.048319,0.031174,0.14133,9,9,1.0,22.796559,76811205.0
2169,2019,7,2019-07-01,0.896936,0.040586,0.136666,9,9,1.0,15.629405,76826548.0
2169,2019,8,2019-08-01,0.714221,0.032879,0.055173,9,9,1.0,18.083676,95194713.0
2169,2019,9,2019-09-01,0.296544,0.035528,0.105206,9,9,1.0,14.63581,91974497.0
2169,2020,3,2020-03-01,0.114841,0.036086,0.086687,9,9,1.0,13.12116,94604585.0
2169,2020,4,2020-04-01,0.212323,0.042,0.160563,9,9,1.0,13.127012,96808107.0
2169,2020,5,2020-05-01,0.214443,0.032645,0.039286,9,9,1.0,20.218076,93035456.0
2169,2020,6,2020-06-01,1.093987,0.033229,0.124597,9,9,1.0,21.133224,96006563.0
2169,2020,7,2020-07-01,0.778059,0.038514,0.19543,9,9,1.0,17.761495,99686529.0
2169,2020,8,2020-08-01,0.679201,0.034535,0.145248,9,9,1.0,20.022662,97684078.0
2169,2020,9,2020-09-01,0.450497,0.030751,0.057215,9,9,1.0,20.003264,91237630.0
2169,2021,3,2021-03-01,0.054112,0.040339,0.117423,9,9,1.0,14.81091,94409616.0
2169,2021,4,2021-04-01,0.131711,0.034993,0.098912,9,9,1.0,14.565186,98410821.0
2169,2021,5,2021-05-01,0.344955,0.033603,0.099274,9,9,1.0,17.157849,91970868.0
2169,2021,6,2021-06-01,1.153593,0.031422,0.119193,9,9,1.0,23.586455,95947119.0
2169,2021,7,2021-07-01,0.964142,0.029837,0.148802,9,9,1.0,24.774232,101406324.0
2169,2021,8,2021-08-01,0.625983,0.034988,0.068563,9,9,1.0,19.617833,97445628.0
2169,2021,9,2021-09-01,0.32455,0.037001,0.158185,9,9,1.0,11.730531,90094126.0
2169,2022,3,2022-03-01,0.203574,0.037735,0.122321,9,9,1.0,17.540851,95748274.0
2169,2022,4,2022-04-01,0.279804,0.049633,0.132509,9,9,1.0,12.24658,97595138.0
2169,2022,5,2022-05-01,0.251583,0.030903,0.041282,9,9,1.0,18.289125,92699999.0
2169,2022,6,2022-06-01,1.167279,0.037015,0.0852,9,9,1.0,17.91013,95901303.0
2169,2022,7,2022-07-01,1.03322,0.037863,0.241256,9,9,1.0,18.321423,102035161.0
2169,2022,8,2022-08-01,0.859953,0.033746,0.171541,9,9,1.0,18.225403,98258702.0
2169,2022,9,2022-09-01,0.350324,0.040592,0.115061,9,9,1.0,10.570243,88902747.0
2169,2023,3,2023-03-01,0.159591,0.0494,0.282001,9,9,1.0,9.299687,93671913.0
2169,2023,4,2023-04-01,0.182154,0.036945,0.065292,9,9,1.0,21.656919,98665163.0
2169,2023,5,2023-05-01,0.544955,0.033658,0.180411,9,9,1.0,18.628162,95301562.0
2169,2023,6,2023-06-01,1.006962,0.036288,0.124503,9,9,1.0,19.264514,96444568.0
2169,2023,7,2023-07-01,0.993724,0.036409,0.076127,9,9,1.0,17.903186,101753881.0
2169,2023,8,2023-08-01,0.706698,0.036453,0.09972,9,9,1.0,18.749718,96968132.0
2169,2023,9,2023-09-01,0.511482,0.034151,0.03899,9,9,1.0,13.562369,90239324.0
2169,2024,3,2024-03-01,0.246776,0.047332,0.061602,9,9,1.0,10.840702,86372445.0
2169,2024,4,2024-04-01,0.070704,0.046067,0.074248,9,9,1.0,11.527367,95332509.0
2169,2024,5,2024-05-01,0.549281,0.029439,0.059974,9,9,1.0,18.575007,89883638.0
2169,2024,6,2024-06-01,0.974034,0.033624,0.182412,9,9,1.0,19.36225,84217408.0
2169,2024,7,2024-07-01,0.941432,0.034355,0.175552,9,9,1.0,18.114633,95425695.0
2169,2024,8,2024-08-01,0.642641,0.031304,0.120158,9,9,1.0,19.969701,91425313.0
2169,2024,9,2024-09-01,0.438513,0.026534,0.123853,9,9,1.0,20.162826,85979995.0
2169,2025,3,2025-03-01,0.11191,0.039778,0.087248,9,9,1.0,15.968617,87368194.0
2169,2025,4,2025-04-01,0.162637,0.030065,0.070986,9,9,1.0,17.177267,96861891.0
2169,2025,5,2025-05-01,0.262407,0.036035,0.108004,9,9,1.0,13.208491,89188846.0
2169,2025,6,2025-06-01,0.876627,0.039939,0.134335,9,9,1.0,12.304786,91704495.0
2169,2025,7,2025-07-01,0.992968,0.032419,0.237208,9,9,1.0,20.587352,94751856.0
2169,2025,8,2025-08-01,0.509818,0.034446,0.31492,9,9,1.0,18.556867,94948426.0
2169,2025,9,2025-09-01,0.527611,0.031576,0.037505,9,9,1.0,14.970645,89061648.0
2193,2019,3,2019-03-01,0.166523,0.032921,0.053263,9,9,1.0,17.156017,73511224.0
2193,2019,4,2019-04-01,0.21189,0.022342,0.024672,9,9,1.0,36.394558,74389486.0
2193,2019,5,2019-05-01,0.383936,0.028505,0.038833,9,9,1.0,31.007144,73985614.0
2193,2019,6,2019-06-01,1.119372,0.027558,0.058385,9,9,1.0,38.301282,76811205.0
2193,2019,7,2019-07-01,1.169947,0.026464,0.065722,9,9,1.0,42.819966,76826548.0
2193,2019,8,2019-08-01,0.677267,0.027341,0.026727,9,9,1.0,33.03807,95194713.0
2193,2019,9,2019-09-01,0.408467,0.024477,0.032576,9,9,1.0,34.940272,91974497.0
2193,2020,3,2020-03-01,0.137894,0.02422,0.042965,9,9,1.0,28.447644,94604585.0
2193,2020,4,2020-04-01,0.132395,0.025501,0.043963,9,9,1.0,35.138147,96808107.0
2193,2020,5,2020-05-01,0.297914,0.023544,0.028189,9,9,1.0,41.179431,93035456.0
2193,2020,6,2020-06-01,1.097447,0.025673,0.076811,9,9,1.0,41.054667,96006563.0
2193,2020,7,2020-07-01,1.03739,0.034,0.082131,9,9,1.0,27.187291,99686529.0
2193,2020,8,2020-08-01,0.894423,0.026009,0.0552,9,9,1.0,37.469168,97684078.0
2193,2020,9,2020-09-01,0.497528,0.024195,0.035929,9,9,1.0,35.386497,91237630.0
2193,2021,3,2021-03-01,0.172518,0.026934,0.06546,9,9,1.0,26.628612,94409616.0
2193,2021,4,2021-04-01,0.1963,0.023012,0.030754,9,9,1.0,33.44275,98410821.0
2193,2021,5,2021-05-01,0.348578,0.025399,0.045912,9,9,1.0,35.563536,91970868.0
2193,2021,6,2021-06-01,1.118032,0.02629,0.054601,9,9,1.0,40.768641,95947119.0
2193,2021,7,2021-07-01,1.26171,0.02478,0.039958,9,9,1.0,50.649005,101406324.0
2193,2021,8,2021-08-01,0.741448,0.02667,0.041123,9,9,1.0,34.444998,97445628.0
2193,2021,9,2021-09-01,0.481169,0.027875,0.054176,9,9,1.0,26.135482,90094126.0
2193,2022,3,2022-03-01,0.211337,0.028502,0.057211,9,9,1.0,24.954361,95748274.0
2193,2022,4,2022-04-01,0.244774,0.027796,0.037321,9,9,1.0,30.218681,97595138.0
2193,2022,5,2022-05-01,0.335681,0.023438,0.03283,9,9,1.0,39.330576,92699999.0
2193,2022,6,2022-06-01,1.192163,0.028014,0.062866,9,9,1.0,36.116183,95901303.0
2193,2022,7,2022-07-01,1.21707,0.030541,0.113278,9,9,1.0,32.992539,102035161.0
2193,2022,8,2022-08-01,0.895107,0.02515,0.027398,9,9,1.0,42.085116,98258702.0
2193,2022,9,2022-09-01,0.437581,0.026436,0.043957,9,9,1.0,29.924105,88902747.0
2193,2023,3,2023-03-01,0.175523,0.033511,0.110919,9,9,1.0,20.854088,93671913.0
2193,2023,4,2023-04-01,0.195384,0.024082,0.057213,9,9,1.0,39.519544,98665163.0
2193,2023,5,2023-05-01,0.374918,0.021969,0.02404,9,9,1.0,46.735766,95301562.0
2193,2023,6,2023-06-01,1.015082,0.025737,0.05875,9,9,1.0,40.571768,96444568.0
2193,2023,7,2023-07-01,1.12047,0.032766,0.091007,9,9,1.0,28.360735,101753881.0
2193,2023,8,2023-08-01,0.815072,0.029073,0.048294,9,9,1.0,29.681068,96968132.0
2193,2023,9,2023-09-01,0.502454,0.026961,0.022519,9,9,1.0,26.011829,90239324.0
2193,2024,3,2024-03-01,0.191202,0.029778,0.066998,9,9,1.0,24.974861,86372445.0
2193,2024,4,2024-04-01,0.088264,0.027161,0.031398,9,9,1.0,28.086908,95332509.0
2193,2024,5,2024-05-01,0.551137,0.021262,0.03724,9,9,1.0,47.410094,89883638.0
2193,2024,6,2024-06-01,1.213123,0.029384,0.077329,9,9,1.0,34.846869,84217408.0
2193,2024,7,2024-07-01,1.110399,0.033672,0.057264,9,9,1.0,29.21229,95425695.0
2193,2024,8,2024-08-01,0.658133,0.029002,0.065694,9,9,1.0,29.609426,91425313.0
2193,2024,9,2024-09-01,0.517966,0.022218,0.031799,9,9,1.0,38.375093,85979995.0
2193,2025,3,2025-03-01,0.126199,0.024947,0.031112,9,9,1.0,28.847652,87368194.0
2193,2025,4,2025-04-01,0.269593,0.024044,0.041698,9,9,1.0,32.805589,96861891.0
2193,2025,5,2025-05-01,0.420867,0.027497,0.056905,9,9,1.0,31.641374,89188846.0
2193,2025,6,2025-06-01,0.941238,0.031019,0.04736,9,9,1.0,31.157028,91704495.0
2193,2025,7,2025-07-01,1.355366,0.025472,0.052038,9,9,1.0,45.378197,94751856.0
2193,2025,8,2025-08-01,0.869261,0.026328,0.062541,9,9,1.0,37.695853,94948426.0
2193,2025,9,2025-09-01,0.506343,0.023489,0.041068,9,9,1.0,33.673372,89061648.0
2198,2019,3,2019-03-01,0.112126,0.034905,0.050063,9,9,1.0,19.077822,73511224.0
2198,2019,4,2019-04-01,0.191616,0.023825,0.038536,9,9,1.0,35.69513,74389486.0
2198,2019,5,2019-05-01,0.388002,0.032786,0.052212,9,9,1.0,27.685559,73985614.0
2198,2019,6,2019-06-01,1.252936,0.031479,0.083401,9,9,1.0,33.370452,76811205.0
2198,2019,7,2019-07-01,1.165793,0.029707,0.088473,9,9,1.0,37.208415,76826548.0
2198,2019,8,2019-08-01,0.579462,0.028863,0.050399,9,9,1.0,32.034035,95194713.0
2198,2019,9,2019-09-01,0.358943,0.027601,0.033916,9,9,1.0,31.388256,91974497.0
2198,2020,3,2020-03-01,0.031014,0.026788,0.048108,9,9,1.0,27.908767,94604585.0
2198,2020,4,2020-04-01,0.146435,0.029709,0.051378,9,9,1.0,25.956793,96808107.0
2198,2020,5,2020-05-01,0.321381,0.027532,0.07049,9,9,1.0,35.01639,93035456.0
2198,2020,6,2020-06-01,1.177763,0.028699,0.077703,9,9,1.0,39.730451,96006563.0
2198,2020,7,2020-07-01,1.186529,0.03525,0.097127,9,9,1.0,27.557004,99686529.0
2198,2020,8,2020-08-01,0.987825,0.028141,0.055808,9,9,1.0,37.884809,97684078.0
2198,2020,9,2020-09-01,0.458579,0.026106,0.03874,9,9,1.0,34.924498,91237630.0
2198,2021,3,2021-03-01,0.109642,0.034682,0.100626,9,9,1.0,24.977629,94409616.0
2198,2021,4,2021-04-01,0.147906,0.025679,0.03675,9,9,1.0,30.781828,98410821.0
2198,2021,5,2021-05-01,0.45251,0.028702,0.031671,9,9,1.0,32.095145,91970868.0
2198,2021,6,2021-06-01,1.271349,0.029596,0.066022,9,9,1.0,42.173437,95947119.0
2198,2021,7,2021-07-01,1.320493,0.028219,0.093357,9,9,1.0,44.380003,101406324.0
2198,2021,8,2021-08-01,0.688036,0.030267,0.078579,9,9,1.0,31.336375,97445628.0
2198,2021,9,2021-09-01,0.421012,0.031999,0.062717,9,9,1.0,20.450492,90094126.0
2198,2022,3,2022-03-01,0.147005,0.036223,0.100613,9,9,1.0,21.049252,95748274.0
2198,2022,4,2022-04-01,0.192465,0.02944,0.04646,9,9,1.0,28.913971,97595138.0
2198,2022,5,2022-05-01,0.364878,0.027961,0.028974,9,9,1.0,32.191195,92699999.0
2198,2022,6,2022-06-01,1.381296,0.032361,0.108296,9,9,1.0,34.301554,95901303.0
2198,2022,7,2022-07-01,1.421533,0.034359,0.104255,9,9,1.0,32.938103,102035161.0
2198,2022,8,2022-08-01,0.861637,0.026991,0.037065,9,9,1.0,38.997836,98258702.0
2198,2022,9,2022-09-01,0.507661,0.027976,0.046016,9,9,1.0,30.243851,88902747.0
2198,2023,3,2023-03-01,0.124732,0.042091,0.143438,9,9,1.0,17.531323,93671913.0
2198,2023,4,2023-04-01,0.140652,0.026406,0.044523,9,9,1.0,38.80948,98665163.0
2198,2023,5,2023-05-01,0.440587,0.025536,0.028935,9,9,1.0,40.075453,95301562.0
2198,2023,6,2023-06-01,1.073121,0.029499,0.065942,9,9,1.0,37.899957,96444568.0
2198,2023,7,2023-07-01,1.224583,0.037414,0.122928,9,9,1.0,23.460226,101753881.0
2198,2023,8,2023-08-01,0.931821,0.032287,0.062642,9,9,1.0,27.593416,96968132.0
2198,2023,9,2023-09-01,0.505086,0.027176,0.065359,9,9,1.0,31.596523,90239324.0
2198,2024,3,2024-03-01,0.197665,0.035464,0.058464,9,9,1.0,22.381136,86372445.0
2198,2024,4,2024-04-01,0.105323,0.032545,0.0698,9,9,1.0,18.350731,95332509.0
2198,2024,5,2024-05-01,0.521905,0.023571,0.047363,9,9,1.0,47.929545,89883638.0
2198,2024,6,2024-06-01,1.254239,0.034878,0.069589,9,9,1.0,29.036246,84217408.0
2198,2024,7,2024-07-01,1.331535,0.035256,0.121267,9,9,1.0,26.605854,95425695.0
2198,2024,8,2024-08-01,0.827488,0.02944,0.042232,9,9,1.0,31.721633,91425313.0
2198,2024,9,2024-09-01,0.561276,0.024341,0.037679,9,9,1.0,37.572658,85979995.0
2198,2025,3,2025-03-01,0.107436,0.026995,0.04638,9,9,1.0,29.444006,87368194.0
2198,2025,4,2025-04-01,0.231209,0.024689,0.057481,9,9,1.0,31.459454,96861891.0
2198,2025,5,2025-05-01,0.420891,0.030714,0.066627,9,9,1.0,27.439637,89188846.0
2198,2025,6,2025-06-01,1.122685,0.035834,0.07603,9,9,1.0,27.590124,91704495.0
2198,2025,7,2025-07-01,1.674643,0.029188,0.144553,9,9,1.0,45.065009,94751856.0
2198,2025,8,2025-08-01,1.013647,0.029661,0.075056,9,9,1.0,32.394305,94948426.0
2198,2025,9,2025-09-01,0.518296,0.024923,0.034009,9,9,1.0,34.930599,89061648.0
2231,2019,3,2019-03-01,0.119646,0.030587,0.062996,9,9,1.0,18.678128,73511224.0
2231,2019,4,2019-04-01,0.249257,0.024542,0.048294,9,9,1.0,34.711402,74389486.0
2231,2019,5,2019-05-01,0.37251,0.030631,0.030687,9,9,1.0,22.147409,73985614.0
2231,2019,6,2019-06-01,1.008818,0.025259,0.123472,9,9,1.0,39.336381,76811205.0
2231,2019,7,2019-07-01,0.998954,0.031828,0.228117,9,9,1.0,23.257228,76826548.0
2231,2019,8,2019-08-01,0.682335,0.026095,0.07121,9,9,1.0,32.696434,95194713.0
2231,2019,9,2019-09-01,0.348304,0.024718,0.048349,9,9,1.0,28.437953,91974497.0
2231,2020,3,2020-03-01,0.082615,0.023451,0.050639,9,9,1.0,30.288932,94604585.0
2231,2020,4,2020-04-01,0.221209,0.031734,0.048089,9,9,1.0,23.052148,96808107.0
2231,2020,5,2020-05-01,0.327951,0.02325,0.031223,9,9,1.0,36.9895,93035456.0
2231,2020,6,2020-06-01,1.062724,0.026093,0.113184,9,9,1.0,36.981775,96006563.0
2231,2020,7,2020-07-01,1.049531,0.028879,0.1393,9,9,1.0,31.245788,99686529.0
2231,2020,8,2020-08-01,0.750537,0.025652,0.097449,9,9,1.0,33.645157,97684078.0
2231,2020,9,2020-09-01,0.431096,0.02347,0.064352,9,9,1.0,28.676093,91237630.0
2231,2021,3,2021-03-01,0.156938,0.027683,0.11913,9,9,1.0,26.695396,94409616.0
2231,2021,4,2021-04-01,0.203477,0.02776,0.046827,9,9,1.0,26.044211,98410821.0
2231,2021,5,2021-05-01,0.372713,0.026882,0.056837,9,9,1.0,26.219667,91970868.0
2231,2021,6,2021-06-01,1.050318,0.023866,0.129161,9,9,1.0,42.715345,95947119.0
2231,2021,7,2021-07-01,1.085885,0.024281,0.135784,9,9,1.0,40.573892,101406324.0
2231,2021,8,2021-08-01,0.723289,0.028061,0.061814,9,9,1.0,29.287599,97445628.0
2231,2021,9,2021-09-01,0.4397,0.02917,0.043454,9,9,1.0,18.228276,90094126.0
2231,2022,3,2022-03-01,0.127237,0.02469,0.070696,9,9,1.0,33.007197,95748274.0
2231,2022,4,2022-04-01,0.32779,0.033577,0.108918,9,9,1.0,20.771489,97595138.0
2231,2022,5,2022-05-01,0.33027,0.026502,0.040571,9,9,1.0,30.165361,92699999.0
2231,2022,6,2022-06-01,1.050744,0.028892,0.119939,9,9,1.0,31.363577,95901303.0
2231,2022,7,2022-07-01,1.106519,0.027815,0.155995,9,9,1.0,31.723429,102035161.0
2231,2022,8,2022-08-01,0.890917,0.026301,0.112075,9,9,1.0,30.327564,98258702.0
2231,2022,9,2022-09-01,0.493313,0.031062,0.10011,9,9,1.0,19.944869,88902747.0
2231,2023,3,2023-03-01,0.117782,0.031242,0.111757,9,9,1.0,19.056854,93671913.0
2231,2023,4,2023-04-01,0.322096,0.027687,0.077851,9,9,1.0,33.04849,98665163.0
2231,2023,5,2023-05-01,0.560403,0.023626,0.031282,9,9,1.0,39.522502,95301562.0
2231,2023,6,2023-06-01,1.089,0.02593,0.098806,9,9,1.0,37.257173,96444568.0
2231,2023,7,2023-07-01,0.89079,0.030046,0.120069,9,9,1.0,29.649829,101753881.0
2231,2023,8,2023-08-01,0.786124,0.025939,0.093188,9,9,1.0,31.405278,96968132.0
2231,2023,9,2023-09-01,0.473701,0.028357,0.103399,9,9,1.0,20.31627,90239324.0
2231,2024,3,2024-03-01,0.19131,0.030602,0.059151,9,9,1.0,22.557423,86372445.0
2231,2024,4,2024-04-01,0.219773,0.033209,0.058266,9,9,1.0,22.980502,95332509.0
2231,2024,5,2024-05-01,0.571609,0.024534,0.081114,9,9,1.0,33.156318,89883638.0
2231,2024,6,2024-06-01,1.116301,0.028776,0.148333,9,9,1.0,31.876457,84217408.0
2231,2024,7,2024-07-01,1.062771,0.029334,0.071679,9,9,1.0,31.257499,95425695.0
2231,2024,8,2024-08-01,0.710589,0.026045,0.074849,9,9,1.0,32.642123,91425313.0
2231,2024,9,2024-09-01,0.544736,0.024046,0.041072,9,9,1.0,26.480561,85979995.0
2231,2025,3,2025-03-01,0.177895,0.026443,0.041133,9,9,1.0,32.442424,87368194.0
2231,2025,4,2025-04-01,0.20228,0.024608,0.036011,9,9,1.0,30.160947,96861891.0
2231,2025,5,2025-05-01,0.345488,0.027884,0.062315,9,9,1.0,27.306454,89188846.0
2231,2025,6,2025-06-01,0.815879,0.032265,0.100273,9,9,1.0,22.912675,91704495.0
2231,2025,7,2025-07-01,1.1119,0.025608,0.162245,9,9,1.0,39.282811,94751856.0
2231,2025,8,2025-08-01,0.744362,0.024085,0.117577,9,9,1.0,40.193391,94948426.0
2231,2025,9,2025-09-01,0.495614,0.023685,0.07928,9,9,1.0,29.952765,89061648.0
2241,2019,3,2019-03-01,0.075051,0.032676,0.036701,9,9,1.0,26.166255,73511224.0
2241,2019,4,2019-04-01,0.259799,0.027464,0.041853,9,9,1.0,40.133787,74389486.0
2241,2019,5,2019-05-01,0.223759,0.033475,0.031356,9,9,1.0,24.94432,73985614.0
2241,2019,6,2019-06-01,0.839944,0.029166,0.109293,9,9,1.0,38.204024,76811205.0
2241,2019,7,2019-07-01,0.781063,0.033962,0.132926,9,9,1.0,30.333854,76826548.0
2241,2019,8,2019-08-01,0.568951,0.029545,0.058571,9,9,1.0,35.304435,95194713.0
2241,2019,9,2019-09-01,0.336988,0.028173,0.034153,9,9,1.0,28.562502,91974497.0
2241,2020,3,2020-03-01,0.116474,0.026874,0.044539,9,9,1.0,37.52836,94604585.0
2241,2020,4,2020-04-01,0.175249,0.035131,0.073801,9,9,1.0,26.842818,96808107.0
2241,2020,5,2020-05-01,0.202049,0.027238,0.055867,9,9,1.0,37.590878,93035456.0
2241,2020,6,2020-06-01,0.903862,0.028709,0.12874,9,9,1.0,38.787956,96006563.0
2241,2020,7,2020-07-01,0.855607,0.032555,0.07388,9,9,1.0,32.4186,99686529.0
2241,2020,8,2020-08-01,0.662781,0.030183,0.04842,9,9,1.0,33.59326,97684078.0
2241,2020,9,2020-09-01,0.388501,0.02506,0.056465,9,9,1.0,34.997366,91237630.0
2241,2021,3,2021-03-01,0.108581,0.028716,0.039427,9,9,1.0,36.769753,94409616.0
2241,2021,4,2021-04-01,0.235647,0.030802,0.060129,9,9,1.0,30.585432,98410821.0
2241,2021,5,2021-05-01,0.37206,0.031132,0.071132,9,9,1.0,28.741465,91970868.0
2241,2021,6,2021-06-01,0.968619,0.025576,0.128177,9,9,1.0,47.872027,95947119.0
2241,2021,7,2021-07-01,0.908861,0.026091,0.11692,9,9,1.0,46.903081,101406324.0
2241,2021,8,2021-08-01,0.599426,0.028991,0.083925,9,9,1.0,37.105952,97445628.0
2241,2021,9,2021-09-01,0.418672,0.029342,0.0431,9,9,1.0,26.796992,90094126.0
2241,2022,3,2022-03-01,0.1741,0.026994,0.033435,9,9,1.0,39.821449,95748274.0
2241,2022,4,2022-04-01,0.286075,0.034285,0.035917,9,9,1.0,30.88443,97595138.0
2241,2022,5,2022-05-01,0.29456,0.028384,0.034534,9,9,1.0,31.331162,92699999.0
2241,2022,6,2022-06-01,0.874457,0.03104,0.146252,9,9,1.0,31.919219,95901303.0
2241,2022,7,2022-07-01,0.95101,0.032655,0.097837,9,9,1.0,34.52571,102035161.0
2241,2022,8,2022-08-01,0.747611,0.027527,0.086921,9,9,1.0,38.935544,98258702.0
2241,2022,9,2022-09-01,0.31791,0.032676,0.058476,9,9,1.0,23.739955,88902747.0
2241,2023,3,2023-03-01,0.073256,0.031397,0.062759,9,9,1.0,30.149819,93671913.0
2241,2023,4,2023-04-01,0.35695,0.02994,0.030567,9,9,1.0,40.541123,98665163.0
2241,2023,5,2023-05-01,0.486011,0.027979,0.039557,9,9,1.0,39.874744,95301562.0
2241,2023,6,2023-06-01,0.948503,0.029135,0.077512,9,9,1.0,35.796024,96444568.0
2241,2023,7,2023-07-01,0.795487,0.037285,0.114142,9,9,1.0,23.630387,101753881.0
2241,2023,8,2023-08-01,0.680817,0.029379,0.08025,9,9,1.0,32.062422,96968132.0
2241,2023,9,2023-09-01,0.451127,0.031284,0.069294,9,9,1.0,24.975404,90239324.0
2241,2024,3,2024-03-01,0.153773,0.034704,0.028785,9,9,1.0,21.190233,86372445.0
2241,2024,4,2024-04-01,0.188378,0.041331,0.042179,9,9,1.0,19.565451,95332509.0
2241,2024,5,2024-05-01,0.507369,0.027649,0.054447,9,9,1.0,32.920685,89883638.0
2241,2024,6,2024-06-01,0.911768,0.032384,0.077679,9,9,1.0,33.092013,84217408.0
2241,2024,7,2024-07-01,0.908108,0.031538,0.087545,9,9,1.0,36.238721,95425695.0
2241,2024,8,2024-08-01,0.730332,0.029109,0.072913,9,9,1.0,34.938347,91425313.0
2241,2024,9,2024-09-01,0.465815,0.023355,0.025079,9,9,1.0,39.211553,85979995.0
2241,2025,3,2025-03-01,0.171569,0.030245,0.046707,9,9,1.0,32.346955,87368194.0
2241,2025,4,2025-04-01,0.23819,0.027984,0.019259,9,9,1.0,37.620655,96861891.0
2241,2025,5,2025-05-01,0.292135,0.031067,0.040845,9,9,1.0,27.369416,89188846.0
2241,2025,6,2025-06-01,0.653729,0.034916,0.059524,9,9,1.0,27.64493,91704495.0
2241,2025,7,2025-07-01,0.908169,0.026917,0.111308,9,9,1.0,43.065838,94751856.0
2241,2025,8,2025-08-01,0.773937,0.029473,0.091458,9,9,1.0,31.645612,94948426.0
2241,2025,9,2025-09-01,0.497701,0.025087,0.056672,9,9,1.0,33.681266,89061648.0
2301,2019,3,2019-03-01,0.028883,0.045175,0.049859,6,6,1.0,11.728531,73511224.0
2301,2019,4,2019-04-01,0.219825,0.029091,0.065959,6,6,1.0,28.679575,74389486.0
2301,2019,5,2019-05-01,0.164275,0.033375,0.101038,6,6,1.0,21.034797,73985614.0
2301,2019,6,2019-06-01,0.712487,0.028528,0.133139,6,6,1.0,34.236756,76811205.0
2301,2019,7,2019-07-01,0.668236,0.033223,0.088451,6,6,1.0,25.177645,76826548.0
2301,2019,8,2019-08-01,0.479087,0.029034,0.12258,6,6,1.0,30.605534,95194713.0
2301,2019,9,2019-09-01,0.222617,0.028748,0.071477,6,6,1.0,26.42343,91974497.0
2301,2020,3,2020-03-01,0.011137,0.029377,0.09062,6,6,1.0,22.595139,94604585.0
2301,2020,4,2020-04-01,0.124705,0.039134,0.08802,6,6,1.0,18.303872,96808107.0
2301,2020,5,2020-05-01,0.199757,0.025803,0.020061,6,6,1.0,29.766637,93035456.0
2301,2020,6,2020-06-01,0.70114,0.027507,0.139214,6,6,1.0,33.542715,96006563.0
2301,2020,7,2020-07-01,0.688425,0.030963,0.168134,6,6,1.0,28.16049,99686529.0
2301,2020,8,2020-08-01,0.523244,0.028287,0.13687,6,6,1.0,32.930629,97684078.0
2301,2020,9,2020-09-01,0.35762,0.027264,0.045804,6,6,1.0,29.20067,91237630.0
2301,2021,3,2021-03-01,0.261402,0.035006,0.114845,6,6,1.0,20.730835,94409616.0
2301,2021,4,2021-04-01,0.261389,0.030428,0.042966,6,6,1.0,24.886816,98410821.0
2301,2021,5,2021-05-01,0.243435,0.029476,0.081526,6,6,1.0,24.85048,91970868.0
2301,2021,6,2021-06-01,0.806567,0.025392,0.13889,6,6,1.0,39.523151,95947119.0
2301,2021,7,2021-07-01,0.748263,0.026036,0.184564,6,6,1.0,39.46118,101406324.0
2301,2021,8,2021-08-01,0.563083,0.028419,0.080119,6,6,1.0,31.458413,97445628.0
2301,2021,9,2021-09-01,0.343428,0.031735,0.029787,6,6,1.0,19.463926,90094126.0
2301,2022,3,2022-03-01,0.33478,0.031837,0.098686,6,6,1.0,27.65401,95748274.0
2301,2022,4,2022-04-01,0.317661,0.039233,0.130502,6,6,1.0,19.754926,97595138.0
2301,2022,5,2022-05-01,0.219508,0.028492,0.046606,6,6,1.0,28.649617,92699999.0
2301,2022,6,2022-06-01,0.801589,0.031729,0.139469,6,6,1.0,27.944761,95901303.0
2301,2022,7,2022-07-01,0.779592,0.030121,0.138261,6,6,1.0,29.407293,102035161.0
2301,2022,8,2022-08-01,0.660915,0.028405,0.060354,6,6,1.0,30.711562,98258702.0
2301,2022,9,2022-09-01,0.245691,0.037696,0.063131,6,6,1.0,16.144055,88902747.0
2301,2023,3,2023-03-01,0.163147,0.039747,0.101535,6,6,1.0,15.417884,93671913.0
2301,2023,4,2023-04-01,0.346847,0.031685,0.080124,6,6,1.0,30.067438,98665163.0
2301,2023,5,2023-05-01,0.372184,0.027835,0.0498,6,6,1.0,31.391684,95301562.0
2301,2023,6,2023-06-01,0.740376,0.027649,0.177388,6,6,1.0,34.297917,96444568.0
2301,2023,7,2023-07-01,0.732171,0.0324,0.179214,6,6,1.0,27.017675,101753881.0
2301,2023,8,2023-08-01,0.497772,0.029124,0.095621,6,6,1.0,30.022345,96968132.0
2301,2023,9,2023-09-01,0.321316,0.03031,0.058146,6,6,1.0,21.31742,90239324.0
2301,2024,3,2024-03-01,0.189118,0.037942,0.071768,6,6,1.0,17.979695,86372445.0
2301,2024,4,2024-04-01,0.051348,0.038785,0.045524,6,6,1.0,17.713369,95332509.0
2301,2024,5,2024-05-01,0.408209,0.028044,0.085344,6,6,1.0,28.13443,89883638.0
2301,2024,6,2024-06-01,0.740539,0.031156,0.148186,6,6,1.0,27.586432,84217408.0
2301,2024,7,2024-07-01,0.724456,0.030745,0.15273,6,6,1.0,28.949168,95425695.0
2301,2024,8,2024-08-01,0.512089,0.027877,0.102638,6,6,1.0,30.238631,91425313.0
2301,2024,9,2024-09-01,0.390112,0.024677,0.076827,6,6,1.0,28.980412,85979995.0
2301,2025,3,2025-03-01,0.214938,0.033274,0.053654,6,6,1.0,27.352071,87368194.0
2301,2025,4,2025-04-01,0.12844,0.027955,0.014166,6,6,1.0,29.118176,96861891.0
2301,2025,5,2025-05-01,0.203688,0.031696,0.097877,6,6,1.0,20.680402,89188846.0
2301,2025,6,2025-06-01,0.544117,0.033425,0.091478,6,6,1.0,22.691601,91704495.0
2301,2025,7,2025-07-01,0.774771,0.026944,0.079661,6,6,1.0,35.201993,94751856.0
2301,2025,8,2025-08-01,0.547432,0.026993,0.120555,6,6,1.0,33.513133,94948426.0
2301,2025,9,2025-09-01,0.341647,0.025412,0.070396,6,6,1.0,26.754583,89061648.0
2306,2019,3,2019-03-01,0.05941,0.032347,0.062117,9,9,1.0,27.894787,73511224.0
2306,2019,4,2019-04-01,0.217923,0.027884,0.040271,9,9,1.0,39.932929,74389486.0
2306,2019,5,2019-05-01,0.2573,0.034227,0.068053,9,9,1.0,21.843391,73985614.0
2306,2019,6,2019-06-01,0.955998,0.029666,0.094768,9,9,1.0,37.825312,76811205.0
2306,2019,7,2019-07-01,0.865325,0.034313,0.075856,9,9,1.0,29.607618,76826548.0
2306,2019,8,2019-08-01,0.640663,0.029395,0.050257,9,9,1.0,34.456579,95194713.0
2306,2019,9,2019-09-01,0.3389,0.02877,0.042282,9,9,1.0,26.775597,91974497.0
2306,2020,3,2020-03-01,0.051248,0.025771,0.056667,9,9,1.0,41.984553,94604585.0
2306,2020,4,2020-04-01,0.13422,0.033835,0.05808,9,9,1.0,27.356074,96808107.0
2306,2020,5,2020-05-01,0.281542,0.026565,0.053551,9,9,1.0,39.786404,93035456.0
2306,2020,6,2020-06-01,0.974962,0.029716,0.080083,9,9,1.0,37.84904,96006563.0
2306,2020,7,2020-07-01,0.928652,0.033426,0.061853,9,9,1.0,31.09281,99686529.0
2306,2020,8,2020-08-01,0.689802,0.029747,0.056889,9,9,1.0,33.23877,97684078.0
2306,2020,9,2020-09-01,0.396668,0.02517,0.038697,9,9,1.0,34.81626,91237630.0
2306,2021,3,2021-03-01,0.095161,0.028228,0.08707,9,9,1.0,38.469135,94409616.0
2306,2021,4,2021-04-01,0.259127,0.030645,0.05007,9,9,1.0,31.4445,98410821.0
2306,2021,5,2021-05-01,0.323035,0.030989,0.0267,9,9,1.0,28.024393,91970868.0
2306,2021,6,2021-06-01,1.014328,0.025913,0.087323,9,9,1.0,48.10125,95947119.0
2306,2021,7,2021-07-01,1.015101,0.026839,0.077429,9,9,1.0,45.636508,101406324.0
2306,2021,8,2021-08-01,0.669333,0.029508,0.023376,9,9,1.0,36.780747,97445628.0
2306,2021,9,2021-09-01,0.417029,0.029708,0.049943,9,9,1.0,27.236801,90094126.0
2306,2022,3,2022-03-01,0.047482,0.026849,0.091343,9,9,1.0,42.910587,95748274.0
2306,2022,4,2022-04-01,0.244295,0.035062,0.027744,9,9,1.0,28.703029,97595138.0
2306,2022,5,2022-05-01,0.29972,0.028396,0.033372,9,9,1.0,30.030733,92699999.0
2306,2022,6,2022-06-01,0.973801,0.031129,0.087322,9,9,1.0,31.851011,95901303.0
2306,2022,7,2022-07-01,1.02725,0.031764,0.069121,9,9,1.0,33.881348,102035161.0
2306,2022,8,2022-08-01,0.820419,0.027442,0.046222,9,9,1.0,37.443475,98258702.0
2306,2022,9,2022-09-01,0.360103,0.036151,0.035589,9,9,1.0,17.568713,88902747.0
2306,2023,3,2023-03-01,-0.018034,0.031282,0.078162,9,9,1.0,30.747591,93671913.0
2306,2023,4,2023-04-01,0.235246,0.030348,0.129081,9,9,1.0,42.112202,98665163.0
2306,2023,5,2023-05-01,0.443381,0.028026,0.031852,9,9,1.0,38.564518,95301562.0
2306,2023,6,2023-06-01,1.007807,0.028704,0.093872,9,9,1.0,39.135272,96444568.0
2306,2023,7,2023-07-01,0.860076,0.039497,0.049232,9,9,1.0,22.935882,101753881.0
2306,2023,8,2023-08-01,0.654145,0.030633,0.062502,9,9,1.0,31.470462,96968132.0
2306,2023,9,2023-09-01,0.448865,0.030944,0.044359,9,9,1.0,23.523868,90239324.0
2306,2024,3,2024-03-01,0.099408,0.03405,0.072682,9,9,1.0,21.371394,86372445.0
2306,2024,4,2024-04-01,0.148291,0.040036,0.085347,9,9,1.0,20.186961,95332509.0
2306,2024,5,2024-05-01,0.552403,0.027226,0.047031,9,9,1.0,33.523199,89883638.0
2306,2024,6,2024-06-01,0.982443,0.032373,0.080046,9,9,1.0,33.363649,84217408.0
2306,2024,7,2024-07-01,0.985541,0.031585,0.06211,9,9,1.0,33.796434,95425695.0
2306,2024,8,2024-08-01,0.783566,0.027703,0.045432,9,9,1.0,36.293669,91425313.0
2306,2024,9,2024-09-01,0.435798,0.023581,0.046964,9,9,1.0,38.549474,85979995.0
2306,2025,3,2025-03-01,0.109895,0.030913,0.09255,9,9,1.0,31.813406,87368194.0
2306,2025,4,2025-04-01,0.206215,0.027704,0.034208,9,9,1.0,39.18217,96861891.0
2306,2025,5,2025-05-01,0.340569,0.032004,0.050924,9,9,1.0,25.953028,89188846.0
2306,2025,6,2025-06-01,0.739693,0.033091,0.084577,9,9,1.0,30.123676,91704495.0
2306,2025,7,2025-07-01,1.004571,0.026759,0.063167,9,9,1.0,44.01897,94751856.0
2306,2025,8,2025-08-01,0.820792,0.029164,0.046469,9,9,1.0,34.307395,94948426.0
2306,2025,9,2025-09-01,0.544838,0.025141,0.05198,9,9,1.0,32.274514,89061648.0
2330,2019,3,2019-03-01,0.0892,0.035449,0.041946,7,7,1.0,21.818245,73511224.0
2330,2019,4,2019-04-01,0.147271,0.02625,0.014311,7,7,1.0,40.556463,74389486.0
2330,2019,5,2019-05-01,0.378959,0.037152,0.066407,7,7,1.0,27.770672,73985614.0
2330,2019,6,2019-06-01,1.531868,0.036011,0.050763,7,7,1.0,35.747645,76811205.0
2330,2019,7,2019-07-01,1.575218,0.035722,0.071296,7,7,1.0,37.391103,76826548.0
2330,2019,8,2019-08-01,0.702503,0.032434,0.040988,7,7,1.0,36.808434,95194713.0
2330,2019,9,2019-09-01,0.438253,0.03176,0.035522,7,7,1.0,27.835791,91974497.0
2330,2020,3,2020-03-01,0.02859,0.030749,0.048657,7,7,1.0,28.575966,94604585.0
2330,2020,4,2020-04-01,0.103635,0.031669,0.029869,7,7,1.0,30.840778,96808107.0
2330,2020,5,2020-05-01,0.31387,0.032057,0.017858,7,7,1.0,33.261455,93035456.0
2330,2020,6,2020-06-01,1.478507,0.033076,0.066768,7,7,1.0,42.176958,96006563.0
2330,2020,7,2020-07-01,1.424417,0.038775,0.071525,7,7,1.0,33.183927,99686529.0
2330,2020,8,2020-08-01,0.972232,0.033395,0.08149,7,7,1.0,38.960058,97684078.0
2330,2020,9,2020-09-01,0.459974,0.031132,0.043784,7,7,1.0,29.685187,91237630.0
2330,2021,3,2021-03-01,0.062752,0.038324,0.139805,7,7,1.0,26.226064,94409616.0
2330,2021,4,2021-04-01,0.101696,0.028918,0.030516,7,7,1.0,31.721137,98410821.0
2330,2021,5,2021-05-01,0.427221,0.033241,0.033368,7,7,1.0,32.393527,91970868.0
2330,2021,6,2021-06-01,1.434349,0.034071,0.055096,7,7,1.0,42.077697,95947119.0
2330,2021,7,2021-07-01,1.606809,0.033113,0.068229,7,7,1.0,45.71998,101406324.0
2330,2021,8,2021-08-01,0.675648,0.032887,0.039121,7,7,1.0,31.940649,97445628.0
2330,2021,9,2021-09-01,0.508619,0.037073,0.045997,7,7,1.0,20.926202,90094126.0
2330,2022,3,2022-03-01,0.146932,0.041235,0.13516,7,7,1.0,19.528129,95748274.0
2330,2022,4,2022-04-01,0.152303,0.033279,0.04193,7,7,1.0,27.905129,97595138.0
2330,2022,5,2022-05-01,0.341683,0.031136,0.015961,7,7,1.0,32.95509,92699999.0
2330,2022,6,2022-06-01,1.694904,0.037082,0.05325,7,7,1.0,35.341194,95901303.0
2330,2022,7,2022-07-01,1.695223,0.038864,0.110389,7,7,1.0,35.981085,102035161.0
2330,2022,8,2022-08-01,0.979992,0.031012,0.058478,7,7,1.0,39.35616,98258702.0
2330,2022,9,2022-09-01,0.386993,0.032087,0.023378,7,7,1.0,28.906915,88902747.0
2330,2023,3,2023-03-01,0.016538,0.042794,0.156102,7,7,1.0,20.651483,93671913.0
2330,2023,4,2023-04-01,0.142362,0.02761,0.020827,7,7,1.0,42.003889,98665163.0
2330,2023,5,2023-05-01,0.457901,0.028963,0.041344,7,7,1.0,42.967501,95301562.0
2330,2023,6,2023-06-01,1.264277,0.033254,0.037336,7,7,1.0,40.858957,96444568.0
2330,2023,7,2023-07-01,1.456958,0.040916,0.140732,7,7,1.0,29.026799,101753881.0
2330,2023,8,2023-08-01,0.928364,0.037958,0.04621,7,7,1.0,26.651665,96968132.0
2330,2023,9,2023-09-01,0.508621,0.031946,0.021136,7,7,1.0,30.177975,90239324.0
2330,2024,3,2024-03-01,0.062693,0.039508,0.09549,7,7,1.0,21.955925,86372445.0
2330,2024,4,2024-04-01,0.041691,0.035843,0.031811,7,7,1.0,21.002872,95332509.0
2330,2024,5,2024-05-01,0.477551,0.026262,0.08982,7,7,1.0,48.888186,89883638.0
2330,2024,6,2024-06-01,1.679574,0.040383,0.072395,7,7,1.0,29.873461,84217408.0
2330,2024,7,2024-07-01,1.618896,0.040361,0.118454,7,7,1.0,26.155536,95425695.0
2330,2024,8,2024-08-01,0.813132,0.033601,0.040888,7,7,1.0,34.919565,91425313.0
2330,2024,9,2024-09-01,0.542281,0.027089,0.028532,7,7,1.0,39.942863,85979995.0
2330,2025,3,2025-03-01,0.169661,0.028683,0.044198,7,7,1.0,27.779142,87368194.0
2330,2025,4,2025-04-01,0.137178,0.029023,0.042639,7,7,1.0,32.220617,96861891.0
2330,2025,5,2025-05-01,0.464395,0.035065,0.078524,7,7,1.0,27.863516,89188846.0
2330,2025,6,2025-06-01,1.313882,0.040287,0.064261,7,7,1.0,27.422631,91704495.0
2330,2025,7,2025-07-01,1.875379,0.033892,0.077333,7,7,1.0,46.193576,94751856.0
2330,2025,8,2025-08-01,0.949571,0.034299,0.032568,7,7,1.0,35.405453,94948426.0
2330,2025,9,2025-09-01,0.511837,0.028624,0.030024,7,7,1.0,36.019771,89061648.0
2344,2019,3,2019-03-01,0.154195,0.031356,0.02449,8,8,1.0,23.593099,73511224.0
2344,2019,4,2019-04-01,0.249507,0.026438,0.016546,8,8,1.0,37.653363,74389486.0
2344,2019,5,2019-05-01,0.227682,0.034859,0.039631,8,8,1.0,23.847454,73985614.0
2344,2019,6,2019-06-01,0.708311,0.033836,0.026306,8,8,1.0,27.552524,76811205.0
2344,2019,7,2019-07-01,0.686696,0.030679,0.048694,8,8,1.0,27.785086,76826548.0
2344,2019,8,2019-08-01,0.479062,0.030486,0.058473,8,8,1.0,27.906486,95194713.0
2344,2019,9,2019-09-01,0.34794,0.028843,0.05086,8,8,1.0,27.376234,91974497.0
2344,2020,3,2020-03-01,0.122169,0.027648,0.045222,8,8,1.0,28.345517,94604585.0
2344,2020,4,2020-04-01,0.239262,0.031815,0.037191,8,8,1.0,22.817549,96808107.0
2344,2020,5,2020-05-01,0.283313,0.028726,0.037207,8,8,1.0,33.916608,93035456.0
2344,2020,6,2020-06-01,0.702278,0.02647,0.044238,8,8,1.0,40.604129,96006563.0
2344,2020,7,2020-07-01,0.717923,0.030494,0.05926,8,8,1.0,33.182595,99686529.0
2344,2020,8,2020-08-01,0.589355,0.027365,0.065277,8,8,1.0,34.956766,97684078.0
2344,2020,9,2020-09-01,0.384154,0.027934,0.033222,8,8,1.0,27.983151,91237630.0
2344,2021,3,2021-03-01,0.244673,0.031017,0.027473,8,8,1.0,24.671887,94409616.0
2344,2021,4,2021-04-01,0.208082,0.03117,0.040253,8,8,1.0,28.543348,98410821.0
2344,2021,5,2021-05-01,0.332595,0.031585,0.046064,8,8,1.0,25.49834,91970868.0
2344,2021,6,2021-06-01,0.777581,0.027141,0.045035,8,8,1.0,40.964412,95947119.0
2344,2021,7,2021-07-01,0.883592,0.028202,0.063606,8,8,1.0,39.316971,101406324.0
2344,2021,8,2021-08-01,0.499881,0.03136,0.090929,8,8,1.0,27.025139,97445628.0
2344,2021,9,2021-09-01,0.379532,0.030375,0.040363,8,8,1.0,23.499818,90094126.0
2344,2022,3,2022-03-01,0.27226,0.028786,0.041875,8,8,1.0,28.899775,95748274.0
2344,2022,4,2022-04-01,0.368943,0.035517,0.068563,8,8,1.0,23.134983,97595138.0
2344,2022,5,2022-05-01,0.278833,0.030927,0.065548,8,8,1.0,26.975175,92699999.0
2344,2022,6,2022-06-01,0.774045,0.031902,0.0482,8,8,1.0,29.313262,95901303.0
2344,2022,7,2022-07-01,0.751193,0.032269,0.099521,8,8,1.0,29.751129,102035161.0
2344,2022,8,2022-08-01,0.612391,0.026938,0.031599,8,8,1.0,35.375505,98258702.0
2344,2022,9,2022-09-01,0.408374,0.032594,0.06298,8,8,1.0,24.221836,88902747.0
2344,2023,3,2023-03-01,0.192085,0.031338,0.050649,8,8,1.0,25.540734,93671913.0
2344,2023,4,2023-04-01,0.309548,0.028658,0.037417,8,8,1.0,36.506927,98665163.0
2344,2023,5,2023-05-01,0.461229,0.027349,0.058246,8,8,1.0,34.309432,95301562.0
2344,2023,6,2023-06-01,0.759158,0.029845,0.036539,8,8,1.0,35.160816,96444568.0
2344,2023,7,2023-07-01,0.657135,0.035202,0.137953,8,8,1.0,25.710585,101753881.0
2344,2023,8,2023-08-01,0.649843,0.029958,0.034073,8,8,1.0,31.837763,96968132.0
2344,2023,9,2023-09-01,0.43373,0.028015,0.062083,8,8,1.0,23.898041,90239324.0
2344,2024,3,2024-03-01,0.225096,0.033062,0.038021,8,8,1.0,22.023852,86372445.0
2344,2024,4,2024-04-01,0.173744,0.036037,0.0297,8,8,1.0,20.014344,95332509.0
2344,2024,5,2024-05-01,0.433372,0.023612,0.045263,8,8,1.0,44.569235,89883638.0
2344,2024,6,2024-06-01,0.789842,0.032751,0.048364,8,8,1.0,28.317284,84217408.0
2344,2024,7,2024-07-01,0.807842,0.032641,0.066148,8,8,1.0,27.571049,95425695.0
2344,2024,8,2024-08-01,0.564931,0.028719,0.028894,8,8,1.0,33.525037,91425313.0
2344,2024,9,2024-09-01,0.494119,0.025796,0.040821,8,8,1.0,30.890487,85979995.0
2344,2025,3,2025-03-01,0.253321,0.027247,0.04068,8,8,1.0,34.988293,87368194.0
2344,2025,4,2025-04-01,0.238073,0.02574,0.055256,8,8,1.0,35.716538,96861891.0
2344,2025,5,2025-05-01,0.377133,0.031229,0.027703,8,8,1.0,26.660113,89188846.0
2344,2025,6,2025-06-01,0.726684,0.037476,0.096343,8,8,1.0,22.998643,91704495.0
2344,2025,7,2025-07-01,0.845558,0.02666,0.055483,8,8,1.0,42.310331,94751856.0
2344,2025,8,2025-08-01,0.750856,0.02991,0.071157,8,8,1.0,31.944408,94948426.0
2344,2025,9,2025-09-01,0.436874,0.025144,0.034095,8,8,1.0,34.587406,89061648.0
2363,2019,3,2019-03-01,0.105977,0.03413,0.058892,6,6,1.0,21.216186,73511224.0
2363,2019,4,2019-04-01,0.239036,0.02687,0.039434,6,6,1.0,37.250026,74389486.0
2363,2019,5,2019-05-01,0.365647,0.034512,0.023683,6,6,1.0,21.237295,73985614.0
2363,2019,6,2019-06-01,0.874667,0.028062,0.03894,6,6,1.0,40.464581,76811205.0
2363,2019,7,2019-07-01,0.862597,0.034917,0.112704,6,6,1.0,25.466681,76826548.0
2363,2019,8,2019-08-01,0.630152,0.028366,0.05302,6,6,1.0,38.646316,95194713.0
2363,2019,9,2019-09-01,0.380279,0.027468,0.032825,6,6,1.0,32.026745,91974497.0
2363,2020,3,2020-03-01,0.063951,0.026616,0.022614,6,6,1.0,30.839114,94604585.0
2363,2020,4,2020-04-01,0.211399,0.034207,0.053219,6,6,1.0,23.619455,96808107.0
2363,2020,5,2020-05-01,0.296761,0.025834,0.055868,6,6,1.0,40.696754,93035456.0
2363,2020,6,2020-06-01,0.992888,0.028061,0.096939,6,6,1.0,40.380525,96006563.0
2363,2020,7,2020-07-01,1.003002,0.032284,0.078798,6,6,1.0,31.396564,99686529.0
2363,2020,8,2020-08-01,0.728154,0.028526,0.030328,6,6,1.0,38.717085,97684078.0
2363,2020,9,2020-09-01,0.380034,0.026718,0.048319,6,6,1.0,32.387538,91237630.0
2363,2021,3,2021-03-01,0.200524,0.030577,0.05413,6,6,1.0,28.157427,94409616.0
2363,2021,4,2021-04-01,0.261516,0.03276,0.08304,6,6,1.0,24.213894,98410821.0
2363,2021,5,2021-05-01,0.427587,0.031349,0.051438,6,6,1.0,24.859852,91970868.0
2363,2021,6,2021-06-01,0.985123,0.026126,0.082203,6,6,1.0,48.252663,95947119.0
2363,2021,7,2021-07-01,1.010798,0.027114,0.023433,6,6,1.0,42.391786,101406324.0
2363,2021,8,2021-08-01,0.741523,0.030023,0.03612,6,6,1.0,32.635866,97445628.0
2363,2021,9,2021-09-01,0.41097,0.029551,0.02346,6,6,1.0,22.282865,90094126.0
2363,2022,3,2022-03-01,0.177911,0.026535,0.062211,6,6,1.0,36.943813,95748274.0
2363,2022,4,2022-04-01,0.300604,0.035556,0.084059,6,6,1.0,25.04357,97595138.0
2363,2022,5,2022-05-01,0.271528,0.028816,0.035843,6,6,1.0,35.312251,92699999.0
2363,2022,6,2022-06-01,0.903346,0.031185,0.062148,6,6,1.0,35.502532,95901303.0
2363,2022,7,2022-07-01,0.955517,0.029998,0.077333,6,6,1.0,36.565213,102035161.0
2363,2022,8,2022-08-01,0.881233,0.029496,0.070045,6,6,1.0,33.995963,98258702.0
2363,2022,9,2022-09-01,0.42599,0.037897,0.049856,6,6,1.0,17.214116,88902747.0
2363,2023,3,2023-03-01,0.120552,0.033136,0.081933,6,6,1.0,21.834445,93671913.0
2363,2023,4,2023-04-01,0.307238,0.029302,0.050023,6,6,1.0,38.581454,98665163.0
2363,2023,5,2023-05-01,0.514044,0.027355,0.044573,6,6,1.0,38.045301,95301562.0
2363,2023,6,2023-06-01,0.944995,0.028208,0.0507,6,6,1.0,39.60764,96444568.0
2363,2023,7,2023-07-01,0.876808,0.034317,0.090223,6,6,1.0,30.29506,101753881.0
2363,2023,8,2023-08-01,0.679538,0.029789,0.060152,6,6,1.0,33.412427,96968132.0
2363,2023,9,2023-09-01,0.482976,0.029951,0.056649,6,6,1.0,23.572301,90239324.0
2363,2024,3,2024-03-01,0.15815,0.032809,0.053946,6,6,1.0,25.181749,86372445.0
2363,2024,4,2024-04-01,0.165698,0.038094,0.085939,6,6,1.0,19.149893,95332509.0
2363,2024,5,2024-05-01,0.543879,0.026382,0.038074,6,6,1.0,35.617147,89883638.0
2363,2024,6,2024-06-01,1.041538,0.03179,0.062633,6,6,1.0,32.579742,84217408.0
2363,2024,7,2024-07-01,0.980477,0.032159,0.128235,6,6,1.0,30.68021,95425695.0
2363,2024,8,2024-08-01,0.716578,0.028731,0.052175,6,6,1.0,34.74132,91425313.0
2363,2024,9,2024-09-01,0.502201,0.025308,0.031406,6,6,1.0,33.167705,85979995.0
2363,2025,3,2025-03-01,0.225677,0.029101,0.039979,6,6,1.0,34.753472,87368194.0
2363,2025,4,2025-04-01,0.198053,0.026384,0.032,6,6,1.0,37.588078,96861891.0
2363,2025,5,2025-05-01,0.335965,0.030498,0.04541,6,6,1.0,29.34863,89188846.0
2363,2025,6,2025-06-01,0.779148,0.035081,0.044925,6,6,1.0,24.78414,91704495.0
2363,2025,7,2025-07-01,0.997626,0.027302,0.075121,6,6,1.0,40.997172,94751856.0
2363,2025,8,2025-08-01,0.764535,0.027645,0.040434,6,6,1.0,38.892153,94948426.0
2363,2025,9,2025-09-01,0.51558,0.026097,0.040369,6,6,1.0,29.215369,89061648.0
2366,2019,3,2019-03-01,0.034422,0.056576,0.12522,9,9,1.0,3.713011,73511224.0
2366,2019,4,2019-04-01,0.199698,0.038501,0.086476,9,9,1.0,8.031762,74389486.0
2366,2019,5,2019-05-01,0.308141,0.044615,0.103968,9,9,1.0,5.500084,73985614.0
2366,2019,6,2019-06-01,0.615923,0.039788,0.164732,9,9,1.0,8.067844,76811205.0
2366,2019,7,2019-07-01,0.496256,0.057654,0.119135,9,9,1.0,5.051986,76826548.0
2366,2019,8,2019-08-01,0.43012,0.044485,0.104711,9,9,1.0,7.031379,95194713.0
2366,2019,9,2019-09-01,0.387958,0.043329,0.175051,9,9,1.0,5.428927,91974497.0
2366,2020,3,2020-03-01,0.000653,0.041243,0.1091,9,9,1.0,5.767191,94604585.0
2366,2020,4,2020-04-01,0.215956,0.054464,0.148202,9,9,1.0,4.029964,96808107.0
2366,2020,5,2020-05-01,0.03505,0.046784,0.355044,9,9,1.0,6.221847,93035456.0
2366,2020,6,2020-06-01,0.687272,0.033551,0.208113,9,9,1.0,7.53812,96006563.0
2366,2020,7,2020-07-01,0.454751,0.048445,0.248264,9,9,1.0,6.55007,99686529.0
2366,2020,8,2020-08-01,0.524886,0.03613,0.139569,9,9,1.0,7.532873,97684078.0
2366,2020,9,2020-09-01,0.201077,0.055319,0.103696,9,9,1.0,6.687552,91237630.0
2366,2021,3,2021-03-01,0.25322,0.051657,0.132652,9,9,1.0,5.140656,94409616.0
2366,2021,4,2021-04-01,0.218416,0.050363,0.097022,9,9,1.0,3.73919,98410821.0
2366,2021,5,2021-05-01,0.25851,0.041946,0.112517,9,9,1.0,5.196333,91970868.0
2366,2021,6,2021-06-01,0.76181,0.035179,0.141614,9,9,1.0,8.365494,95947119.0
2366,2021,7,2021-07-01,0.592752,0.037077,0.228603,9,9,1.0,8.607902,101406324.0
2366,2021,8,2021-08-01,0.492685,0.039119,0.098762,9,9,1.0,7.366911,97445628.0
2366,2021,9,2021-09-01,0.338761,0.049468,0.082911,9,9,1.0,3.888776,90094126.0
2366,2022,3,2022-03-01,0.100429,0.049723,0.258194,9,9,1.0,5.918599,95748274.0
2366,2022,4,2022-04-01,0.253525,0.073036,0.130248,9,9,1.0,3.806902,97595138.0
2366,2022,5,2022-05-01,0.206041,0.047537,0.084206,9,9,1.0,5.895651,92699999.0
2366,2022,6,2022-06-01,0.636364,0.041248,0.270718,9,9,1.0,8.090726,95901303.0
2366,2022,7,2022-07-01,0.517132,0.056882,0.282658,9,9,1.0,5.623872,102035161.0
2366,2022,8,2022-08-01,0.619347,0.040433,0.065202,9,9,1.0,6.896151,98258702.0
2366,2022,9,2022-09-01,0.448694,0.064397,0.166692,9,9,1.0,3.346714,88902747.0
2366,2023,3,2023-03-01,0.181219,0.065019,0.180037,9,9,1.0,3.720907,93671913.0
2366,2023,4,2023-04-01,0.32023,0.063056,0.173124,9,9,1.0,6.734395,98665163.0
2366,2023,5,2023-05-01,0.303597,0.03514,0.159742,9,9,1.0,7.893928,95301562.0
2366,2023,6,2023-06-01,0.656437,0.038443,0.219043,9,9,1.0,6.512162,96444568.0
2366,2023,7,2023-07-01,0.548942,0.057216,0.110589,9,9,1.0,5.581703,101753881.0
2366,2023,8,2023-08-01,0.550669,0.04319,0.1931,9,9,1.0,6.610032,96968132.0
2366,2023,9,2023-09-01,0.316456,0.043823,0.109554,9,9,1.0,4.4087,90239324.0
2366,2024,3,2024-03-01,0.145103,0.06846,0.174253,9,9,1.0,4.363245,86372445.0
2366,2024,4,2024-04-01,0.144083,0.057278,0.066237,9,9,1.0,4.71411,95332509.0
2366,2024,5,2024-05-01,0.466742,0.042229,0.092435,9,9,1.0,7.078768,89883638.0
2366,2024,6,2024-06-01,0.598098,0.047007,0.234117,9,9,1.0,5.560117,84217408.0
2366,2024,7,2024-07-01,0.577677,0.041066,0.198472,9,9,1.0,7.391276,95425695.0
2366,2024,8,2024-08-01,0.343177,0.042174,0.177909,9,9,1.0,8.28365,91425313.0
2366,2024,9,2024-09-01,0.412668,0.046394,0.106451,9,9,1.0,5.568999,85979995.0
2366,2025,3,2025-03-01,0.199805,0.050084,0.100143,9,9,1.0,7.259015,87368194.0
2366,2025,4,2025-04-01,0.171511,0.040739,0.121132,9,9,1.0,7.164718,96861891.0
2366,2025,5,2025-05-01,0.233292,0.043866,0.175135,9,9,1.0,5.270639,89188846.0
2366,2025,6,2025-06-01,0.412643,0.0557,0.330642,9,9,1.0,5.790857,91704495.0
2366,2025,7,2025-07-01,0.639546,0.038913,0.156533,9,9,1.0,9.323188,94751856.0
2366,2025,8,2025-08-01,0.482494,0.037673,0.143759,9,9,1.0,7.911668,94948426.0
2366,2025,9,2025-09-01,0.420657,0.036834,0.088759,9,9,1.0,5.724225,89061648.0
2371,2019,3,2019-03-01,0.068475,0.034746,0.051374,9,9,1.0,21.023412,73511224.0
2371,2019,4,2019-04-01,0.219635,0.025929,0.052631,9,9,1.0,40.546699,74389486.0
2371,2019,5,2019-05-01,0.27897,0.031906,0.061036,9,9,1.0,22.11079,73985614.0
2371,2019,6,2019-06-01,0.801208,0.027913,0.074268,9,9,1.0,36.902696,76811205.0
2371,2019,7,2019-07-01,0.825118,0.031335,0.073267,9,9,1.0,29.824319,76826548.0
2371,2019,8,2019-08-01,0.557114,0.027662,0.041626,9,9,1.0,35.322187,95194713.0
2371,2019,9,2019-09-01,0.355147,0.02712,0.058841,9,9,1.0,26.71347,91974497.0
2371,2020,3,2020-03-01,0.055099,0.024452,0.040919,9,9,1.0,41.129741,94604585.0
2371,2020,4,2020-04-01,0.174105,0.032899,0.04428,9,9,1.0,22.853318,96808107.0
2371,2020,5,2020-05-01,0.259763,0.025478,0.049469,9,9,1.0,36.719469,93035456.0
2371,2020,6,2020-06-01,0.900188,0.027356,0.093075,9,9,1.0,38.787242,96006563.0
2371,2020,7,2020-07-01,0.835554,0.030363,0.094291,9,9,1.0,33.966733,99686529.0
2371,2020,8,2020-08-01,0.630996,0.027099,0.060809,9,9,1.0,34.321732,97684078.0
2371,2020,9,2020-09-01,0.414455,0.024278,0.046904,9,9,1.0,34.712887,91237630.0
2371,2021,3,2021-03-01,0.075291,0.026673,0.057596,9,9,1.0,37.681808,94409616.0
2371,2021,4,2021-04-01,0.224566,0.029149,0.051999,9,9,1.0,29.50267,98410821.0
2371,2021,5,2021-05-01,0.327206,0.030872,0.026219,9,9,1.0,25.400056,91970868.0
2371,2021,6,2021-06-01,0.955883,0.024312,0.083911,9,9,1.0,47.337985,95947119.0
2371,2021,7,2021-07-01,0.944394,0.025915,0.05532,9,9,1.0,44.742922,101406324.0
2371,2021,8,2021-08-01,0.590318,0.027776,0.039604,9,9,1.0,34.531335,97445628.0
2371,2021,9,2021-09-01,0.374958,0.027409,0.046357,9,9,1.0,25.296864,90094126.0
2371,2022,3,2022-03-01,0.105468,0.025819,0.053096,9,9,1.0,40.61928,95748274.0
2371,2022,4,2022-04-01,0.206527,0.033896,0.049027,9,9,1.0,26.883293,97595138.0
2371,2022,5,2022-05-01,0.205437,0.028249,0.034135,9,9,1.0,29.26271,92699999.0
2371,2022,6,2022-06-01,0.868231,0.028812,0.088645,9,9,1.0,33.472742,95901303.0
2371,2022,7,2022-07-01,0.931851,0.029866,0.061335,9,9,1.0,32.651827,102035161.0
2371,2022,8,2022-08-01,0.801664,0.026031,0.066235,9,9,1.0,37.7126,98258702.0
2371,2022,9,2022-09-01,0.276966,0.03489,0.06389,9,9,1.0,15.827283,88902747.0
2371,2023,3,2023-03-01,0.008202,0.030758,0.067338,9,9,1.0,28.127826,93671913.0
2371,2023,4,2023-04-01,0.20639,0.028127,0.066775,9,9,1.0,42.496396,98665163.0
2371,2023,5,2023-05-01,0.453078,0.026497,0.040519,9,9,1.0,37.46362,95301562.0
2371,2023,6,2023-06-01,0.887167,0.027218,0.08361,9,9,1.0,39.656668,96444568.0
2371,2023,7,2023-07-01,0.792671,0.034105,0.141362,9,9,1.0,25.716203,101753881.0
2371,2023,8,2023-08-01,0.706055,0.027395,0.053634,9,9,1.0,34.417599,96968132.0
2371,2023,9,2023-09-01,0.421679,0.028543,0.043634,9,9,1.0,24.776876,90239324.0
2371,2024,3,2024-03-01,0.077696,0.031954,0.070651,9,9,1.0,22.348011,86372445.0
2371,2024,4,2024-04-01,0.091883,0.040148,0.085509,9,9,1.0,17.717112,95332509.0
2371,2024,5,2024-05-01,0.484758,0.026341,0.072732,9,9,1.0,31.782628,89883638.0
2371,2024,6,2024-06-01,0.923173,0.030524,0.081651,9,9,1.0,31.68409,84217408.0
2371,2024,7,2024-07-01,0.852707,0.031317,0.04589,9,9,1.0,31.928021,95425695.0
2371,2024,8,2024-08-01,0.696453,0.026297,0.060729,9,9,1.0,36.864453,91425313.0
2371,2024,9,2024-09-01,0.43328,0.021725,0.049584,9,9,1.0,39.928955,85979995.0
2371,2025,3,2025-03-01,0.145077,0.029382,0.035934,9,9,1.0,31.36014,87368194.0
2371,2025,4,2025-04-01,0.187829,0.024882,0.046926,9,9,1.0,40.442533,96861891.0
2371,2025,5,2025-05-01,0.267152,0.031148,0.061808,9,9,1.0,23.774009,89188846.0
2371,2025,6,2025-06-01,0.734378,0.029922,0.085847,9,9,1.0,28.903349,91704495.0
2371,2025,7,2025-07-01,0.927929,0.025088,0.088443,9,9,1.0,43.667943,94751856.0
2371,2025,8,2025-08-01,0.607924,0.027361,0.106584,9,9,1.0,36.045702,94948426.0
2371,2025,9,2025-09-01,0.471374,0.023022,0.067207,9,9,1.0,33.257734,89061648.0
2397,2019,3,2019-03-01,0.031564,0.035677,0.044127,9,9,1.0,17.698747,73511224.0
2397,2019,4,2019-04-01,0.124533,0.023322,0.011713,9,9,1.0,40.94823,74389486.0
2397,2019,5,2019-05-01,0.381544,0.033047,0.019755,9,9,1.0,29.288875,73985614.0
2397,2019,6,2019-06-01,1.419386,0.032791,0.065039,9,9,1.0,34.947081,76811205.0
2397,2019,7,2019-07-01,1.379916,0.031547,0.06263,9,9,1.0,38.250378,76826548.0
2397,2019,8,2019-08-01,0.643328,0.029287,0.055327,9,9,1.0,38.281342,95194713.0
2397,2019,9,2019-09-01,0.430564,0.027262,0.048889,9,9,1.0,29.740241,91974497.0
2397,2020,3,2020-03-01,-0.009701,0.027605,0.037609,9,9,1.0,28.439416,94604585.0
2397,2020,4,2020-04-01,0.111307,0.029622,0.025319,9,9,1.0,32.986944,96808107.0
2397,2020,5,2020-05-01,0.295159,0.028334,0.036237,9,9,1.0,35.706981,93035456.0
2397,2020,6,2020-06-01,1.212181,0.030078,0.051199,9,9,1.0,40.921117,96006563.0
2397,2020,7,2020-07-01,1.199236,0.03368,0.074236,9,9,1.0,35.358657,99686529.0
2397,2020,8,2020-08-01,0.934105,0.029429,0.079523,9,9,1.0,38.668412,97684078.0
2397,2020,9,2020-09-01,0.413889,0.028769,0.062025,9,9,1.0,30.409766,91237630.0
2397,2021,3,2021-03-01,0.053647,0.035778,0.100514,9,9,1.0,25.009443,94409616.0
2397,2021,4,2021-04-01,0.03998,0.025844,0.02616,9,9,1.0,31.068321,98410821.0
2397,2021,5,2021-05-01,0.41215,0.030928,0.059374,9,9,1.0,30.814707,91970868.0
2397,2021,6,2021-06-01,1.34076,0.030258,0.061843,9,9,1.0,43.951035,95947119.0
2397,2021,7,2021-07-01,1.347848,0.028884,0.061706,9,9,1.0,47.846021,101406324.0
2397,2021,8,2021-08-01,0.724802,0.03005,0.045217,9,9,1.0,33.153529,97445628.0
2397,2021,9,2021-09-01,0.47886,0.031854,0.031537,9,9,1.0,24.805171,90094126.0
2397,2022,3,2022-03-01,0.071615,0.03654,0.106993,9,9,1.0,20.357791,95748274.0
2397,2022,4,2022-04-01,0.149142,0.030064,0.052734,9,9,1.0,27.788642,97595138.0
2397,2022,5,2022-05-01,0.347214,0.027994,0.031802,9,9,1.0,32.584745,92699999.0
2397,2022,6,2022-06-01,1.518112,0.034079,0.078761,9,9,1.0,34.871783,95901303.0
2397,2022,7,2022-07-01,1.487737,0.034493,0.053067,9,9,1.0,37.432912,102035161.0
2397,2022,8,2022-08-01,0.952453,0.028724,0.036782,9,9,1.0,39.661965,98258702.0
2397,2022,9,2022-09-01,0.431635,0.028871,0.029804,9,9,1.0,27.854745,88902747.0
2397,2023,3,2023-03-01,0.06373,0.040639,0.085648,9,9,1.0,18.751145,93671913.0
2397,2023,4,2023-04-01,0.086159,0.025057,0.044016,9,9,1.0,40.684359,98665163.0
2397,2023,5,2023-05-01,0.441425,0.026983,0.025915,9,9,1.0,40.560637,95301562.0
2397,2023,6,2023-06-01,1.188932,0.029675,0.057809,9,9,1.0,41.978015,96444568.0
2397,2023,7,2023-07-01,1.265849,0.037251,0.072499,9,9,1.0,29.087845,101753881.0
2397,2023,8,2023-08-01,0.923111,0.033495,0.068818,9,9,1.0,29.509731,96968132.0
2397,2023,9,2023-09-01,0.517478,0.029116,0.044953,9,9,1.0,29.108775,90239324.0
2397,2024,3,2024-03-01,0.188696,0.036422,0.037162,9,9,1.0,22.307347,86372445.0
2397,2024,4,2024-04-01,0.030268,0.031612,0.035298,9,9,1.0,22.095981,95332509.0
2397,2024,5,2024-05-01,0.481351,0.024089,0.053118,9,9,1.0,49.27732,89883638.0
2397,2024,6,2024-06-01,1.439154,0.037189,0.070536,9,9,1.0,28.595224,84217408.0
2397,2024,7,2024-07-01,1.372307,0.036469,0.078626,9,9,1.0,29.95018,95425695.0
2397,2024,8,2024-08-01,0.771174,0.029926,0.03061,9,9,1.0,34.598558,91425313.0
2397,2024,9,2024-09-01,0.542824,0.024377,0.035808,9,9,1.0,42.018823,85979995.0
2397,2025,3,2025-03-01,0.144189,0.026292,0.038,9,9,1.0,28.601179,87368194.0
2397,2025,4,2025-04-01,0.167886,0.026434,0.03027,9,9,1.0,32.691303,96861891.0
2397,2025,5,2025-05-01,0.364754,0.031324,0.059351,9,9,1.0,29.034508,89188846.0
2397,2025,6,2025-06-01,1.213373,0.036555,0.057041,9,9,1.0,29.344949,91704495.0
2397,2025,7,2025-07-01,1.737429,0.030744,0.1028,9,9,1.0,44.738823,94751856.0
2397,2025,8,2025-08-01,0.95085,0.029885,0.044025,9,9,1.0,36.518589,94948426.0
2397,2025,9,2025-09-01,0.530524,0.026696,0.036637,9,9,1.0,35.686326,89061648.0
2407,2019,3,2019-03-01,0.09473,0.033687,0.071059,9,9,1.0,19.257093,73511224.0
2407,2019,4,2019-04-01,0.20876,0.025712,0.022886,9,9,1.0,32.747078,74389486.0
2407,2019,5,2019-05-01,0.248525,0.032554,0.074063,9,9,1.0,21.094889,73985614.0
2407,2019,6,2019-06-01,0.826526,0.029574,0.036066,9,9,1.0,30.606843,76811205.0
2407,2019,7,2019-07-01,0.829601,0.028725,0.057575,9,9,1.0,32.299511,76826548.0
2407,2019,8,2019-08-01,0.630188,0.030963,0.06293,9,9,1.0,28.284049,95194713.0
2407,2019,9,2019-09-01,0.413874,0.028627,0.064868,9,9,1.0,25.562578,91974497.0
2407,2020,3,2020-03-01,0.089657,0.028039,0.051826,9,9,1.0,26.109168,94604585.0
2407,2020,4,2020-04-01,0.214404,0.032726,0.06211,9,9,1.0,18.988254,96808107.0
2407,2020,5,2020-05-01,0.386274,0.026849,0.074108,9,9,1.0,28.219134,93035456.0
2407,2020,6,2020-06-01,0.849114,0.025073,0.053117,9,9,1.0,39.542953,96006563.0
2407,2020,7,2020-07-01,0.777794,0.029814,0.064342,9,9,1.0,28.83423,99686529.0
2407,2020,8,2020-08-01,0.689212,0.026065,0.063414,9,9,1.0,34.714877,97684078.0
2407,2020,9,2020-09-01,0.435581,0.027372,0.058137,9,9,1.0,25.389921,91237630.0
2407,2021,3,2021-03-01,0.201352,0.03147,0.054349,9,9,1.0,23.457808,94409616.0
2407,2021,4,2021-04-01,0.210831,0.02886,0.034153,9,9,1.0,27.615276,98410821.0
2407,2021,5,2021-05-01,0.345047,0.030787,0.067216,9,9,1.0,23.204229,91970868.0
2407,2021,6,2021-06-01,0.948428,0.026057,0.06978,9,9,1.0,39.479825,95947119.0
2407,2021,7,2021-07-01,0.977727,0.02528,0.046868,9,9,1.0,40.577624,101406324.0
2407,2021,8,2021-08-01,0.673263,0.028388,0.060226,9,9,1.0,24.522091,97445628.0
2407,2021,9,2021-09-01,0.440931,0.02858,0.046907,9,9,1.0,22.600896,90094126.0
2407,2022,3,2022-03-01,0.175721,0.030022,0.089627,9,9,1.0,26.611199,95748274.0
2407,2022,4,2022-04-01,0.327127,0.035493,0.087306,9,9,1.0,20.819125,97595138.0
2407,2022,5,2022-05-01,0.332384,0.029376,0.05622,9,9,1.0,25.920905,92699999.0
2407,2022,6,2022-06-01,0.926824,0.029417,0.090658,9,9,1.0,27.774208,95901303.0
2407,2022,7,2022-07-01,0.971159,0.030805,0.058144,9,9,1.0,28.737927,102035161.0
2407,2022,8,2022-08-01,0.844413,0.027117,0.032984,9,9,1.0,31.700959,98258702.0
2407,2022,9,2022-09-01,0.419861,0.029628,0.07331,9,9,1.0,21.135095,88902747.0
2407,2023,3,2023-03-01,0.040296,0.031733,0.101249,9,9,1.0,24.35448,93671913.0
2407,2023,4,2023-04-01,0.184027,0.028772,0.089805,9,9,1.0,34.734876,98665163.0
2407,2023,5,2023-05-01,0.442299,0.026005,0.063082,9,9,1.0,30.181682,95301562.0
2407,2023,6,2023-06-01,0.889944,0.028913,0.065492,9,9,1.0,30.050475,96444568.0
2407,2023,7,2023-07-01,0.895823,0.030711,0.076549,9,9,1.0,26.226815,101753881.0
2407,2023,8,2023-08-01,0.73801,0.02759,0.056212,9,9,1.0,28.653785,96968132.0
2407,2023,9,2023-09-01,0.448034,0.025907,0.051607,9,9,1.0,23.272525,90239324.0
2407,2024,3,2024-03-01,0.136196,0.031466,0.071087,9,9,1.0,24.077749,86372445.0
2407,2024,4,2024-04-01,0.118123,0.033662,0.047562,9,9,1.0,17.218175,95332509.0
2407,2024,5,2024-05-01,0.446224,0.022587,0.038761,9,9,1.0,41.366133,89883638.0
2407,2024,6,2024-06-01,0.941364,0.029536,0.076126,9,9,1.0,30.260274,84217408.0
2407,2024,7,2024-07-01,0.864048,0.033592,0.082575,9,9,1.0,23.409621,95425695.0
2407,2024,8,2024-08-01,0.740129,0.027702,0.067392,9,9,1.0,30.851183,91425313.0
2407,2024,9,2024-09-01,0.486731,0.023643,0.041546,9,9,1.0,32.203703,85979995.0
2407,2025,3,2025-03-01,0.213695,0.026742,0.03767,9,9,1.0,35.005327,87368194.0
2407,2025,4,2025-04-01,0.223794,0.023575,0.02007,9,9,1.0,36.490819,96861891.0
2407,2025,5,2025-05-01,0.413587,0.029338,0.049289,9,9,1.0,24.432536,89188846.0
2407,2025,6,2025-06-01,0.782336,0.03554,0.055282,9,9,1.0,23.105479,91704495.0
2407,2025,7,2025-07-01,1.061099,0.025797,0.067877,9,9,1.0,37.634042,94751856.0
2407,2025,8,2025-08-01,0.72264,0.026931,0.078469,9,9,1.0,33.307475,94948426.0
2407,2025,9,2025-09-01,0.46761,0.025855,0.022458,9,9,1.0,28.142433,89061648.0
2419,2019,3,2019-03-01,0.076714,0.037796,0.036164,4,4,1.0,22.984191,73511224.0
2419,2019,4,2019-04-01,0.184245,0.030639,0.021845,4,4,1.0,35.569899,74389486.0
2419,2019,5,2019-05-01,0.342058,0.036328,0.024553,4,4,1.0,28.503287,73985614.0
2419,2019,6,2019-06-01,0.882009,0.032639,0.088756,4,4,1.0,38.053382,76811205.0
2419,2019,7,2019-07-01,0.752505,0.040854,0.069185,4,4,1.0,23.728384,76826548.0
2419,2019,8,2019-08-01,0.5436,0.031735,0.04388,4,4,1.0,35.905549,95194713.0
2419,2019,9,2019-09-01,0.432148,0.036158,0.025843,4,4,1.0,23.992318,91974497.0
2419,2020,3,2020-03-01,0.01636,0.030506,0.024224,4,4,1.0,32.704331,94604585.0
2419,2020,4,2020-04-01,0.165333,0.040656,0.056847,4,4,1.0,20.306357,96808107.0
2419,2020,5,2020-05-01,0.261557,0.029346,0.028335,4,4,1.0,38.567286,93035456.0
2419,2020,6,2020-06-01,0.966142,0.031006,0.021443,4,4,1.0,41.965493,96006563.0
2419,2020,7,2020-07-01,0.863975,0.035611,0.089107,4,4,1.0,35.968605,99686529.0
2419,2020,8,2020-08-01,0.685331,0.030746,0.031221,4,4,1.0,38.698169,97684078.0
2419,2020,9,2020-09-01,0.356823,0.030517,0.033774,4,4,1.0,26.379443,91237630.0
2419,2021,3,2021-03-01,0.194416,0.036585,0.074346,4,4,1.0,27.547843,94409616.0
2419,2021,4,2021-04-01,0.275884,0.036738,0.032177,4,4,1.0,25.638897,98410821.0
2419,2021,5,2021-05-01,0.283443,0.035198,0.034901,4,4,1.0,27.644765,91970868.0
2419,2021,6,2021-06-01,0.93687,0.029965,0.041874,4,4,1.0,43.409615,95947119.0
2419,2021,7,2021-07-01,0.91842,0.030892,0.089244,4,4,1.0,39.629202,101406324.0
2419,2021,8,2021-08-01,0.567529,0.032931,0.043241,4,4,1.0,32.07657,97445628.0
2419,2021,9,2021-09-01,0.335521,0.035315,0.047332,4,4,1.0,22.815128,90094126.0
2419,2022,3,2022-03-01,0.200415,0.034404,0.016697,4,4,1.0,28.393581,95748274.0
2419,2022,4,2022-04-01,0.375602,0.041281,0.048964,4,4,1.0,19.967649,97595138.0
2419,2022,5,2022-05-01,0.305355,0.032968,0.015352,4,4,1.0,32.258782,92699999.0
2419,2022,6,2022-06-01,1.016402,0.037392,0.06468,4,4,1.0,29.028379,95901303.0
2419,2022,7,2022-07-01,0.981108,0.034757,0.059601,4,4,1.0,32.99023,102035161.0
2419,2022,8,2022-08-01,0.792538,0.029958,0.022545,4,4,1.0,38.980602,98258702.0
2419,2022,9,2022-09-01,0.391155,0.034594,0.056309,4,4,1.0,21.789373,88902747.0
2419,2023,3,2023-03-01,0.171342,0.038896,0.062413,4,4,1.0,24.095502,93671913.0
2419,2023,4,2023-04-01,0.279656,0.033709,0.044011,4,4,1.0,36.938705,98665163.0
2419,2023,5,2023-05-01,0.520779,0.031009,0.059356,4,4,1.0,35.701149,95301562.0
2419,2023,6,2023-06-01,1.007603,0.032918,0.06199,4,4,1.0,36.396639,96444568.0
2419,2023,7,2023-07-01,0.918111,0.036783,0.064594,4,4,1.0,31.399197,101753881.0
2419,2023,8,2023-08-01,0.722759,0.033057,0.054445,4,4,1.0,33.242372,96968132.0
2419,2023,9,2023-09-01,0.435214,0.034468,0.055699,4,4,1.0,23.639106,90239324.0
2419,2024,3,2024-03-01,0.112526,0.041965,0.023076,4,4,1.0,19.116122,86372445.0
2419,2024,4,2024-04-01,0.188884,0.044911,0.049357,4,4,1.0,19.151593,95332509.0
2419,2024,5,2024-05-01,0.454595,0.026792,0.028566,4,4,1.0,47.282587,89883638.0
2419,2024,6,2024-06-01,1.021002,0.033795,0.098979,4,4,1.0,34.122737,84217408.0
2419,2024,7,2024-07-01,1.009888,0.03534,0.088607,4,4,1.0,34.023662,95425695.0
2419,2024,8,2024-08-01,0.692166,0.034052,0.058401,4,4,1.0,32.405253,91425313.0
2419,2024,9,2024-09-01,0.421671,0.027265,0.018064,4,4,1.0,34.448111,85979995.0
2419,2025,3,2025-03-01,0.193986,0.032527,0.029543,4,4,1.0,33.863042,87368194.0
2419,2025,4,2025-04-01,0.213805,0.028343,0.043267,4,4,1.0,38.63233,96861891.0
2419,2025,5,2025-05-01,0.384684,0.035089,0.0703,4,4,1.0,23.135715,89188846.0
2419,2025,6,2025-06-01,0.848587,0.04005,0.018517,4,4,1.0,28.582594,91704495.0
2419,2025,7,2025-07-01,0.983203,0.030296,0.084301,4,4,1.0,43.268517,94751856.0
2419,2025,8,2025-08-01,0.692144,0.029705,0.046517,4,4,1.0,41.908487,94948426.0
2419,2025,9,2025-09-01,0.421038,0.027878,0.029899,4,4,1.0,34.791617,89061648.0
2429,2019,3,2019-03-01,0.138582,0.031444,0.056211,9,9,1.0,22.327553,73511224.0
2429,2019,4,2019-04-01,0.254387,0.025283,0.029726,9,9,1.0,39.679608,74389486.0
2429,2019,5,2019-05-01,0.330251,0.034383,0.030094,9,9,1.0,19.064441,73985614.0
2429,2019,6,2019-06-01,0.888947,0.027359,0.084738,9,9,1.0,40.140941,76811205.0
2429,2019,7,2019-07-01,0.871487,0.033925,0.097522,9,9,1.0,26.128954,76826548.0
2429,2019,8,2019-08-01,0.621959,0.027505,0.040041,9,9,1.0,37.955964,95194713.0
2429,2019,9,2019-09-01,0.41275,0.02657,0.033188,9,9,1.0,29.891989,91974497.0
2429,2020,3,2020-03-01,0.077697,0.026351,0.023387,9,9,1.0,31.03133,94604585.0
2429,2020,4,2020-04-01,0.199755,0.034923,0.046417,9,9,1.0,21.634567,96808107.0
2429,2020,5,2020-05-01,0.314381,0.025399,0.030194,9,9,1.0,41.570567,93035456.0
2429,2020,6,2020-06-01,0.919097,0.027869,0.092827,9,9,1.0,38.52881,96006563.0
2429,2020,7,2020-07-01,0.957062,0.030979,0.077081,9,9,1.0,32.478606,99686529.0
2429,2020,8,2020-08-01,0.662331,0.027627,0.046417,9,9,1.0,38.00301,97684078.0
2429,2020,9,2020-09-01,0.45124,0.025727,0.039763,9,9,1.0,31.927698,91237630.0
2429,2021,3,2021-03-01,0.159318,0.028259,0.052072,9,9,1.0,28.07307,94409616.0
2429,2021,4,2021-04-01,0.362472,0.033637,0.065519,9,9,1.0,22.796133,98410821.0
2429,2021,5,2021-05-01,0.39866,0.031662,0.046023,9,9,1.0,25.298465,91970868.0
2429,2021,6,2021-06-01,0.93059,0.025401,0.064049,9,9,1.0,48.206791,95947119.0
2429,2021,7,2021-07-01,0.986596,0.026905,0.053319,9,9,1.0,43.52669,101406324.0
2429,2021,8,2021-08-01,0.595479,0.03116,0.067475,9,9,1.0,30.899569,97445628.0
2429,2021,9,2021-09-01,0.432684,0.029301,0.032242,9,9,1.0,22.106404,90094126.0
2429,2022,3,2022-03-01,0.159103,0.025597,0.026208,9,9,1.0,34.671853,95748274.0
2429,2022,4,2022-04-01,0.34528,0.034344,0.038402,9,9,1.0,23.912852,97595138.0
2429,2022,5,2022-05-01,0.352241,0.028848,0.058335,9,9,1.0,32.96462,92699999.0
2429,2022,6,2022-06-01,0.887584,0.030004,0.05512,9,9,1.0,34.819995,95901303.0
2429,2022,7,2022-07-01,0.921921,0.029578,0.082465,9,9,1.0,36.520521,102035161.0
2429,2022,8,2022-08-01,0.754957,0.028276,0.038427,9,9,1.0,33.233072,98258702.0
2429,2022,9,2022-09-01,0.395008,0.036941,0.064874,9,9,1.0,14.903099,88902747.0
2429,2023,3,2023-03-01,0.111765,0.030774,0.036079,9,9,1.0,24.073117,93671913.0
2429,2023,4,2023-04-01,0.291759,0.027675,0.050971,9,9,1.0,38.660467,98665163.0
2429,2023,5,2023-05-01,0.442421,0.026911,0.075567,9,9,1.0,37.090388,95301562.0
2429,2023,6,2023-06-01,1.033936,0.027709,0.088764,9,9,1.0,38.645178,96444568.0
2429,2023,7,2023-07-01,0.85384,0.03459,0.069855,9,9,1.0,28.038266,101753881.0
2429,2023,8,2023-08-01,0.708643,0.028577,0.04602,9,9,1.0,34.794332,96968132.0
2429,2023,9,2023-09-01,0.397306,0.029497,0.03499,9,9,1.0,23.9576,90239324.0
2429,2024,3,2024-03-01,0.127153,0.030356,0.031417,9,9,1.0,25.219067,86372445.0
2429,2024,4,2024-04-01,0.287111,0.03987,0.028465,9,9,1.0,18.511357,95332509.0
2429,2024,5,2024-05-01,0.525159,0.02657,0.036263,9,9,1.0,34.376091,89883638.0
2429,2024,6,2024-06-01,1.046149,0.031802,0.111942,9,9,1.0,30.384778,84217408.0
2429,2024,7,2024-07-01,0.93194,0.03101,0.049341,9,9,1.0,33.731126,95425695.0
2429,2024,8,2024-08-01,0.717409,0.02869,0.064939,9,9,1.0,32.86693,91425313.0
2429,2024,9,2024-09-01,0.539579,0.024337,0.055768,9,9,1.0,33.436891,85979995.0
2429,2025,3,2025-03-01,0.219791,0.026837,0.03054,9,9,1.0,37.082806,87368194.0
2429,2025,4,2025-04-01,0.256397,0.025755,0.043027,9,9,1.0,38.532406,96861891.0
2429,2025,5,2025-05-01,0.354103,0.029748,0.051272,9,9,1.0,28.723,89188846.0
2429,2025,6,2025-06-01,0.707193,0.033539,0.063253,9,9,1.0,24.554122,91704495.0
2429,2025,7,2025-07-01,0.971374,0.026659,0.082294,9,9,1.0,41.575239,94751856.0
2429,2025,8,2025-08-01,0.764375,0.026381,0.051511,9,9,1.0,40.634248,94948426.0
2429,2025,9,2025-09-01,0.533827,0.024781,0.055717,9,9,1.0,32.017537,89061648.0
2439,2019,3,2019-03-01,0.075355,0.033825,0.027649,7,7,1.0,27.868505,73511224.0
2439,2019,4,2019-04-01,0.138839,0.030438,0.047016,7,7,1.0,36.152664,74389486.0
2439,2019,5,2019-05-01,0.168632,0.034454,0.051541,7,7,1.0,21.53825,73985614.0
2439,2019,6,2019-06-01,0.607646,0.028863,0.036498,7,7,1.0,39.476466,76811205.0
2439,2019,7,2019-07-01,0.705811,0.034052,0.075309,7,7,1.0,28.486797,76826548.0
2439,2019,8,2019-08-01,0.500834,0.030031,0.054043,7,7,1.0,34.549729,95194713.0
2439,2019,9,2019-09-01,0.28112,0.02713,0.04925,7,7,1.0,27.939103,91974497.0
2439,2020,3,2020-03-01,0.036352,0.02851,0.057836,7,7,1.0,40.580792,94604585.0
2439,2020,4,2020-04-01,0.165851,0.037995,0.020599,7,7,1.0,23.586592,96808107.0
2439,2020,5,2020-05-01,0.208538,0.027122,0.044417,7,7,1.0,39.071717,93035456.0
2439,2020,6,2020-06-01,0.673482,0.029852,0.062024,7,7,1.0,34.559554,96006563.0
2439,2020,7,2020-07-01,0.63203,0.032779,0.090203,7,7,1.0,30.279131,99686529.0
2439,2020,8,2020-08-01,0.537993,0.029753,0.099269,7,7,1.0,33.571442,97684078.0
2439,2020,9,2020-09-01,0.302879,0.02594,0.04773,7,7,1.0,35.613306,91237630.0
2439,2021,3,2021-03-01,0.071983,0.029695,0.045572,7,7,1.0,37.712858,94409616.0
2439,2021,4,2021-04-01,0.177209,0.032784,0.040928,7,7,1.0,29.948259,98410821.0
2439,2021,5,2021-05-01,0.255925,0.031766,0.05767,7,7,1.0,27.618398,91970868.0
2439,2021,6,2021-06-01,0.690527,0.025796,0.055524,7,7,1.0,47.349758,95947119.0
2439,2021,7,2021-07-01,0.857862,0.026692,0.066493,7,7,1.0,43.554543,101406324.0
2439,2021,8,2021-08-01,0.478032,0.030301,0.093169,7,7,1.0,34.908346,97445628.0
2439,2021,9,2021-09-01,0.287418,0.029493,0.033644,7,7,1.0,28.127881,90094126.0
2439,2022,3,2022-03-01,0.093476,0.029262,0.047691,7,7,1.0,38.787503,95748274.0
2439,2022,4,2022-04-01,0.171656,0.037989,0.050958,7,7,1.0,27.576328,97595138.0
2439,2022,5,2022-05-01,0.159044,0.030871,0.026233,7,7,1.0,28.381969,92699999.0
2439,2022,6,2022-06-01,0.660258,0.030755,0.070765,7,7,1.0,35.291958,95901303.0
2439,2022,7,2022-07-01,0.821275,0.033341,0.031001,7,7,1.0,29.181763,102035161.0
2439,2022,8,2022-08-01,0.68529,0.027966,0.057073,7,7,1.0,36.91937,98258702.0
2439,2022,9,2022-09-01,0.297543,0.035161,0.042639,7,7,1.0,21.429711,88902747.0
2439,2023,3,2023-03-01,0.044686,0.034,0.027509,7,7,1.0,30.572205,93671913.0
2439,2023,4,2023-04-01,0.236306,0.034067,0.051438,7,7,1.0,37.296311,98665163.0
2439,2023,5,2023-05-01,0.403003,0.027835,0.025663,7,7,1.0,40.175976,95301562.0
2439,2023,6,2023-06-01,0.648656,0.029623,0.061971,7,7,1.0,37.926131,96444568.0
2439,2023,7,2023-07-01,0.692794,0.037484,0.08289,7,7,1.0,26.862329,101753881.0
2439,2023,8,2023-08-01,0.565305,0.029692,0.07236,7,7,1.0,35.077482,96968132.0
2439,2023,9,2023-09-01,0.360098,0.030881,0.041495,7,7,1.0,25.708791,90239324.0
2439,2024,3,2024-03-01,0.092737,0.03534,0.03691,7,7,1.0,23.574533,86372445.0
2439,2024,4,2024-04-01,0.139223,0.04412,0.06992,7,7,1.0,16.473766,95332509.0
2439,2024,5,2024-05-01,0.376948,0.027253,0.031658,7,7,1.0,34.332924,89883638.0
2439,2024,6,2024-06-01,0.770784,0.032457,0.091131,7,7,1.0,31.215719,84217408.0
2439,2024,7,2024-07-01,0.786997,0.031943,0.065938,7,7,1.0,33.924456,95425695.0
2439,2024,8,2024-08-01,0.594711,0.029436,0.061693,7,7,1.0,36.401595,91425313.0
2439,2024,9,2024-09-01,0.420069,0.023686,0.020598,7,7,1.0,39.231618,85979995.0
2439,2025,3,2025-03-01,0.112424,0.032623,0.04906,7,7,1.0,32.413748,87368194.0
2439,2025,4,2025-04-01,0.173959,0.028997,0.022645,7,7,1.0,39.310914,96861891.0
2439,2025,5,2025-05-01,0.278634,0.032906,0.021719,7,7,1.0,26.221748,89188846.0
2439,2025,6,2025-06-01,0.541439,0.034412,0.062078,7,7,1.0,30.475333,91704495.0
2439,2025,7,2025-07-01,0.758119,0.02723,0.099454,7,7,1.0,43.113975,94751856.0
2439,2025,8,2025-08-01,0.600877,0.030624,0.033183,7,7,1.0,31.184722,94948426.0
2439,2025,9,2025-09-01,0.382098,0.025243,0.030222,7,7,1.0,31.875049,89061648.0
2462,2019,3,2019-03-01,0.064959,0.032016,0.062684,9,9,1.0,17.838517,73511224.0
2462,2019,4,2019-04-01,0.171761,0.021058,0.014964,9,9,1.0,39.678403,74389486.0
2462,2019,5,2019-05-01,0.337722,0.030222,0.047655,9,9,1.0,27.397991,73985614.0
2462,2019,6,2019-06-01,1.501591,0.028939,0.106195,9,9,1.0,37.829136,76811205.0
2462,2019,7,2019-07-01,1.538972,0.028726,0.070132,9,9,1.0,38.569341,76826548.0
2462,2019,8,2019-08-01,0.679813,0.026591,0.058199,9,9,1.0,36.723157,95194713.0
2462,2019,9,2019-09-01,0.382832,0.024832,0.053723,9,9,1.0,30.872866,91974497.0
2462,2020,3,2020-03-01,0.017951,0.024166,0.044987,9,9,1.0,30.15861,94604585.0
2462,2020,4,2020-04-01,0.12536,0.024975,0.023149,9,9,1.0,36.672314,96808107.0
2462,2020,5,2020-05-01,0.236142,0.024655,0.045538,9,9,1.0,37.072653,93035456.0
2462,2020,6,2020-06-01,1.250006,0.026703,0.066398,9,9,1.0,40.098929,96006563.0
2462,2020,7,2020-07-01,1.307255,0.03165,0.05407,9,9,1.0,31.871327,99686529.0
2462,2020,8,2020-08-01,0.947514,0.026463,0.054224,9,9,1.0,36.725148,97684078.0
2462,2020,9,2020-09-01,0.452322,0.025002,0.03818,9,9,1.0,30.056137,91237630.0
2462,2021,3,2021-03-01,0.208016,0.031545,0.070406,9,9,1.0,25.337487,94409616.0
2462,2021,4,2021-04-01,0.140636,0.02315,0.038275,9,9,1.0,33.982991,98410821.0
2462,2021,5,2021-05-01,0.377527,0.027587,0.028201,9,9,1.0,30.768675,91970868.0
2462,2021,6,2021-06-01,1.446316,0.026827,0.104207,9,9,1.0,43.844704,95947119.0
2462,2021,7,2021-07-01,1.342944,0.02526,0.055741,9,9,1.0,49.455802,101406324.0
2462,2021,8,2021-08-01,0.659626,0.027233,0.092013,9,9,1.0,32.53414,97445628.0
2462,2021,9,2021-09-01,0.440644,0.027729,0.065744,9,9,1.0,26.472044,90094126.0
2462,2022,3,2022-03-01,0.185131,0.033032,0.07054,9,9,1.0,21.981326,95748274.0
2462,2022,4,2022-04-01,0.112439,0.027917,0.056348,9,9,1.0,26.3237,97595138.0
2462,2022,5,2022-05-01,0.321529,0.024382,0.022331,9,9,1.0,37.910128,92699999.0
2462,2022,6,2022-06-01,1.555156,0.02976,0.074535,9,9,1.0,36.725277,95901303.0
2462,2022,7,2022-07-01,1.487869,0.031165,0.082075,9,9,1.0,36.901926,102035161.0
2462,2022,8,2022-08-01,0.900276,0.025414,0.040857,9,9,1.0,40.227687,98258702.0
2462,2022,9,2022-09-01,0.40633,0.0258,0.050191,9,9,1.0,27.736768,88902747.0
2462,2023,3,2023-03-01,0.145958,0.03524,0.087241,9,9,1.0,20.366454,93671913.0
2462,2023,4,2023-04-01,0.133645,0.025021,0.041042,9,9,1.0,39.981364,98665163.0
2462,2023,5,2023-05-01,0.419665,0.023735,0.058539,9,9,1.0,42.212107,95301562.0
2462,2023,6,2023-06-01,1.181735,0.026018,0.044578,9,9,1.0,43.302127,96444568.0
2462,2023,7,2023-07-01,1.278967,0.032691,0.098499,9,9,1.0,29.174475,101753881.0
2462,2023,8,2023-08-01,0.986708,0.029907,0.068555,9,9,1.0,28.840401,96968132.0
2462,2023,9,2023-09-01,0.513502,0.027409,0.043469,9,9,1.0,25.580778,90239324.0
2462,2024,3,2024-03-01,0.213802,0.034039,0.077783,9,9,1.0,20.373278,86372445.0
2462,2024,4,2024-04-01,0.054993,0.029061,0.045554,9,9,1.0,19.93828,95332509.0
2462,2024,5,2024-05-01,0.450862,0.021929,0.044791,9,9,1.0,47.993337,89883638.0
2462,2024,6,2024-06-01,1.432162,0.0325,0.104154,9,9,1.0,29.641094,84217408.0
2462,2024,7,2024-07-01,1.385889,0.032566,0.085433,9,9,1.0,30.024137,95425695.0
2462,2024,8,2024-08-01,0.80168,0.028278,0.033673,9,9,1.0,33.053174,91425313.0
2462,2024,9,2024-09-01,0.515861,0.021697,0.030593,9,9,1.0,42.734001,85979995.0
2462,2025,3,2025-03-01,0.110188,0.023281,0.03927,9,9,1.0,28.167966,87368194.0
2462,2025,4,2025-04-01,0.187525,0.022992,0.054305,9,9,1.0,32.700178,96861891.0
2462,2025,5,2025-05-01,0.379638,0.026567,0.029533,9,9,1.0,32.620556,89188846.0
2462,2025,6,2025-06-01,1.34654,0.031627,0.121092,9,9,1.0,32.108037,91704495.0
2462,2025,7,2025-07-01,1.756694,0.02745,0.118429,9,9,1.0,44.237963,94751856.0
2462,2025,8,2025-08-01,0.820214,0.026222,0.05986,9,9,1.0,35.848827,94948426.0
2462,2025,9,2025-09-01,0.499901,0.023506,0.029341,9,9,1.0,35.946203,89061648.0
2481,2019,3,2019-03-01,0.088716,0.031939,0.06067,9,9,1.0,23.556723,73511224.0
2481,2019,4,2019-04-01,0.237058,0.02952,0.016267,9,9,1.0,34.41757,74389486.0
2481,2019,5,2019-05-01,0.416877,0.039087,0.043596,9,9,1.0,21.669453,73985614.0
2481,2019,6,2019-06-01,0.803743,0.031339,0.059626,9,9,1.0,35.030395,76811205.0
2481,2019,7,2019-07-01,0.766646,0.0347,0.063509,9,9,1.0,29.701021,76826548.0
2481,2019,8,2019-08-01,0.62222,0.030952,0.030289,9,9,1.0,35.538824,95194713.0
2481,2019,9,2019-09-01,0.475544,0.031992,0.034548,9,9,1.0,28.486124,91974497.0
2481,2020,3,2020-03-01,0.066192,0.029389,0.024937,9,9,1.0,31.989352,94604585.0
2481,2020,4,2020-04-01,0.143676,0.036654,0.048281,9,9,1.0,23.301565,96808107.0
2481,2020,5,2020-05-01,0.288827,0.029967,0.031999,9,9,1.0,37.549637,93035456.0
2481,2020,6,2020-06-01,0.963468,0.029455,0.04655,9,9,1.0,40.558492,96006563.0
2481,2020,7,2020-07-01,0.876463,0.034006,0.031391,9,9,1.0,36.065635,99686529.0
2481,2020,8,2020-08-01,0.74693,0.028862,0.055838,9,9,1.0,42.48119,97684078.0
2481,2020,9,2020-09-01,0.397532,0.029974,0.021917,9,9,1.0,28.911053,91237630.0
2481,2021,3,2021-03-01,0.2472,0.032477,0.021369,9,9,1.0,27.225254,94409616.0
2481,2021,4,2021-04-01,0.275238,0.032728,0.041369,9,9,1.0,30.137009,98410821.0
2481,2021,5,2021-05-01,0.379077,0.034792,0.009725,9,9,1.0,27.665837,91970868.0
2481,2021,6,2021-06-01,1.006019,0.027823,0.054857,9,9,1.0,48.789676,95947119.0
2481,2021,7,2021-07-01,0.963962,0.030483,0.024046,9,9,1.0,39.070186,101406324.0
2481,2021,8,2021-08-01,0.671362,0.033476,0.048658,9,9,1.0,30.121204,97445628.0
2481,2021,9,2021-09-01,0.365502,0.031345,0.0334,9,9,1.0,22.04904,90094126.0
2481,2022,3,2022-03-01,0.203985,0.030412,0.022895,9,9,1.0,30.514739,95748274.0
2481,2022,4,2022-04-01,0.339181,0.040979,0.019751,9,9,1.0,19.50952,97595138.0
2481,2022,5,2022-05-01,0.33728,0.031291,0.016352,9,9,1.0,28.189112,92699999.0
2481,2022,6,2022-06-01,1.076636,0.036944,0.039277,9,9,1.0,28.013059,95901303.0
2481,2022,7,2022-07-01,0.987342,0.034188,0.047956,9,9,1.0,30.681812,102035161.0
2481,2022,8,2022-08-01,0.810255,0.029407,0.057386,9,9,1.0,34.750028,98258702.0
2481,2022,9,2022-09-01,0.457052,0.036033,0.089247,9,9,1.0,23.27403,88902747.0
2481,2023,3,2023-03-01,0.137139,0.032773,0.03676,9,9,1.0,27.504946,93671913.0
2481,2023,4,2023-04-01,0.304899,0.030558,0.02525,9,9,1.0,36.150439,98665163.0
2481,2023,5,2023-05-01,0.544147,0.029065,0.025617,9,9,1.0,36.118006,95301562.0
2481,2023,6,2023-06-01,0.98388,0.031882,0.021966,9,9,1.0,37.153681,96444568.0
2481,2023,7,2023-07-01,0.783961,0.037295,0.062749,9,9,1.0,29.432094,101753881.0
2481,2023,8,2023-08-01,0.684201,0.030891,0.038193,9,9,1.0,35.794301,96968132.0
2481,2023,9,2023-09-01,0.497629,0.029678,0.058363,9,9,1.0,28.361381,90239324.0
2481,2024,3,2024-03-01,0.222952,0.035014,0.051638,9,9,1.0,22.67513,86372445.0
2481,2024,4,2024-04-01,0.200811,0.040727,0.047705,9,9,1.0,19.029768,95332509.0
2481,2024,5,2024-05-01,0.46721,0.025971,0.03166,9,9,1.0,44.841013,89883638.0
2481,2024,6,2024-06-01,0.981759,0.034193,0.048324,9,9,1.0,31.434826,84217408.0
2481,2024,7,2024-07-01,0.883304,0.035769,0.037601,9,9,1.0,27.479979,95425695.0
2481,2024,8,2024-08-01,0.76857,0.032138,0.05534,9,9,1.0,30.786276,91425313.0
2481,2024,9,2024-09-01,0.564455,0.027088,0.024208,9,9,1.0,33.297312,85979995.0
2481,2025,3,2025-03-01,0.201567,0.030223,0.057369,9,9,1.0,33.210796,87368194.0
2481,2025,4,2025-04-01,0.241898,0.026919,0.02615,9,9,1.0,40.140624,96861891.0
2481,2025,5,2025-05-01,0.343698,0.034519,0.043315,9,9,1.0,22.348539,89188846.0
2481,2025,6,2025-06-01,0.798745,0.041058,0.056899,9,9,1.0,24.190111,91704495.0
2481,2025,7,2025-07-01,1.015787,0.029053,0.045575,9,9,1.0,44.236939,94751856.0
2481,2025,8,2025-08-01,0.728629,0.029865,0.03174,9,9,1.0,39.692226,94948426.0
2481,2025,9,2025-09-01,0.513823,0.025896,0.038755,9,9,1.0,34.943161,89061648.0
2491,2019,3,2019-03-01,0.115677,0.035211,0.049759,9,9,1.0,22.20007,73511224.0
2491,2019,4,2019-04-01,0.197754,0.026705,0.025021,9,9,1.0,38.15863,74389486.0
2491,2019,5,2019-05-01,0.40259,0.033809,0.036209,9,9,1.0,24.120699,73985614.0
2491,2019,6,2019-06-01,1.050956,0.028116,0.055925,9,9,1.0,42.894787,76811205.0
2491,2019,7,2019-07-01,0.856065,0.034296,0.090285,9,9,1.0,30.83907,76826548.0
2491,2019,8,2019-08-01,0.71541,0.029301,0.056193,9,9,1.0,33.5666,95194713.0
2491,2019,9,2019-09-01,0.381025,0.029629,0.065063,9,9,1.0,27.459268,91974497.0
2491,2020,3,2020-03-01,0.014553,0.027352,0.061457,9,9,1.0,29.742027,94604585.0
2491,2020,4,2020-04-01,0.145692,0.036725,0.059535,9,9,1.0,21.854371,96808107.0
2491,2020,5,2020-05-01,0.265415,0.025499,0.043625,9,9,1.0,42.04502,93035456.0
2491,2020,6,2020-06-01,1.017326,0.028279,0.069507,9,9,1.0,40.071023,96006563.0
2491,2020,7,2020-07-01,0.987239,0.030675,0.094304,9,9,1.0,34.310317,99686529.0
2491,2020,8,2020-08-01,0.735509,0.028282,0.059057,9,9,1.0,38.575585,97684078.0
2491,2020,9,2020-09-01,0.48994,0.027421,0.041413,9,9,1.0,28.767568,91237630.0
2491,2021,3,2021-03-01,0.09682,0.033561,0.09364,9,9,1.0,26.38105,94409616.0
2491,2021,4,2021-04-01,0.267675,0.03358,0.059036,9,9,1.0,23.616562,98410821.0
2491,2021,5,2021-05-01,0.345547,0.031759,0.064246,9,9,1.0,26.299853,91970868.0
2491,2021,6,2021-06-01,1.074517,0.025964,0.064718,9,9,1.0,47.126695,95947119.0
2491,2021,7,2021-07-01,1.031093,0.026772,0.057157,9,9,1.0,43.482213,101406324.0
2491,2021,8,2021-08-01,0.685755,0.031044,0.077013,9,9,1.0,27.89309,97445628.0
2491,2021,9,2021-09-01,0.418409,0.029652,0.029379,9,9,1.0,19.816071,90094126.0
2491,2022,3,2022-03-01,0.169654,0.031294,0.086474,9,9,1.0,29.966921,95748274.0
2491,2022,4,2022-04-01,0.312196,0.036639,0.039281,9,9,1.0,23.587148,97595138.0
2491,2022,5,2022-05-01,0.308452,0.030562,0.028729,9,9,1.0,30.362773,92699999.0
2491,2022,6,2022-06-01,1.058532,0.031679,0.046279,9,9,1.0,32.360493,95901303.0
2491,2022,7,2022-07-01,1.125258,0.031808,0.074435,9,9,1.0,34.052886,102035161.0
2491,2022,8,2022-08-01,0.811918,0.027197,0.067944,9,9,1.0,36.28062,98258702.0
2491,2022,9,2022-09-01,0.46075,0.036168,0.052646,9,9,1.0,16.059744,88902747.0
2491,2023,3,2023-03-01,-0.0032,0.035693,0.044862,9,9,1.0,21.488997,93671913.0
2491,2023,4,2023-04-01,0.215038,0.030848,0.079561,9,9,1.0,38.110694,98665163.0
2491,2023,5,2023-05-01,0.559187,0.027598,0.044088,9,9,1.0,35.964728,95301562.0
2491,2023,6,2023-06-01,1.061664,0.028543,0.069318,9,9,1.0,37.931213,96444568.0
2491,2023,7,2023-07-01,0.970551,0.035245,0.067529,9,9,1.0,27.551225,101753881.0
2491,2023,8,2023-08-01,0.763305,0.028568,0.060096,9,9,1.0,34.376746,96968132.0
2491,2023,9,2023-09-01,0.482148,0.030311,0.091747,9,9,1.0,21.994419,90239324.0
2491,2024,3,2024-03-01,0.172691,0.035258,0.049132,9,9,1.0,21.217248,86372445.0
2491,2024,4,2024-04-01,0.135496,0.036707,0.081009,9,9,1.0,22.08183,95332509.0
2491,2024,5,2024-05-01,0.497102,0.024822,0.057403,9,9,1.0,42.062057,89883638.0
2491,2024,6,2024-06-01,1.095188,0.030337,0.051955,9,9,1.0,35.836426,84217408.0
2491,2024,7,2024-07-01,1.159292,0.031508,0.076728,9,9,1.0,34.091403,95425695.0
2491,2024,8,2024-08-01,0.782578,0.029504,0.062045,9,9,1.0,31.855786,91425313.0
2491,2024,9,2024-09-01,0.556788,0.024093,0.045229,9,9,1.0,34.276706,85979995.0
2491,2025,3,2025-03-01,0.176181,0.031447,0.071571,9,9,1.0,32.508977,87368194.0
2491,2025,4,2025-04-01,0.133988,0.024109,0.02727,9,9,1.0,42.724956,96861891.0
2491,2025,5,2025-05-01,0.307856,0.030275,0.050275,9,9,1.0,25.817594,89188846.0
2491,2025,6,2025-06-01,0.963793,0.035245,0.086064,9,9,1.0,30.339027,91704495.0
2491,2025,7,2025-07-01,1.141727,0.028409,0.082593,9,9,1.0,40.819407,94751856.0
2491,2025,8,2025-08-01,0.729421,0.02875,0.033648,9,9,1.0,36.487824,94948426.0
2491,2025,9,2025-09-01,0.557686,0.025686,0.051367,9,9,1.0,31.66171,89061648.0
2495,2019,3,2019-03-01,0.112261,0.029925,0.063278,9,9,1.0,24.992512,73511224.0
2495,2019,4,2019-04-01,0.259443,0.024764,0.037601,9,9,1.0,39.421409,74389486.0
2495,2019,5,2019-05-01,0.384116,0.032829,0.059666,9,9,1.0,21.566655,73985614.0
2495,2019,6,2019-06-01,0.798137,0.026661,0.044972,9,9,1.0,39.952136,76811205.0
2495,2019,7,2019-07-01,0.791842,0.0314,0.061871,9,9,1.0,29.502042,76826548.0
2495,2019,8,2019-08-01,0.602731,0.026237,0.055211,9,9,1.0,37.359375,95194713.0
2495,2019,9,2019-09-01,0.389603,0.025312,0.036913,9,9,1.0,26.944074,91974497.0
2495,2020,3,2020-03-01,0.075775,0.0256,0.034794,9,9,1.0,33.382436,94604585.0
2495,2020,4,2020-04-01,0.206023,0.033864,0.058468,9,9,1.0,21.67565,96808107.0
2495,2020,5,2020-05-01,0.368486,0.024861,0.048035,9,9,1.0,40.115471,93035456.0
2495,2020,6,2020-06-01,0.904421,0.026339,0.042426,9,9,1.0,37.983973,96006563.0
2495,2020,7,2020-07-01,0.848424,0.029782,0.05012,9,9,1.0,31.467702,99686529.0
2495,2020,8,2020-08-01,0.641911,0.027858,0.057207,9,9,1.0,34.686581,97684078.0
2495,2020,9,2020-09-01,0.376865,0.02491,0.053753,9,9,1.0,31.773126,91237630.0
2495,2021,3,2021-03-01,0.133002,0.026292,0.04487,9,9,1.0,28.686018,94409616.0
2495,2021,4,2021-04-01,0.307572,0.033071,0.038312,9,9,1.0,23.175189,98410821.0
2495,2021,5,2021-05-01,0.415259,0.031138,0.064733,9,9,1.0,26.276684,91970868.0
2495,2021,6,2021-06-01,0.893237,0.024149,0.050251,9,9,1.0,48.945029,95947119.0
2495,2021,7,2021-07-01,0.95314,0.025857,0.039585,9,9,1.0,42.88135,101406324.0
2495,2021,8,2021-08-01,0.616407,0.029177,0.037713,9,9,1.0,30.383284,97445628.0
2495,2021,9,2021-09-01,0.366178,0.027858,0.061082,9,9,1.0,22.947508,90094126.0
2495,2022,3,2022-03-01,0.160901,0.024813,0.030988,9,9,1.0,33.717671,95748274.0
2495,2022,4,2022-04-01,0.29007,0.033798,0.058238,9,9,1.0,23.032673,97595138.0
2495,2022,5,2022-05-01,0.360291,0.027114,0.033741,9,9,1.0,33.361563,92699999.0
2495,2022,6,2022-06-01,0.913152,0.028513,0.026456,9,9,1.0,35.300348,95901303.0
2495,2022,7,2022-07-01,0.872817,0.028615,0.057807,9,9,1.0,36.783447,102035161.0
2495,2022,8,2022-08-01,0.718263,0.025574,0.037982,9,9,1.0,34.63169,98258702.0
2495,2022,9,2022-09-01,0.366934,0.036539,0.077139,9,9,1.0,16.220324,88902747.0
2495,2023,3,2023-03-01,0.129818,0.029218,0.049901,9,9,1.0,24.935164,93671913.0
2495,2023,4,2023-04-01,0.293721,0.026193,0.03974,9,9,1.0,39.140626,98665163.0
2495,2023,5,2023-05-01,0.521255,0.025352,0.031907,9,9,1.0,36.366205,95301562.0
2495,2023,6,2023-06-01,0.966359,0.026379,0.044837,9,9,1.0,38.676927,96444568.0
2495,2023,7,2023-07-01,0.849904,0.033986,0.046756,9,9,1.0,26.934797,101753881.0
2495,2023,8,2023-08-01,0.696361,0.027812,0.041581,9,9,1.0,33.611451,96968132.0
2495,2023,9,2023-09-01,0.355446,0.028187,0.036894,9,9,1.0,24.020628,90239324.0
2495,2024,3,2024-03-01,0.110801,0.029702,0.038394,9,9,1.0,24.39544,86372445.0
2495,2024,4,2024-04-01,0.285285,0.038499,0.065245,9,9,1.0,19.695901,95332509.0
2495,2024,5,2024-05-01,0.558198,0.02535,0.023564,9,9,1.0,34.073373,89883638.0
2495,2024,6,2024-06-01,1.059697,0.030117,0.059157,9,9,1.0,31.141628,84217408.0
2495,2024,7,2024-07-01,0.958116,0.030513,0.050261,9,9,1.0,32.151299,95425695.0
2495,2024,8,2024-08-01,0.729394,0.027177,0.042365,9,9,1.0,32.4081,91425313.0
2495,2024,9,2024-09-01,0.501526,0.022942,0.034336,9,9,1.0,34.744341,85979995.0
2495,2025,3,2025-03-01,0.215245,0.025907,0.040679,9,9,1.0,37.134349,87368194.0
2495,2025,4,2025-04-01,0.267053,0.024059,0.039293,9,9,1.0,41.958949,96861891.0
2495,2025,5,2025-05-01,0.341397,0.028848,0.029883,9,9,1.0,28.632025,89188846.0
2495,2025,6,2025-06-01,0.714504,0.031252,0.068282,9,9,1.0,26.198732,91704495.0
2495,2025,7,2025-07-01,0.977367,0.025527,0.051753,9,9,1.0,42.476011,94751856.0
2495,2025,8,2025-08-01,0.703175,0.025374,0.036265,9,9,1.0,40.938496,94948426.0
2495,2025,9,2025-09-01,0.510235,0.023205,0.036144,9,9,1.0,34.256055,89061648.0
2498,2019,3,2019-03-01,0.092621,0.032172,0.033875,9,9,1.0,20.101035,73511224.0
2498,2019,4,2019-04-01,0.241944,0.026107,0.044264,9,9,1.0,31.78418,74389486.0
2498,2019,5,2019-05-01,0.227134,0.032827,0.039181,9,9,1.0,18.266472,73985614.0
2498,2019,6,2019-06-01,0.76526,0.027203,0.055254,9,9,1.0,32.283206,76811205.0
2498,2019,7,2019-07-01,0.819443,0.030937,0.049665,9,9,1.0,26.756572,76826548.0
2498,2019,8,2019-08-01,0.534454,0.027583,0.038589,9,9,1.0,29.772528,95194713.0
2498,2019,9,2019-09-01,0.378303,0.026322,0.042385,9,9,1.0,24.246118,91974497.0
2498,2020,3,2020-03-01,0.058418,0.026566,0.037905,9,9,1.0,29.852592,94604585.0
2498,2020,4,2020-04-01,0.185707,0.032447,0.054882,9,9,1.0,21.102587,96808107.0
2498,2020,5,2020-05-01,0.186312,0.024411,0.056333,9,9,1.0,30.238801,93035456.0
2498,2020,6,2020-06-01,0.88387,0.025684,0.032618,9,9,1.0,34.855684,96006563.0
2498,2020,7,2020-07-01,0.852878,0.030066,0.082131,9,9,1.0,28.95029,99686529.0
2498,2020,8,2020-08-01,0.619995,0.027385,0.035788,9,9,1.0,28.524764,97684078.0
2498,2020,9,2020-09-01,0.364752,0.026072,0.045279,9,9,1.0,25.49343,91237630.0
2498,2021,3,2021-03-01,0.120756,0.027919,0.046171,9,9,1.0,27.083806,94409616.0
2498,2021,4,2021-04-01,0.231238,0.030397,0.040995,9,9,1.0,21.713545,98410821.0
2498,2021,5,2021-05-01,0.325547,0.029069,0.044002,9,9,1.0,22.10073,91970868.0
2498,2021,6,2021-06-01,0.944773,0.024549,0.052658,9,9,1.0,39.237952,95947119.0
2498,2021,7,2021-07-01,0.899815,0.025743,0.044309,9,9,1.0,35.401298,101406324.0
2498,2021,8,2021-08-01,0.628173,0.029957,0.045669,9,9,1.0,24.807921,97445628.0
2498,2021,9,2021-09-01,0.350173,0.027414,0.029207,9,9,1.0,19.827126,90094126.0
2498,2022,3,2022-03-01,0.16864,0.027501,0.028175,9,9,1.0,28.295659,95748274.0
2498,2022,4,2022-04-01,0.278589,0.035446,0.06593,9,9,1.0,21.051167,97595138.0
2498,2022,5,2022-05-01,0.216191,0.027387,0.05462,9,9,1.0,26.906986,92699999.0
2498,2022,6,2022-06-01,0.98877,0.029339,0.055467,9,9,1.0,27.348557,95901303.0
2498,2022,7,2022-07-01,0.943965,0.029402,0.103888,9,9,1.0,29.421312,102035161.0
2498,2022,8,2022-08-01,0.71552,0.027028,0.048357,9,9,1.0,30.177952,98258702.0
2498,2022,9,2022-09-01,0.329903,0.036102,0.081775,9,9,1.0,12.51995,88902747.0
2498,2023,3,2023-03-01,0.076151,0.031476,0.056759,9,9,1.0,20.496111,93671913.0
2498,2023,4,2023-04-01,0.251619,0.029333,0.060331,9,9,1.0,30.868343,98665163.0
2498,2023,5,2023-05-01,0.443799,0.026066,0.055727,9,9,1.0,29.814456,95301562.0
2498,2023,6,2023-06-01,1.012632,0.027585,0.025225,9,9,1.0,30.343691,96444568.0
2498,2023,7,2023-07-01,0.856037,0.035528,0.084284,9,9,1.0,20.051842,101753881.0
2498,2023,8,2023-08-01,0.725994,0.025735,0.051683,9,9,1.0,31.02847,96968132.0
2498,2023,9,2023-09-01,0.409172,0.02963,0.033234,9,9,1.0,17.752102,90239324.0
2498,2024,3,2024-03-01,0.164669,0.031965,0.041361,9,9,1.0,22.358261,86372445.0
2498,2024,4,2024-04-01,0.132878,0.038101,0.077185,9,9,1.0,16.859486,95332509.0
2498,2024,5,2024-05-01,0.528819,0.024818,0.055478,9,9,1.0,30.249924,89883638.0
2498,2024,6,2024-06-01,1.016378,0.029124,0.057308,9,9,1.0,27.073684,84217408.0
2498,2024,7,2024-07-01,0.862022,0.029965,0.034728,9,9,1.0,27.572953,95425695.0
2498,2024,8,2024-08-01,0.702005,0.025595,0.042036,9,9,1.0,31.40751,91425313.0
2498,2024,9,2024-09-01,0.466486,0.022824,0.029533,9,9,1.0,27.715477,85979995.0
2498,2025,3,2025-03-01,0.179368,0.029458,0.027063,9,9,1.0,26.401668,87368194.0
2498,2025,4,2025-04-01,0.178044,0.02377,0.047204,9,9,1.0,33.792284,96861891.0
2498,2025,5,2025-05-01,0.312551,0.027871,0.044676,9,9,1.0,22.305247,89188846.0
2498,2025,6,2025-06-01,0.771362,0.03254,0.05651,9,9,1.0,20.714325,91704495.0
2498,2025,7,2025-07-01,0.929522,0.024591,0.034594,9,9,1.0,34.879892,94751856.0
2498,2025,8,2025-08-01,0.646793,0.024727,0.079212,9,9,1.0,32.949588,94948426.0
2498,2025,9,2025-09-01,0.433256,0.023029,0.034926,9,9,1.0,28.681535,89061648.0
2501,2019,3,2019-03-01,0.075136,0.035502,0.047678,9,9,1.0,18.985526,73511224.0
2501,2019,4,2019-04-01,0.199131,0.026193,0.024607,9,9,1.0,38.990323,74389486.0
2501,2019,5,2019-05-01,0.286526,0.033517,0.045003,9,9,1.0,20.607178,73985614.0
2501,2019,6,2019-06-01,0.797127,0.027066,0.0632,9,9,1.0,38.767271,76811205.0
2501,2019,7,2019-07-01,0.731147,0.033571,0.134894,9,9,1.0,26.372668,76826548.0
2501,2019,8,2019-08-01,0.569004,0.027639,0.091537,9,9,1.0,34.470859,95194713.0
2501,2019,9,2019-09-01,0.355972,0.026601,0.027848,9,9,1.0,29.07157,91974497.0
2501,2020,3,2020-03-01,0.059903,0.025804,0.055873,9,9,1.0,34.030061,94604585.0
2501,2020,4,2020-04-01,0.177558,0.034499,0.024053,9,9,1.0,21.970169,96808107.0
2501,2020,5,2020-05-01,0.243838,0.024943,0.054116,9,9,1.0,38.499107,93035456.0
2501,2020,6,2020-06-01,0.84323,0.026889,0.073738,9,9,1.0,39.201607,96006563.0
2501,2020,7,2020-07-01,0.786139,0.029943,0.083005,9,9,1.0,35.435902,99686529.0
2501,2020,8,2020-08-01,0.682414,0.027768,0.111383,9,9,1.0,33.853336,97684078.0
2501,2020,9,2020-09-01,0.395501,0.025947,0.060471,9,9,1.0,30.109708,91237630.0
2501,2021,3,2021-03-01,0.105367,0.028612,0.039373,9,9,1.0,30.195216,94409616.0
2501,2021,4,2021-04-01,0.226131,0.029674,0.051919,9,9,1.0,30.314071,98410821.0
2501,2021,5,2021-05-01,0.370041,0.032559,0.089142,9,9,1.0,23.081564,91970868.0
2501,2021,6,2021-06-01,0.921101,0.02477,0.059952,9,9,1.0,45.083004,95947119.0
2501,2021,7,2021-07-01,0.915313,0.02562,0.084465,9,9,1.0,45.772471,101406324.0
2501,2021,8,2021-08-01,0.533745,0.029629,0.082298,9,9,1.0,31.984412,97445628.0
2501,2021,9,2021-09-01,0.40126,0.029642,0.064741,9,9,1.0,20.488088,90094126.0
2501,2022,3,2022-03-01,0.113546,0.027101,0.0441,9,9,1.0,33.603712,95748274.0
2501,2022,4,2022-04-01,0.309237,0.032689,0.045726,9,9,1.0,27.620731,97595138.0
2501,2022,5,2022-05-01,0.235506,0.027756,0.072792,9,9,1.0,32.47974,92699999.0
2501,2022,6,2022-06-01,0.873176,0.030101,0.075538,9,9,1.0,30.807125,95901303.0
2501,2022,7,2022-07-01,0.894645,0.030577,0.078802,9,9,1.0,33.113187,102035161.0
2501,2022,8,2022-08-01,0.77872,0.027314,0.08225,9,9,1.0,35.523728,98258702.0
2501,2022,9,2022-09-01,0.440699,0.035603,0.060637,9,9,1.0,14.407254,88902747.0
2501,2023,3,2023-03-01,0.04726,0.03249,0.024505,9,9,1.0,24.695707,93671913.0
2501,2023,4,2023-04-01,0.212045,0.029112,0.056434,9,9,1.0,32.840162,98665163.0
2501,2023,5,2023-05-01,0.45813,0.026014,0.071115,9,9,1.0,34.257542,95301562.0
2501,2023,6,2023-06-01,0.910762,0.028687,0.079459,9,9,1.0,35.094082,96444568.0
2501,2023,7,2023-07-01,0.798033,0.03367,0.089221,9,9,1.0,28.077271,101753881.0
2501,2023,8,2023-08-01,0.567466,0.027659,0.087501,9,9,1.0,34.967888,96968132.0
2501,2023,9,2023-09-01,0.397684,0.030472,0.057023,9,9,1.0,21.677511,90239324.0
2501,2024,3,2024-03-01,0.096902,0.032726,0.050361,9,9,1.0,22.29534,86372445.0
2501,2024,4,2024-04-01,0.189,0.039708,0.04991,9,9,1.0,16.527648,95332509.0
2501,2024,5,2024-05-01,0.475858,0.026626,0.075848,9,9,1.0,32.590034,89883638.0
2501,2024,6,2024-06-01,0.923756,0.031604,0.052449,9,9,1.0,31.31127,84217408.0
2501,2024,7,2024-07-01,0.944553,0.030962,0.104104,9,9,1.0,31.607071,95425695.0
2501,2024,8,2024-08-01,0.719023,0.026746,0.083957,9,9,1.0,35.698363,91425313.0
2501,2024,9,2024-09-01,0.48948,0.024113,0.038182,9,9,1.0,33.106896,85979995.0
2501,2025,3,2025-03-01,0.182165,0.029033,0.051296,9,9,1.0,29.409042,87368194.0
2501,2025,4,2025-04-01,0.207126,0.026205,0.057407,9,9,1.0,37.510104,96861891.0
2501,2025,5,2025-05-01,0.33769,0.029238,0.072669,9,9,1.0,24.933958,89188846.0
2501,2025,6,2025-06-01,0.717413,0.032713,0.084311,9,9,1.0,26.993799,91704495.0
2501,2025,7,2025-07-01,0.927384,0.025639,0.088245,9,9,1.0,41.976956,94751856.0
2501,2025,8,2025-08-01,0.685662,0.026589,0.053908,9,9,1.0,36.629309,94948426.0
2501,2025,9,2025-09-01,0.484318,0.024136,0.04961,9,9,1.0,29.83281,89061648.0
2505,2019,3,2019-03-01,0.069418,0.030803,0.070647,9,9,1.0,25.954547,73511224.0
2505,2019,4,2019-04-01,0.189752,0.027091,0.057578,9,9,1.0,38.204608,74389486.0
2505,2019,5,2019-05-01,0.136218,0.030525,0.043164,9,9,1.0,21.337758,73985614.0
2505,2019,6,2019-06-01,0.563692,0.026645,0.070082,9,9,1.0,37.826852,76811205.0
2505,2019,7,2019-07-01,0.587161,0.032054,0.026167,9,9,1.0,28.327332,76826548.0
2505,2019,8,2019-08-01,0.451035,0.02763,0.025726,9,9,1.0,33.68444,95194713.0
2505,2019,9,2019-09-01,0.21495,0.025195,0.046971,9,9,1.0,30.270918,91974497.0
2505,2020,3,2020-03-01,0.060208,0.026429,0.038409,9,9,1.0,36.879091,94604585.0
2505,2020,4,2020-04-01,0.189439,0.036291,0.032201,9,9,1.0,25.437863,96808107.0
2505,2020,5,2020-05-01,0.22506,0.024753,0.016875,9,9,1.0,39.492629,93035456.0
2505,2020,6,2020-06-01,0.639321,0.026517,0.051188,9,9,1.0,33.675308,96006563.0
2505,2020,7,2020-07-01,0.674168,0.029803,0.0603,9,9,1.0,27.491446,99686529.0
2505,2020,8,2020-08-01,0.472885,0.026337,0.048437,9,9,1.0,34.177036,97684078.0
2505,2020,9,2020-09-01,0.308264,0.02417,0.042564,9,9,1.0,34.258381,91237630.0
2505,2021,3,2021-03-01,0.113298,0.026172,0.055082,9,9,1.0,39.165308,94409616.0
2505,2021,4,2021-04-01,0.17015,0.029506,0.035235,9,9,1.0,31.668051,98410821.0
2505,2021,5,2021-05-01,0.233789,0.028574,0.042458,9,9,1.0,27.028103,91970868.0
2505,2021,6,2021-06-01,0.705015,0.023095,0.039211,9,9,1.0,48.529971,95947119.0
2505,2021,7,2021-07-01,0.764912,0.023837,0.055943,9,9,1.0,45.940777,101406324.0
2505,2021,8,2021-08-01,0.48779,0.02795,0.039783,9,9,1.0,31.930642,97445628.0
2505,2021,9,2021-09-01,0.345502,0.028365,0.033709,9,9,1.0,25.496102,90094126.0
2505,2022,3,2022-03-01,0.148577,0.027261,0.076785,9,9,1.0,35.997956,95748274.0
2505,2022,4,2022-04-01,0.248156,0.032769,0.04533,9,9,1.0,30.128265,97595138.0
2505,2022,5,2022-05-01,0.152043,0.027306,0.03803,9,9,1.0,31.352554,92699999.0
2505,2022,6,2022-06-01,0.635433,0.02806,0.049316,9,9,1.0,32.81571,95901303.0
2505,2022,7,2022-07-01,0.795826,0.029169,0.058426,9,9,1.0,30.280164,102035161.0
2505,2022,8,2022-08-01,0.637335,0.025076,0.039997,9,9,1.0,36.148488,98258702.0
2505,2022,9,2022-09-01,0.205377,0.032726,0.048707,9,9,1.0,21.411478,88902747.0
2505,2023,3,2023-03-01,0.032964,0.032433,0.060997,9,9,1.0,29.212898,93671913.0
2505,2023,4,2023-04-01,0.235481,0.030314,0.066985,9,9,1.0,37.547665,98665163.0
2505,2023,5,2023-05-01,0.376311,0.025502,0.033029,9,9,1.0,40.380737,95301562.0
2505,2023,6,2023-06-01,0.62916,0.026798,0.062826,9,9,1.0,36.207818,96444568.0
2505,2023,7,2023-07-01,0.628162,0.033996,0.0406,9,9,1.0,26.399585,101753881.0
2505,2023,8,2023-08-01,0.573943,0.025457,0.041926,9,9,1.0,36.740489,96968132.0
2505,2023,9,2023-09-01,0.415102,0.027376,0.040236,9,9,1.0,25.4721,90239324.0
2505,2024,3,2024-03-01,0.135504,0.032191,0.060208,9,9,1.0,24.29827,86372445.0
2505,2024,4,2024-04-01,0.14193,0.040524,0.042515,9,9,1.0,16.260771,95332509.0
2505,2024,5,2024-05-01,0.415824,0.024397,0.046234,9,9,1.0,34.33173,89883638.0
2505,2024,6,2024-06-01,0.712603,0.029204,0.080111,9,9,1.0,32.292516,84217408.0
2505,2024,7,2024-07-01,0.743214,0.028282,0.061097,9,9,1.0,33.426756,95425695.0
2505,2024,8,2024-08-01,0.576897,0.02545,0.055225,9,9,1.0,35.770195,91425313.0
2505,2024,9,2024-09-01,0.376726,0.021413,0.044049,9,9,1.0,38.08607,85979995.0
2505,2025,3,2025-03-01,0.198358,0.030054,0.066164,9,9,1.0,29.991456,87368194.0
2505,2025,4,2025-04-01,0.229363,0.027172,0.028566,9,9,1.0,38.344944,96861891.0
2505,2025,5,2025-05-01,0.213507,0.02958,0.077764,9,9,1.0,26.386171,89188846.0
2505,2025,6,2025-06-01,0.53414,0.031367,0.050411,9,9,1.0,28.518429,91704495.0
2505,2025,7,2025-07-01,0.682137,0.024263,0.041415,9,9,1.0,43.096884,94751856.0
2505,2025,8,2025-08-01,0.521317,0.027129,0.064451,9,9,1.0,31.591741,94948426.0
2505,2025,9,2025-09-01,0.366036,0.022384,0.048037,9,9,1.0,32.99429,89061648.0
2526,2019,3,2019-03-01,0.041293,0.037094,0.040266,6,6,1.0,15.390644,73511224.0
2526,2019,4,2019-04-01,0.130986,0.022451,0.019711,6,6,1.0,40.48085,74389486.0
2526,2019,5,2019-05-01,0.391317,0.031815,0.054964,6,6,1.0,28.466393,73985614.0
2526,2019,6,2019-06-01,1.629257,0.03379,0.044742,6,6,1.0,35.833443,76811205.0
2526,2019,7,2019-07-01,1.664391,0.032063,0.075479,6,6,1.0,42.428371,76826548.0
2526,2019,8,2019-08-01,0.651915,0.029972,0.030669,6,6,1.0,34.228078,95194713.0
2526,2019,9,2019-09-01,0.333164,0.027952,0.032459,6,6,1.0,29.76042,91974497.0
2526,2020,3,2020-03-01,-0.0093,0.025109,0.023468,6,6,1.0,27.758308,94604585.0
2526,2020,4,2020-04-01,0.079386,0.028241,0.026191,6,6,1.0,33.849094,96808107.0
2526,2020,5,2020-05-01,0.161707,0.025859,0.029072,6,6,1.0,40.020571,93035456.0
2526,2020,6,2020-06-01,1.393847,0.028901,0.047585,6,6,1.0,42.186351,96006563.0
2526,2020,7,2020-07-01,1.416596,0.034711,0.037771,6,6,1.0,32.148159,99686529.0
2526,2020,8,2020-08-01,0.936437,0.029098,0.025303,6,6,1.0,34.849023,97684078.0
2526,2020,9,2020-09-01,0.449532,0.027368,0.036379,6,6,1.0,25.712903,91237630.0
2526,2021,3,2021-03-01,0.075589,0.035246,0.071857,6,6,1.0,25.820424,94409616.0
2526,2021,4,2021-04-01,0.090884,0.024582,0.039101,6,6,1.0,33.156957,98410821.0
2526,2021,5,2021-05-01,0.278407,0.030592,0.064974,6,6,1.0,30.034258,91970868.0
2526,2021,6,2021-06-01,1.550332,0.030028,0.063498,6,6,1.0,39.601698,95947119.0
2526,2021,7,2021-07-01,1.505633,0.028289,0.052216,6,6,1.0,50.735809,101406324.0
2526,2021,8,2021-08-01,0.556554,0.028721,0.058942,6,6,1.0,33.824859,97445628.0
2526,2021,9,2021-09-01,0.440479,0.029623,0.047369,6,6,1.0,24.309247,90094126.0
2526,2022,3,2022-03-01,0.032192,0.041531,0.073672,6,6,1.0,18.694436,95748274.0
2526,2022,4,2022-04-01,0.098565,0.029225,0.07202,6,6,1.0,28.305269,97595138.0
2526,2022,5,2022-05-01,0.195947,0.025769,0.052049,6,6,1.0,37.772522,92699999.0
2526,2022,6,2022-06-01,1.776544,0.032215,0.107929,6,6,1.0,36.657653,95901303.0
2526,2022,7,2022-07-01,1.598702,0.034295,0.065983,6,6,1.0,34.921504,102035161.0
2526,2022,8,2022-08-01,0.88968,0.028251,0.05751,6,6,1.0,39.077557,98258702.0
2526,2022,9,2022-09-01,0.407511,0.028672,0.045806,6,6,1.0,30.267525,88902747.0
2526,2023,3,2023-03-01,0.025519,0.043063,0.076579,6,6,1.0,18.941341,93671913.0
2526,2023,4,2023-04-01,0.084278,0.030126,0.03324,6,6,1.0,33.883933,98665163.0
2526,2023,5,2023-05-01,0.321863,0.024393,0.022476,6,6,1.0,43.521077,95301562.0
2526,2023,6,2023-06-01,1.30024,0.028525,0.045554,6,6,1.0,44.559265,96444568.0
2526,2023,7,2023-07-01,1.467816,0.035552,0.086161,6,6,1.0,30.181482,101753881.0
2526,2023,8,2023-08-01,0.962097,0.034382,0.05842,6,6,1.0,27.207698,96968132.0
2526,2023,9,2023-09-01,0.511286,0.029314,0.035424,6,6,1.0,26.365929,90239324.0
2526,2024,3,2024-03-01,0.079865,0.035128,0.069197,6,6,1.0,22.090726,86372445.0
2526,2024,4,2024-04-01,0.069195,0.028474,0.022748,6,6,1.0,24.061132,95332509.0
2526,2024,5,2024-05-01,0.424985,0.023859,0.025397,6,6,1.0,48.351769,89883638.0
2526,2024,6,2024-06-01,1.607371,0.035398,0.015718,6,6,1.0,30.280998,84217408.0
2526,2024,7,2024-07-01,1.591613,0.035868,0.059975,6,6,1.0,31.139053,95425695.0
2526,2024,8,2024-08-01,0.67865,0.030237,0.030499,6,6,1.0,32.51857,91425313.0
2526,2024,9,2024-09-01,0.510994,0.023871,0.024298,6,6,1.0,40.322405,85979995.0
2526,2025,3,2025-03-01,0.104146,0.024863,0.018248,6,6,1.0,30.574546,87368194.0
2526,2025,4,2025-04-01,0.180032,0.024569,0.045475,6,6,1.0,31.080206,96861891.0
2526,2025,5,2025-05-01,0.290412,0.028574,0.024479,6,6,1.0,31.138425,89188846.0
2526,2025,6,2025-06-01,1.434463,0.034717,0.053149,6,6,1.0,31.505519,91704495.0
2526,2025,7,2025-07-01,2.049052,0.031822,0.076006,6,6,1.0,43.499106,94751856.0
2526,2025,8,2025-08-01,0.869961,0.02905,0.038909,6,6,1.0,35.509547,94948426.0
2526,2025,9,2025-09-01,0.467747,0.025714,0.026975,6,6,1.0,32.424966,89061648.0
2527,2019,3,2019-03-01,0.038412,0.036076,0.029776,9,9,1.0,15.860627,73511224.0
2527,2019,4,2019-04-01,0.137772,0.02205,0.028217,9,9,1.0,38.680596,74389486.0
2527,2019,5,2019-05-01,0.428848,0.031713,0.073874,9,9,1.0,26.281259,73985614.0
2527,2019,6,2019-06-01,1.577991,0.032554,0.070046,9,9,1.0,35.357473,76811205.0
2527,2019,7,2019-07-01,1.559013,0.031003,0.098623,9,9,1.0,41.855944,76826548.0
2527,2019,8,2019-08-01,0.711034,0.02818,0.054964,9,9,1.0,36.208827,95194713.0
2527,2019,9,2019-09-01,0.377454,0.026787,0.036797,9,9,1.0,31.54747,91974497.0
2527,2020,3,2020-03-01,-0.0188,0.025659,0.032455,9,9,1.0,28.51812,94604585.0
2527,2020,4,2020-04-01,0.125273,0.026851,0.030372,9,9,1.0,35.797326,96808107.0
2527,2020,5,2020-05-01,0.188686,0.025632,0.035904,9,9,1.0,39.809156,93035456.0
2527,2020,6,2020-06-01,1.272761,0.028519,0.090315,9,9,1.0,40.324126,96006563.0
2527,2020,7,2020-07-01,1.363374,0.034597,0.044412,9,9,1.0,32.204035,99686529.0
2527,2020,8,2020-08-01,0.91338,0.028284,0.043792,9,9,1.0,35.522191,97684078.0
2527,2020,9,2020-09-01,0.426077,0.025459,0.024211,9,9,1.0,31.187913,91237630.0
2527,2021,3,2021-03-01,0.141549,0.034385,0.073421,9,9,1.0,25.178727,94409616.0
2527,2021,4,2021-04-01,0.096187,0.023781,0.037477,9,9,1.0,33.007904,98410821.0
2527,2021,5,2021-05-01,0.307287,0.029135,0.057239,9,9,1.0,32.549183,91970868.0
2527,2021,6,2021-06-01,1.434021,0.028593,0.107133,9,9,1.0,42.231922,95947119.0
2527,2021,7,2021-07-01,1.488071,0.027044,0.066624,9,9,1.0,52.57647,101406324.0
2527,2021,8,2021-08-01,0.613695,0.029431,0.027656,9,9,1.0,33.35513,97445628.0
2527,2021,9,2021-09-01,0.40567,0.029543,0.052894,9,9,1.0,24.395904,90094126.0
2527,2022,3,2022-03-01,0.183766,0.039295,0.095817,9,9,1.0,18.9818,95748274.0
2527,2022,4,2022-04-01,0.128005,0.029618,0.060725,9,9,1.0,26.344572,97595138.0
2527,2022,5,2022-05-01,0.270081,0.025055,0.03793,9,9,1.0,37.074685,92699999.0
2527,2022,6,2022-06-01,1.640575,0.030707,0.103721,9,9,1.0,38.571233,95901303.0
2527,2022,7,2022-07-01,1.557296,0.033237,0.073006,9,9,1.0,36.791153,102035161.0
2527,2022,8,2022-08-01,0.87059,0.026893,0.053692,9,9,1.0,39.935195,98258702.0
2527,2022,9,2022-09-01,0.403452,0.027572,0.040829,9,9,1.0,30.189597,88902747.0
2527,2023,3,2023-03-01,0.090714,0.040171,0.073296,9,9,1.0,19.341488,93671913.0
2527,2023,4,2023-04-01,0.075577,0.02837,0.027329,9,9,1.0,35.640793,98665163.0
2527,2023,5,2023-05-01,0.337548,0.024609,0.044339,9,9,1.0,43.352526,95301562.0
2527,2023,6,2023-06-01,1.243685,0.027681,0.036462,9,9,1.0,42.458662,96444568.0
2527,2023,7,2023-07-01,1.459607,0.034963,0.096537,9,9,1.0,29.992454,101753881.0
2527,2023,8,2023-08-01,0.934174,0.033705,0.040268,9,9,1.0,26.657318,96968132.0
2527,2023,9,2023-09-01,0.522369,0.027828,0.035798,9,9,1.0,25.963699,90239324.0
2527,2024,3,2024-03-01,0.176449,0.03447,0.051945,9,9,1.0,21.664874,86372445.0
2527,2024,4,2024-04-01,0.054011,0.027883,0.019516,9,9,1.0,24.252857,95332509.0
2527,2024,5,2024-05-01,0.42759,0.023286,0.034526,9,9,1.0,46.796963,89883638.0
2527,2024,6,2024-06-01,1.499452,0.034552,0.064491,9,9,1.0,29.543548,84217408.0
2527,2024,7,2024-07-01,1.528252,0.035105,0.056075,9,9,1.0,31.843473,95425695.0
2527,2024,8,2024-08-01,0.743821,0.031213,0.04832,9,9,1.0,31.159414,91425313.0
2527,2024,9,2024-09-01,0.503675,0.022761,0.037059,9,9,1.0,42.201391,85979995.0
2527,2025,3,2025-03-01,0.111472,0.024312,0.033842,9,9,1.0,31.238771,87368194.0
2527,2025,4,2025-04-01,0.183484,0.024134,0.039422,9,9,1.0,32.290055,96861891.0
2527,2025,5,2025-05-01,0.303901,0.027545,0.038577,9,9,1.0,32.050803,89188846.0
2527,2025,6,2025-06-01,1.319372,0.033194,0.134517,9,9,1.0,31.624692,91704495.0
2527,2025,7,2025-07-01,1.95411,0.030289,0.078259,9,9,1.0,43.895018,94751856.0
2527,2025,8,2025-08-01,0.836735,0.027767,0.044697,9,9,1.0,35.395118,94948426.0
2527,2025,9,2025-09-01,0.482695,0.025012,0.027495,9,9,1.0,33.538913,89061648.0
2529,2019,3,2019-03-01,0.057019,0.035382,0.082001,9,9,1.0,14.524174,73511224.0
2529,2019,4,2019-04-01,0.132704,0.020725,0.03632,9,9,1.0,39.744422,74389486.0
2529,2019,5,2019-05-01,0.362876,0.029197,0.049538,9,9,1.0,28.878957,73985614.0
2529,2019,6,2019-06-01,1.48424,0.029642,0.167278,9,9,1.0,35.039674,76811205.0
2529,2019,7,2019-07-01,1.532099,0.028076,0.147349,9,9,1.0,41.809434,76826548.0
2529,2019,8,2019-08-01,0.706972,0.025959,0.053332,9,9,1.0,36.473103,95194713.0
2529,2019,9,2019-09-01,0.366174,0.024247,0.049231,9,9,1.0,31.553818,91974497.0
2529,2020,3,2020-03-01,0.019044,0.024053,0.047989,9,9,1.0,28.630041,94604585.0
2529,2020,4,2020-04-01,0.109464,0.026116,0.040252,9,9,1.0,33.305344,96808107.0
2529,2020,5,2020-05-01,0.250098,0.02404,0.03873,9,9,1.0,39.365975,93035456.0
2529,2020,6,2020-06-01,1.346099,0.026153,0.102823,9,9,1.0,41.000321,96006563.0
2529,2020,7,2020-07-01,1.362152,0.030917,0.156086,9,9,1.0,32.149139,99686529.0
2529,2020,8,2020-08-01,1.00763,0.026366,0.098295,9,9,1.0,36.625125,97684078.0
2529,2020,9,2020-09-01,0.425513,0.02479,0.038176,9,9,1.0,29.0714,91237630.0
2529,2021,3,2021-03-01,0.1257,0.032283,0.098315,9,9,1.0,22.743346,94409616.0
2529,2021,4,2021-04-01,0.119838,0.022762,0.034959,9,9,1.0,32.721306,98410821.0
2529,2021,5,2021-05-01,0.350547,0.026399,0.032939,9,9,1.0,32.647102,91970868.0
2529,2021,6,2021-06-01,1.39359,0.026856,0.128933,9,9,1.0,42.675589,95947119.0
2529,2021,7,2021-07-01,1.416254,0.024991,0.092313,9,9,1.0,49.355158,101406324.0
2529,2021,8,2021-08-01,0.689581,0.027812,0.042229,9,9,1.0,30.616749,97445628.0
2529,2021,9,2021-09-01,0.405552,0.027203,0.056781,9,9,1.0,27.850974,90094126.0
2529,2022,3,2022-03-01,0.192049,0.033312,0.07078,9,9,1.0,19.853502,95748274.0
2529,2022,4,2022-04-01,0.147673,0.028529,0.039265,9,9,1.0,24.945314,97595138.0
2529,2022,5,2022-05-01,0.298589,0.024012,0.036964,9,9,1.0,35.020056,92699999.0
2529,2022,6,2022-06-01,1.492338,0.028619,0.143381,9,9,1.0,38.393049,95901303.0
2529,2022,7,2022-07-01,1.565283,0.030291,0.181963,9,9,1.0,37.090803,102035161.0
2529,2022,8,2022-08-01,0.979761,0.025484,0.055114,9,9,1.0,39.330991,98258702.0
2529,2022,9,2022-09-01,0.432395,0.02559,0.035208,9,9,1.0,29.896629,88902747.0
2529,2023,3,2023-03-01,0.167297,0.0358,0.11989,9,9,1.0,19.844638,93671913.0
2529,2023,4,2023-04-01,0.155681,0.02479,0.059478,9,9,1.0,40.104204,98665163.0
2529,2023,5,2023-05-01,0.434642,0.023004,0.04419,9,9,1.0,42.037358,95301562.0
2529,2023,6,2023-06-01,1.212549,0.026432,0.066873,9,9,1.0,41.403811,96444568.0
2529,2023,7,2023-07-01,1.306606,0.032429,0.168171,9,9,1.0,31.077717,101753881.0
2529,2023,8,2023-08-01,0.978398,0.029334,0.136303,9,9,1.0,29.903993,96968132.0
2529,2023,9,2023-09-01,0.504462,0.026639,0.049985,9,9,1.0,26.467028,90239324.0
2529,2024,3,2024-03-01,0.155782,0.03576,0.071208,9,9,1.0,18.956345,86372445.0
2529,2024,4,2024-04-01,0.038824,0.028988,0.059138,9,9,1.0,21.212929,95332509.0
2529,2024,5,2024-05-01,0.448775,0.021304,0.027159,9,9,1.0,47.236612,89883638.0
2529,2024,6,2024-06-01,1.425247,0.03272,0.15788,9,9,1.0,28.95168,84217408.0
2529,2024,7,2024-07-01,1.416402,0.032862,0.148273,9,9,1.0,29.015847,95425695.0
2529,2024,8,2024-08-01,0.796668,0.026298,0.044304,9,9,1.0,35.02435,91425313.0
2529,2024,9,2024-09-01,0.52901,0.021441,0.03787,9,9,1.0,42.714086,85979995.0
2529,2025,3,2025-03-01,0.134615,0.023576,0.021025,9,9,1.0,29.987429,87368194.0
2529,2025,4,2025-04-01,0.177079,0.022291,0.034348,9,9,1.0,32.735416,96861891.0
2529,2025,5,2025-05-01,0.329967,0.025509,0.033752,9,9,1.0,33.022935,89188846.0
2529,2025,6,2025-06-01,1.268918,0.030729,0.083654,9,9,1.0,32.464449,91704495.0
2529,2025,7,2025-07-01,1.74499,0.026689,0.164375,9,9,1.0,44.250276,94751856.0
2529,2025,8,2025-08-01,0.929145,0.025258,0.048732,9,9,1.0,39.704302,94948426.0
2529,2025,9,2025-09-01,0.516021,0.023792,0.046052,9,9,1.0,33.557078,89061648.0
2557,2019,3,2019-03-01,0.176473,0.03588,0.070261,9,9,1.0,22.002572,73511224.0
2557,2019,4,2019-04-01,0.203655,0.025947,0.039597,9,9,1.0,36.834638,74389486.0
2557,2019,5,2019-05-01,0.321333,0.032087,0.051384,9,9,1.0,21.868038,73985614.0
2557,2019,6,2019-06-01,0.95539,0.026845,0.133198,9,9,1.0,42.242991,76811205.0
2557,2019,7,2019-07-01,0.785357,0.031364,0.106691,9,9,1.0,31.285587,76826548.0
2557,2019,8,2019-08-01,0.587321,0.027298,0.076918,9,9,1.0,36.362689,95194713.0
2557,2019,9,2019-09-01,0.329974,0.027383,0.047823,9,9,1.0,27.616504,91974497.0
2557,2020,3,2020-03-01,0.069269,0.025982,0.045547,9,9,1.0,30.83157,94604585.0
2557,2020,4,2020-04-01,0.088178,0.034479,0.049287,9,9,1.0,20.277839,96808107.0
2557,2020,5,2020-05-01,0.228885,0.023846,0.032341,9,9,1.0,41.695389,93035456.0
2557,2020,6,2020-06-01,0.899915,0.026418,0.141788,9,9,1.0,39.837011,96006563.0
2557,2020,7,2020-07-01,0.838073,0.029938,0.172083,9,9,1.0,31.473498,99686529.0
2557,2020,8,2020-08-01,0.672363,0.026449,0.101494,9,9,1.0,38.307853,97684078.0
2557,2020,9,2020-09-01,0.455574,0.025557,0.10949,9,9,1.0,29.556522,91237630.0
2557,2021,3,2021-03-01,0.107342,0.033841,0.079641,9,9,1.0,24.54501,94409616.0
2557,2021,4,2021-04-01,0.236739,0.033293,0.035362,9,9,1.0,23.846008,98410821.0
2557,2021,5,2021-05-01,0.298738,0.029906,0.066396,9,9,1.0,25.641014,91970868.0
2557,2021,6,2021-06-01,0.966583,0.023961,0.116668,9,9,1.0,47.804749,95947119.0
2557,2021,7,2021-07-01,0.886532,0.025375,0.117713,9,9,1.0,42.612032,101406324.0
2557,2021,8,2021-08-01,0.598084,0.029243,0.105043,9,9,1.0,28.927626,97445628.0
2557,2021,9,2021-09-01,0.356076,0.028791,0.066236,9,9,1.0,19.031673,90094126.0
2557,2022,3,2022-03-01,0.145297,0.030987,0.122231,9,9,1.0,30.212805,95748274.0
2557,2022,4,2022-04-01,0.25166,0.034994,0.061285,9,9,1.0,22.775382,97595138.0
2557,2022,5,2022-05-01,0.250428,0.029165,0.046889,9,9,1.0,29.611147,92699999.0
2557,2022,6,2022-06-01,0.96016,0.030063,0.136843,9,9,1.0,31.28981,95901303.0
2557,2022,7,2022-07-01,1.056073,0.028758,0.129485,9,9,1.0,33.506172,102035161.0
2557,2022,8,2022-08-01,0.73578,0.025959,0.092813,9,9,1.0,36.207882,98258702.0
2557,2022,9,2022-09-01,0.35717,0.033441,0.065013,9,9,1.0,18.929414,88902747.0
2557,2023,3,2023-03-01,0.003785,0.03639,0.071191,9,9,1.0,20.066784,93671913.0
2557,2023,4,2023-04-01,0.194419,0.030131,0.08223,9,9,1.0,36.591673,98665163.0
2557,2023,5,2023-05-01,0.488771,0.026308,0.087833,9,9,1.0,36.933042,95301562.0
2557,2023,6,2023-06-01,1.007795,0.027031,0.125128,9,9,1.0,37.010121,96444568.0
2557,2023,7,2023-07-01,0.880431,0.033805,0.139152,9,9,1.0,27.366654,101753881.0
2557,2023,8,2023-08-01,0.700365,0.028141,0.066723,9,9,1.0,31.464633,96968132.0
2557,2023,9,2023-09-01,0.446031,0.028876,0.105942,9,9,1.0,22.512258,90239324.0
2557,2024,3,2024-03-01,0.087717,0.033844,0.035012,9,9,1.0,21.972684,86372445.0
2557,2024,4,2024-04-01,0.113612,0.035532,0.058043,9,9,1.0,21.178906,95332509.0
2557,2024,5,2024-05-01,0.454434,0.023705,0.06466,9,9,1.0,42.511206,89883638.0
2557,2024,6,2024-06-01,1.028599,0.029754,0.164919,9,9,1.0,34.333409,84217408.0
2557,2024,7,2024-07-01,0.935349,0.030132,0.145659,9,9,1.0,33.515197,95425695.0
2557,2024,8,2024-08-01,0.693534,0.02791,0.093061,9,9,1.0,30.746207,91425313.0
2557,2024,9,2024-09-01,0.488993,0.022202,0.06243,9,9,1.0,34.333512,85979995.0
2557,2025,3,2025-03-01,0.1568,0.030415,0.047636,9,9,1.0,33.03282,87368194.0
2557,2025,4,2025-04-01,0.153317,0.023831,0.032734,9,9,1.0,42.015647,96861891.0
2557,2025,5,2025-05-01,0.343331,0.029135,0.041879,9,9,1.0,26.053701,89188846.0
2557,2025,6,2025-06-01,0.816555,0.033061,0.191309,9,9,1.0,28.016594,91704495.0
2557,2025,7,2025-07-01,1.031794,0.026484,0.130428,9,9,1.0,39.661184,94751856.0
2557,2025,8,2025-08-01,0.668409,0.027247,0.066648,9,9,1.0,34.737337,94948426.0
2557,2025,9,2025-09-01,0.463029,0.024852,0.057083,9,9,1.0,29.154564,89061648.0
2566,2019,3,2019-03-01,0.211073,0.039436,0.093167,6,6,1.0,13.805293,73511224.0
2566,2019,4,2019-04-01,0.188389,0.028133,0.080958,6,6,1.0,29.968388,74389486.0
2566,2019,5,2019-05-01,0.208992,0.033366,0.056757,6,6,1.0,18.731631,73985614.0
2566,2019,6,2019-06-01,0.65504,0.029363,0.144855,6,6,1.0,30.827622,76811205.0
2566,2019,7,2019-07-01,0.597028,0.034048,0.145986,6,6,1.0,21.060646,76826548.0
2566,2019,8,2019-08-01,0.528057,0.029235,0.075506,6,6,1.0,26.081868,95194713.0
2566,2019,9,2019-09-01,0.265073,0.02997,0.070987,6,6,1.0,21.531462,91974497.0
2566,2020,3,2020-03-01,0.04313,0.028078,0.030147,6,6,1.0,26.175877,94604585.0
2566,2020,4,2020-04-01,0.101002,0.036341,0.046047,6,6,1.0,16.351062,96808107.0
2566,2020,5,2020-05-01,0.15708,0.025365,0.041505,6,6,1.0,30.302477,93035456.0
2566,2020,6,2020-06-01,0.749842,0.027786,0.10811,6,6,1.0,29.054051,96006563.0
2566,2020,7,2020-07-01,0.772635,0.032138,0.112295,6,6,1.0,26.293088,99686529.0
2566,2020,8,2020-08-01,0.50238,0.028641,0.080794,6,6,1.0,29.016641,97684078.0
2566,2020,9,2020-09-01,0.348925,0.026281,0.055368,6,6,1.0,25.910794,91237630.0
2566,2021,3,2021-03-01,0.153867,0.031169,0.072678,6,6,1.0,22.831893,94409616.0
2566,2021,4,2021-04-01,0.159307,0.031333,0.034807,6,6,1.0,22.029959,98410821.0
2566,2021,5,2021-05-01,0.245156,0.031241,0.073652,6,6,1.0,21.003367,91970868.0
2566,2021,6,2021-06-01,0.842706,0.025657,0.119195,6,6,1.0,34.616765,95947119.0
2566,2021,7,2021-07-01,0.806639,0.027011,0.117324,6,6,1.0,35.322977,101406324.0
2566,2021,8,2021-08-01,0.508885,0.030366,0.126323,6,6,1.0,25.535235,97445628.0
2566,2021,9,2021-09-01,0.410036,0.03222,0.04538,6,6,1.0,16.689924,90094126.0
2566,2022,3,2022-03-01,0.207392,0.030295,0.052369,6,6,1.0,24.74654,95748274.0
2566,2022,4,2022-04-01,0.235453,0.036828,0.098153,6,6,1.0,18.252808,97595138.0
2566,2022,5,2022-05-01,0.221368,0.02877,0.035261,6,6,1.0,27.28172,92699999.0
2566,2022,6,2022-06-01,0.769673,0.03138,0.075314,6,6,1.0,23.164672,95901303.0
2566,2022,7,2022-07-01,0.746044,0.030866,0.112454,6,6,1.0,27.948549,102035161.0
2566,2022,8,2022-08-01,0.680538,0.028908,0.104687,6,6,1.0,28.910855,98258702.0
2566,2022,9,2022-09-01,0.356391,0.038865,0.128907,6,6,1.0,11.564382,88902747.0
2566,2023,3,2023-03-01,0.115121,0.035278,0.059087,6,6,1.0,20.171365,93671913.0
2566,2023,4,2023-04-01,0.288963,0.032969,0.042718,6,6,1.0,27.299574,98665163.0
2566,2023,5,2023-05-01,0.376395,0.027082,0.086752,6,6,1.0,26.190232,95301562.0
2566,2023,6,2023-06-01,0.848663,0.029425,0.070702,6,6,1.0,28.337787,96444568.0
2566,2023,7,2023-07-01,0.705643,0.035277,0.061685,6,6,1.0,22.305436,101753881.0
2566,2023,8,2023-08-01,0.573999,0.026912,0.076288,6,6,1.0,28.131075,96968132.0
2566,2023,9,2023-09-01,0.367332,0.032242,0.090292,6,6,1.0,17.248447,90239324.0
2566,2024,3,2024-03-01,0.213435,0.035359,0.068763,6,6,1.0,18.84529,86372445.0
2566,2024,4,2024-04-01,0.149819,0.046471,0.111579,6,6,1.0,11.189983,95332509.0
2566,2024,5,2024-05-01,0.434756,0.027446,0.092935,6,6,1.0,26.439859,89883638.0
2566,2024,6,2024-06-01,0.813616,0.031485,0.107597,6,6,1.0,27.39122,84217408.0
2566,2024,7,2024-07-01,0.778993,0.031613,0.109065,6,6,1.0,24.445702,95425695.0
2566,2024,8,2024-08-01,0.535238,0.026918,0.096139,6,6,1.0,28.499632,91425313.0
2566,2024,9,2024-09-01,0.429239,0.025319,0.051365,6,6,1.0,26.091449,85979995.0
2566,2025,3,2025-03-01,0.174784,0.03339,0.052686,6,6,1.0,22.375534,87368194.0
2566,2025,4,2025-04-01,0.106432,0.02818,0.045791,6,6,1.0,30.779834,96861891.0
2566,2025,5,2025-05-01,0.172507,0.029814,0.062654,6,6,1.0,20.664577,89188846.0
2566,2025,6,2025-06-01,0.673642,0.032273,0.065621,6,6,1.0,21.970145,91704495.0
2566,2025,7,2025-07-01,0.84546,0.026266,0.135078,6,6,1.0,34.755537,94751856.0
2566,2025,8,2025-08-01,0.608274,0.02838,0.099343,6,6,1.0,28.068132,94948426.0
2566,2025,9,2025-09-01,0.414188,0.025158,0.05531,6,6,1.0,26.428173,89061648.0
2568,2019,3,2019-03-01,0.057827,0.033575,0.041148,9,9,1.0,23.167085,73511224.0
2568,2019,4,2019-04-01,0.220919,0.025674,0.022854,9,9,1.0,43.749764,74389486.0
2568,2019,5,2019-05-01,0.25934,0.033178,0.071461,9,9,1.0,22.720047,73985614.0
2568,2019,6,2019-06-01,0.632968,0.02827,0.100702,9,9,1.0,39.66833,76811205.0
2568,2019,7,2019-07-01,0.70554,0.032771,0.101963,9,9,1.0,30.765726,76826548.0
2568,2019,8,2019-08-01,0.49127,0.028931,0.051555,9,9,1.0,33.140226,95194713.0
2568,2019,9,2019-09-01,0.299247,0.028014,0.041681,9,9,1.0,28.620244,91974497.0
2568,2020,3,2020-03-01,0.09446,0.026345,0.029973,9,9,1.0,38.093157,94604585.0
2568,2020,4,2020-04-01,0.180019,0.03642,0.040756,9,9,1.0,25.601496,96808107.0
2568,2020,5,2020-05-01,0.241976,0.025959,0.034666,9,9,1.0,39.842007,93035456.0
2568,2020,6,2020-06-01,0.788526,0.02701,0.089903,9,9,1.0,38.758806,96006563.0
2568,2020,7,2020-07-01,0.741381,0.031373,0.113016,9,9,1.0,33.133061,99686529.0
2568,2020,8,2020-08-01,0.654803,0.027338,0.059384,9,9,1.0,36.159306,97684078.0
2568,2020,9,2020-09-01,0.354502,0.025209,0.043139,9,9,1.0,33.006935,91237630.0
2568,2021,3,2021-03-01,0.076192,0.026424,0.035859,9,9,1.0,36.758515,94409616.0
2568,2021,4,2021-04-01,0.23562,0.030742,0.064937,9,9,1.0,29.981178,98410821.0
2568,2021,5,2021-05-01,0.320773,0.032544,0.041593,9,9,1.0,27.691006,91970868.0
2568,2021,6,2021-06-01,0.836092,0.024843,0.085522,9,9,1.0,46.507221,95947119.0
2568,2021,7,2021-07-01,0.869899,0.025508,0.119249,9,9,1.0,45.994194,101406324.0
2568,2021,8,2021-08-01,0.565782,0.029235,0.049503,9,9,1.0,33.625164,97445628.0
2568,2021,9,2021-09-01,0.330126,0.028016,0.051826,9,9,1.0,25.579448,90094126.0
2568,2022,3,2022-03-01,0.144478,0.026494,0.051183,9,9,1.0,36.458731,95748274.0
2568,2022,4,2022-04-01,0.225139,0.034357,0.069225,9,9,1.0,28.200057,97595138.0
2568,2022,5,2022-05-01,0.246953,0.028157,0.054109,9,9,1.0,33.483673,92699999.0
2568,2022,6,2022-06-01,0.752228,0.02984,0.085674,9,9,1.0,32.21094,95901303.0
2568,2022,7,2022-07-01,0.843418,0.030718,0.105515,9,9,1.0,34.708023,102035161.0
2568,2022,8,2022-08-01,0.761606,0.026455,0.083928,9,9,1.0,35.390281,98258702.0
2568,2022,9,2022-09-01,0.354881,0.038017,0.055245,9,9,1.0,14.938469,88902747.0
2568,2023,3,2023-03-01,0.068495,0.030808,0.039089,9,9,1.0,27.419135,93671913.0
2568,2023,4,2023-04-01,0.246128,0.028936,0.04011,9,9,1.0,40.644904,98665163.0
2568,2023,5,2023-05-01,0.432875,0.026915,0.058187,9,9,1.0,37.818909,95301562.0
2568,2023,6,2023-06-01,0.826299,0.02797,0.130344,9,9,1.0,37.660177,96444568.0
2568,2023,7,2023-07-01,0.735499,0.034309,0.127621,9,9,1.0,28.730974,101753881.0
2568,2023,8,2023-08-01,0.599358,0.026591,0.089174,9,9,1.0,39.462886,96968132.0
2568,2023,9,2023-09-01,0.383912,0.031737,0.041704,9,9,1.0,21.444688,90239324.0
2568,2024,3,2024-03-01,0.054212,0.03193,0.057187,9,9,1.0,24.829287,86372445.0
2568,2024,4,2024-04-01,0.110115,0.041811,0.057972,9,9,1.0,17.58785,95332509.0
2568,2024,5,2024-05-01,0.462194,0.027123,0.05638,9,9,1.0,33.636796,89883638.0
2568,2024,6,2024-06-01,0.813569,0.031652,0.098073,9,9,1.0,33.24445,84217408.0
2568,2024,7,2024-07-01,0.844086,0.031724,0.114759,9,9,1.0,30.687126,95425695.0
2568,2024,8,2024-08-01,0.648125,0.027705,0.093451,9,9,1.0,35.388058,91425313.0
2568,2024,9,2024-09-01,0.429628,0.022713,0.054305,9,9,1.0,38.928162,85979995.0
2568,2025,3,2025-03-01,0.182608,0.03095,0.021224,9,9,1.0,28.715649,87368194.0
2568,2025,4,2025-04-01,0.211772,0.027205,0.040523,9,9,1.0,41.303034,96861891.0
2568,2025,5,2025-05-01,0.33958,0.030494,0.061089,9,9,1.0,25.990659,89188846.0
2568,2025,6,2025-06-01,0.619695,0.031886,0.089875,9,9,1.0,28.703917,91704495.0
2568,2025,7,2025-07-01,0.887637,0.025841,0.134233,9,9,1.0,45.091854,94751856.0
2568,2025,8,2025-08-01,0.693791,0.027674,0.088058,9,9,1.0,36.212258,94948426.0
2568,2025,9,2025-09-01,0.451828,0.023821,0.054725,9,9,1.0,31.343804,89061648.0
2571,2019,3,2019-03-01,0.046897,0.030309,0.058537,9,9,1.0,22.133801,73511224.0
2571,2019,4,2019-04-01,0.226247,0.025109,0.040627,9,9,1.0,39.362835,74389486.0
2571,2019,5,2019-05-01,0.199024,0.030499,0.073847,9,9,1.0,22.041721,73985614.0
2571,2019,6,2019-06-01,0.597037,0.026169,0.079262,9,9,1.0,36.005181,76811205.0
2571,2019,7,2019-07-01,0.660367,0.031567,0.096905,9,9,1.0,26.593888,76826548.0
2571,2019,8,2019-08-01,0.483059,0.026218,0.039141,9,9,1.0,32.350253,95194713.0
2571,2019,9,2019-09-01,0.27555,0.024651,0.041262,9,9,1.0,30.030664,91974497.0
2571,2020,3,2020-03-01,0.09087,0.02497,0.03245,9,9,1.0,36.891305,94604585.0
2571,2020,4,2020-04-01,0.204195,0.033504,0.038504,9,9,1.0,25.181695,96808107.0
2571,2020,5,2020-05-01,0.231785,0.023891,0.036967,9,9,1.0,39.266619,93035456.0
2571,2020,6,2020-06-01,0.693724,0.025851,0.049799,9,9,1.0,33.836886,96006563.0
2571,2020,7,2020-07-01,0.732513,0.028928,0.065379,9,9,1.0,26.783295,99686529.0
2571,2020,8,2020-08-01,0.551202,0.025664,0.038445,9,9,1.0,32.861125,97684078.0
2571,2020,9,2020-09-01,0.329648,0.022851,0.029015,9,9,1.0,34.30725,91237630.0
2571,2021,3,2021-03-01,0.092686,0.024071,0.035341,9,9,1.0,38.932458,94409616.0
2571,2021,4,2021-04-01,0.220444,0.027638,0.051969,9,9,1.0,30.935243,98410821.0
2571,2021,5,2021-05-01,0.266165,0.027983,0.049019,9,9,1.0,26.821722,91970868.0
2571,2021,6,2021-06-01,0.754892,0.022364,0.038064,9,9,1.0,45.476096,95947119.0
2571,2021,7,2021-07-01,0.824699,0.023257,0.048612,9,9,1.0,46.40662,101406324.0
2571,2021,8,2021-08-01,0.509619,0.026626,0.052429,9,9,1.0,31.344955,97445628.0
2571,2021,9,2021-09-01,0.349651,0.027161,0.027976,9,9,1.0,24.273068,90094126.0
2571,2022,3,2022-03-01,0.189992,0.025653,0.055148,9,9,1.0,35.208216,95748274.0
2571,2022,4,2022-04-01,0.237809,0.029129,0.035372,9,9,1.0,32.304118,97595138.0
2571,2022,5,2022-05-01,0.143862,0.026314,0.066847,9,9,1.0,30.605497,92699999.0
2571,2022,6,2022-06-01,0.652923,0.02723,0.047188,9,9,1.0,34.038326,95901303.0
2571,2022,7,2022-07-01,0.784799,0.027631,0.056754,9,9,1.0,34.047594,102035161.0
2571,2022,8,2022-08-01,0.722964,0.023897,0.040845,9,9,1.0,37.582459,98258702.0
2571,2022,9,2022-09-01,0.202042,0.031406,0.069791,9,9,1.0,19.891253,88902747.0
2571,2023,3,2023-03-01,0.049774,0.029447,0.062434,9,9,1.0,26.203771,93671913.0
2571,2023,4,2023-04-01,0.246769,0.027304,0.047823,9,9,1.0,38.803613,98665163.0
2571,2023,5,2023-05-01,0.391168,0.026114,0.032184,9,9,1.0,36.527773,95301562.0
2571,2023,6,2023-06-01,0.736896,0.026985,0.055139,9,9,1.0,34.345715,96444568.0
2571,2023,7,2023-07-01,0.666798,0.032994,0.059565,9,9,1.0,24.971205,101753881.0
2571,2023,8,2023-08-01,0.540874,0.025081,0.04554,9,9,1.0,36.498966,96968132.0
2571,2023,9,2023-09-01,0.404159,0.027073,0.047847,9,9,1.0,24.459894,90239324.0
2571,2024,3,2024-03-01,0.09761,0.02943,0.06474,9,9,1.0,23.489548,86372445.0
2571,2024,4,2024-04-01,0.146197,0.038891,0.043955,9,9,1.0,15.895947,95332509.0
2571,2024,5,2024-05-01,0.418538,0.02377,0.035323,9,9,1.0,34.921232,89883638.0
2571,2024,6,2024-06-01,0.765242,0.0281,0.064008,9,9,1.0,33.484084,84217408.0
2571,2024,7,2024-07-01,0.801776,0.027757,0.049897,9,9,1.0,32.231041,95425695.0
2571,2024,8,2024-08-01,0.595791,0.025007,0.063949,9,9,1.0,36.677014,91425313.0
2571,2024,9,2024-09-01,0.367806,0.02059,0.037837,9,9,1.0,38.447221,85979995.0
2571,2025,3,2025-03-01,0.204049,0.028385,0.084516,9,9,1.0,28.330344,87368194.0
2571,2025,4,2025-04-01,0.260506,0.026182,0.026351,9,9,1.0,36.236854,96861891.0
2571,2025,5,2025-05-01,0.318315,0.027941,0.05494,9,9,1.0,24.445145,89188846.0
2571,2025,6,2025-06-01,0.579957,0.029111,0.038789,9,9,1.0,30.909042,91704495.0
2571,2025,7,2025-07-01,0.78236,0.023735,0.056489,9,9,1.0,44.348257,94751856.0
2571,2025,8,2025-08-01,0.612067,0.025351,0.058332,9,9,1.0,32.208237,94948426.0
2571,2025,9,2025-09-01,0.39739,0.022022,0.042843,9,9,1.0,32.299001,89061648.0
2595,2019,3,2019-03-01,0.015444,0.038462,0.051072,9,9,1.0,14.478259,73511224.0
2595,2019,4,2019-04-01,0.09755,0.022357,0.024421,9,9,1.0,40.240136,74389486.0
2595,2019,5,2019-05-01,0.41246,0.031606,0.039759,9,9,1.0,28.291896,73985614.0
2595,2019,6,2019-06-01,1.422657,0.032133,0.161986,9,9,1.0,33.989555,76811205.0
2595,2019,7,2019-07-01,1.567694,0.030765,0.160647,9,9,1.0,40.853851,76826548.0
2595,2019,8,2019-08-01,0.813006,0.028018,0.04549,9,9,1.0,38.069698,95194713.0
2595,2019,9,2019-09-01,0.39992,0.026683,0.05034,9,9,1.0,31.166759,91974497.0
2595,2020,3,2020-03-01,-0.002859,0.025489,0.026583,9,9,1.0,27.653329,94604585.0
2595,2020,4,2020-04-01,0.073014,0.028793,0.059416,9,9,1.0,31.855611,96808107.0
2595,2020,5,2020-05-01,0.250092,0.025931,0.042069,9,9,1.0,38.635965,93035456.0
2595,2020,6,2020-06-01,1.343498,0.027896,0.105679,9,9,1.0,40.781388,96006563.0
2595,2020,7,2020-07-01,1.350921,0.033414,0.166247,9,9,1.0,33.001082,99686529.0
2595,2020,8,2020-08-01,1.080398,0.028873,0.075822,9,9,1.0,34.895524,97684078.0
2595,2020,9,2020-09-01,0.459235,0.025935,0.034484,9,9,1.0,31.750546,91237630.0
2595,2021,3,2021-03-01,0.103705,0.035979,0.073715,9,9,1.0,23.247337,94409616.0
2595,2021,4,2021-04-01,0.117703,0.024356,0.046465,9,9,1.0,33.501091,98410821.0
2595,2021,5,2021-05-01,0.36212,0.028986,0.04852,9,9,1.0,31.62822,91970868.0
2595,2021,6,2021-06-01,1.367493,0.029377,0.131986,9,9,1.0,40.063252,95947119.0
2595,2021,7,2021-07-01,1.435263,0.026736,0.091508,9,9,1.0,52.262366,101406324.0
2595,2021,8,2021-08-01,0.783607,0.03013,0.071776,9,9,1.0,29.606239,97445628.0
2595,2021,9,2021-09-01,0.456572,0.029434,0.014581,9,9,1.0,28.595721,90094126.0
2595,2022,3,2022-03-01,0.16822,0.037327,0.052523,9,9,1.0,19.77123,95748274.0
2595,2022,4,2022-04-01,0.101431,0.031594,0.080346,9,9,1.0,25.942752,97595138.0
2595,2022,5,2022-05-01,0.299833,0.026362,0.027107,9,9,1.0,33.810457,92699999.0
2595,2022,6,2022-06-01,1.519587,0.030213,0.130622,9,9,1.0,39.339957,95901303.0
2595,2022,7,2022-07-01,1.585062,0.032563,0.190873,9,9,1.0,38.045463,102035161.0
2595,2022,8,2022-08-01,0.980939,0.027221,0.045884,9,9,1.0,37.468304,98258702.0
2595,2022,9,2022-09-01,0.444002,0.027013,0.035453,9,9,1.0,31.229614,88902747.0
2595,2023,3,2023-03-01,0.159379,0.040551,0.063693,9,9,1.0,18.914676,93671913.0
2595,2023,4,2023-04-01,0.12372,0.028758,0.052689,9,9,1.0,37.343846,98665163.0
2595,2023,5,2023-05-01,0.400134,0.024684,0.04752,9,9,1.0,43.279024,95301562.0
2595,2023,6,2023-06-01,1.187567,0.028704,0.070556,9,9,1.0,41.249866,96444568.0
2595,2023,7,2023-07-01,1.40871,0.035427,0.112015,9,9,1.0,30.889741,101753881.0
2595,2023,8,2023-08-01,1.022601,0.031378,0.081604,9,9,1.0,30.807137,96968132.0
2595,2023,9,2023-09-01,0.531458,0.02795,0.026228,9,9,1.0,28.172255,90239324.0
2595,2024,3,2024-03-01,0.176031,0.036323,0.048,9,9,1.0,21.371026,86372445.0
2595,2024,4,2024-04-01,0.026417,0.030043,0.049349,9,9,1.0,22.294809,95332509.0
2595,2024,5,2024-05-01,0.467161,0.023433,0.028976,9,9,1.0,47.163829,89883638.0
2595,2024,6,2024-06-01,1.453684,0.034721,0.160798,9,9,1.0,29.473126,84217408.0
2595,2024,7,2024-07-01,1.454908,0.035082,0.132843,9,9,1.0,29.738932,95425695.0
2595,2024,8,2024-08-01,0.82586,0.029399,0.032248,9,9,1.0,35.07502,91425313.0
2595,2024,9,2024-09-01,0.589621,0.022915,0.030897,9,9,1.0,42.173078,85979995.0
2595,2025,3,2025-03-01,0.101027,0.025874,0.025551,9,9,1.0,31.267349,87368194.0
2595,2025,4,2025-04-01,0.187436,0.024217,0.02038,9,9,1.0,35.339536,96861891.0
2595,2025,5,2025-05-01,0.336658,0.027719,0.036194,9,9,1.0,34.42654,89188846.0
2595,2025,6,2025-06-01,1.228044,0.032348,0.137877,9,9,1.0,33.335926,91704495.0
2595,2025,7,2025-07-01,1.807196,0.029559,0.193768,9,9,1.0,42.436683,94751856.0
2595,2025,8,2025-08-01,0.942491,0.027272,0.052326,9,9,1.0,37.721831,94948426.0
2595,2025,9,2025-09-01,0.55914,0.025233,0.036378,9,9,1.0,34.352477,89061648.0
2600,2019,3,2019-03-01,0.141591,0.056855,0.070881,9,9,1.0,4.167129,73511224.0
2600,2019,4,2019-04-01,0.113959,0.028416,0.04828,9,9,1.0,14.686958,74389486.0
2600,2019,5,2019-05-01,0.367849,0.036705,0.080169,9,9,1.0,9.819575,73985614.0
2600,2019,6,2019-06-01,0.834267,0.032493,0.251472,9,9,1.0,12.538858,76811205.0
2600,2019,7,2019-07-01,0.904299,0.035354,0.18938,9,9,1.0,12.322614,76826548.0
2600,2019,8,2019-08-01,0.561533,0.036132,0.123357,9,9,1.0,10.182831,95194713.0
2600,2019,9,2019-09-01,0.377777,0.033135,0.088064,9,9,1.0,9.869197,91974497.0
2600,2020,3,2020-03-01,0.054704,0.036665,0.105882,9,9,1.0,8.338053,94604585.0
2600,2020,4,2020-04-01,0.000848,0.041081,0.109165,9,9,1.0,8.220269,96808107.0
2600,2020,5,2020-05-01,0.208499,0.029975,0.12736,9,9,1.0,11.888603,93035456.0
2600,2020,6,2020-06-01,0.877308,0.030686,0.196631,9,9,1.0,13.502007,96006563.0
2600,2020,7,2020-07-01,0.799271,0.037995,0.204588,9,9,1.0,10.447471,99686529.0
2600,2020,8,2020-08-01,0.679731,0.030234,0.245262,9,9,1.0,13.466125,97684078.0
2600,2020,9,2020-09-01,0.49076,0.033871,0.089969,9,9,1.0,9.891627,91237630.0
2600,2021,3,2021-03-01,0.185799,0.045412,0.079768,9,9,1.0,8.149594,94409616.0
2600,2021,4,2021-04-01,0.109385,0.034405,0.080143,9,9,1.0,9.955235,98410821.0
2600,2021,5,2021-05-01,0.220077,0.032219,0.189585,9,9,1.0,10.589227,91970868.0
2600,2021,6,2021-06-01,0.785844,0.033205,0.160372,9,9,1.0,15.518017,95947119.0
2600,2021,7,2021-07-01,0.792851,0.029344,0.258743,9,9,1.0,17.79754,101406324.0
2600,2021,8,2021-08-01,0.533163,0.034545,0.108403,9,9,1.0,10.052695,97445628.0
2600,2021,9,2021-09-01,0.236876,0.034233,0.08209,9,9,1.0,8.736897,90094126.0
2600,2022,3,2022-03-01,0.236081,0.054455,0.107949,9,9,1.0,6.548482,95748274.0
2600,2022,4,2022-04-01,0.259931,0.053521,0.190032,9,9,1.0,6.61411,97595138.0
2600,2022,5,2022-05-01,0.190028,0.03505,0.054256,9,9,1.0,11.961801,92699999.0
2600,2022,6,2022-06-01,0.924167,0.036633,0.202203,9,9,1.0,11.509519,95901303.0
2600,2022,7,2022-07-01,0.962435,0.033878,0.318287,9,9,1.0,13.15858,102035161.0
2600,2022,8,2022-08-01,0.689158,0.030938,0.174816,9,9,1.0,13.082323,98258702.0
2600,2022,9,2022-09-01,0.389983,0.036656,0.084921,9,9,1.0,9.0564,88902747.0
2600,2023,3,2023-03-01,0.272487,0.051583,0.176202,9,9,1.0,6.312419,93671913.0
2600,2023,4,2023-04-01,0.231959,0.039137,0.073931,9,9,1.0,12.284346,98665163.0
2600,2023,5,2023-05-01,0.323871,0.032006,0.153729,9,9,1.0,11.754221,95301562.0
2600,2023,6,2023-06-01,0.886602,0.032637,0.293018,9,9,1.0,13.158844,96444568.0
2600,2023,7,2023-07-01,0.82421,0.038532,0.282941,9,9,1.0,10.910055,101753881.0
2600,2023,8,2023-08-01,0.70744,0.033423,0.134014,9,9,1.0,10.508146,96968132.0
2600,2023,9,2023-09-01,0.487538,0.037432,0.136666,9,9,1.0,7.268958,90239324.0
2600,2024,3,2024-03-01,0.179388,0.045573,0.060076,9,9,1.0,7.911369,86372445.0
2600,2024,4,2024-04-01,0.002347,0.040969,0.236382,9,9,1.0,7.829151,95332509.0
2600,2024,5,2024-05-01,0.363063,0.025997,0.128558,9,9,1.0,16.416165,89883638.0
2600,2024,6,2024-06-01,0.910322,0.034829,0.176117,9,9,1.0,12.456821,84217408.0
2600,2024,7,2024-07-01,0.863016,0.044328,0.224959,9,9,1.0,8.18287,95425695.0
2600,2024,8,2024-08-01,0.577843,0.032959,0.126066,9,9,1.0,12.151916,91425313.0
2600,2024,9,2024-09-01,0.50407,0.028075,0.104896,9,9,1.0,13.266086,85979995.0
2600,2025,3,2025-03-01,0.092077,0.037351,0.172942,9,9,1.0,11.226035,87368194.0
2600,2025,4,2025-04-01,0.136663,0.030664,0.077198,9,9,1.0,11.417163,96861891.0
2600,2025,5,2025-05-01,0.320751,0.033311,0.131962,9,9,1.0,10.742703,89188846.0
2600,2025,6,2025-06-01,0.766443,0.037615,0.176822,9,9,1.0,10.245852,91704495.0
2600,2025,7,2025-07-01,0.995134,0.031407,0.301411,9,9,1.0,14.083672,94751856.0
2600,2025,8,2025-08-01,0.653327,0.032863,0.182682,9,9,1.0,12.798113,94948426.0
2600,2025,9,2025-09-01,0.490435,0.028225,0.065739,9,9,1.0,11.131736,89061648.0
2605,2019,3,2019-03-01,0.15341,0.03544,0.016611,9,9,1.0,21.880098,73511224.0
2605,2019,4,2019-04-01,0.241241,0.027949,0.004175,9,9,1.0,37.724639,74389486.0
2605,2019,5,2019-05-01,0.339131,0.037649,0.042884,9,9,1.0,23.398498,73985614.0
2605,2019,6,2019-06-01,0.717316,0.032911,0.047852,9,9,1.0,31.927498,76811205.0
2605,2019,7,2019-07-01,0.802444,0.032564,0.024627,9,9,1.0,33.667619,76826548.0
2605,2019,8,2019-08-01,0.599073,0.031867,0.028816,9,9,1.0,30.734929,95194713.0
2605,2019,9,2019-09-01,0.427581,0.031925,0.04293,9,9,1.0,26.683737,91974497.0
2605,2020,3,2020-03-01,0.079279,0.029494,0.024834,9,9,1.0,31.723732,94604585.0
2605,2020,4,2020-04-01,0.170962,0.035775,0.061685,9,9,1.0,20.804801,96808107.0
2605,2020,5,2020-05-01,0.266366,0.030861,0.059461,9,9,1.0,31.415281,93035456.0
2605,2020,6,2020-06-01,0.819166,0.027592,0.047316,9,9,1.0,44.391659,96006563.0
2605,2020,7,2020-07-01,0.684485,0.035023,0.050087,9,9,1.0,27.846861,99686529.0
2605,2020,8,2020-08-01,0.720784,0.029376,0.064248,9,9,1.0,34.954452,97684078.0
2605,2020,9,2020-09-01,0.423404,0.030406,0.020508,9,9,1.0,25.944703,91237630.0
2605,2021,3,2021-03-01,0.184628,0.032045,0.041591,9,9,1.0,28.289598,94409616.0
2605,2021,4,2021-04-01,0.22441,0.030982,0.083823,9,9,1.0,32.088474,98410821.0
2605,2021,5,2021-05-01,0.338869,0.035383,0.045032,9,9,1.0,25.629437,91970868.0
2605,2021,6,2021-06-01,0.823287,0.029707,0.060961,9,9,1.0,39.539741,95947119.0
2605,2021,7,2021-07-01,1.018933,0.028185,0.052532,9,9,1.0,45.505408,101406324.0
2605,2021,8,2021-08-01,0.730018,0.033845,0.05302,9,9,1.0,23.332722,97445628.0
2605,2021,9,2021-09-01,0.437667,0.034937,0.062543,9,9,1.0,21.5188,90094126.0
2605,2022,3,2022-03-01,0.165258,0.030919,0.031864,9,9,1.0,30.139783,95748274.0
2605,2022,4,2022-04-01,0.354336,0.040693,0.032413,9,9,1.0,20.957775,97595138.0
2605,2022,5,2022-05-01,0.338604,0.031706,0.024603,9,9,1.0,29.109783,92699999.0
2605,2022,6,2022-06-01,0.859435,0.034601,0.025318,9,9,1.0,28.159875,95901303.0
2605,2022,7,2022-07-01,0.884089,0.035294,0.054436,9,9,1.0,30.358169,102035161.0
2605,2022,8,2022-08-01,0.746838,0.029803,0.064668,9,9,1.0,32.389698,98258702.0
2605,2022,9,2022-09-01,0.424337,0.033108,0.033372,9,9,1.0,22.280814,88902747.0
2605,2023,3,2023-03-01,0.086949,0.031581,0.025993,9,9,1.0,26.930365,93671913.0
2605,2023,4,2023-04-01,0.216929,0.031686,0.054301,9,9,1.0,38.075563,98665163.0
2605,2023,5,2023-05-01,0.491699,0.028999,0.049849,9,9,1.0,33.721123,95301562.0
2605,2023,6,2023-06-01,0.737962,0.031035,0.108917,9,9,1.0,40.803172,96444568.0
2605,2023,7,2023-07-01,0.787128,0.036519,0.017449,9,9,1.0,28.622573,101753881.0
2605,2023,8,2023-08-01,0.703768,0.032474,0.052093,9,9,1.0,29.444592,96968132.0
2605,2023,9,2023-09-01,0.443628,0.029574,0.029895,9,9,1.0,22.198209,90239324.0
2605,2024,3,2024-03-01,0.209272,0.033679,0.023321,9,9,1.0,24.670459,86372445.0
2605,2024,4,2024-04-01,0.210341,0.039626,0.027019,9,9,1.0,20.231326,95332509.0
2605,2024,5,2024-05-01,0.430256,0.025885,0.039805,9,9,1.0,40.595543,89883638.0
2605,2024,6,2024-06-01,0.894934,0.033626,0.049214,9,9,1.0,28.25296,84217408.0
2605,2024,7,2024-07-01,0.84009,0.040029,0.057781,9,9,1.0,22.506507,95425695.0
2605,2024,8,2024-08-01,0.61635,0.031292,0.067451,9,9,1.0,33.800287,91425313.0
2605,2024,9,2024-09-01,0.484144,0.026333,0.022576,9,9,1.0,35.369369,85979995.0
2605,2025,3,2025-03-01,0.194306,0.028635,0.025695,9,9,1.0,36.757712,87368194.0
2605,2025,4,2025-04-01,0.253558,0.026514,0.021945,9,9,1.0,36.598441,96861891.0
2605,2025,5,2025-05-01,0.373092,0.031762,0.017894,9,9,1.0,29.140174,89188846.0
2605,2025,6,2025-06-01,0.725316,0.037479,0.043206,9,9,1.0,25.77045,91704495.0
2605,2025,7,2025-07-01,0.928404,0.029402,0.074085,9,9,1.0,43.164737,94751856.0
2605,2025,8,2025-08-01,0.747544,0.031144,0.037354,9,9,1.0,34.672584,94948426.0
2605,2025,9,2025-09-01,0.533286,0.02678,0.014904,9,9,1.0,33.49826,89061648.0
2628,2019,3,2019-03-01,0.087647,0.034848,0.028832,9,9,1.0,25.086415,73511224.0
2628,2019,4,2019-04-01,0.262014,0.028608,0.031473,9,9,1.0,36.115536,74389486.0
2628,2019,5,2019-05-01,0.381698,0.037776,0.028825,9,9,1.0,17.410517,73985614.0
2628,2019,6,2019-06-01,0.747271,0.031293,0.048406,9,9,1.0,37.141919,76811205.0
2628,2019,7,2019-07-01,0.837481,0.031739,0.069593,9,9,1.0,31.715579,76826548.0
2628,2019,8,2019-08-01,0.578893,0.029255,0.033502,9,9,1.0,36.067028,95194713.0
2628,2019,9,2019-09-01,0.281965,0.028572,0.059993,9,9,1.0,28.12389,91974497.0
2628,2020,3,2020-03-01,0.017244,0.028147,0.026793,9,9,1.0,33.518691,94604585.0
2628,2020,4,2020-04-01,0.157268,0.035719,0.039489,9,9,1.0,23.448455,96808107.0
2628,2020,5,2020-05-01,0.241222,0.02819,0.038484,9,9,1.0,33.62176,93035456.0
2628,2020,6,2020-06-01,0.906662,0.02927,0.047819,9,9,1.0,35.922617,96006563.0
2628,2020,7,2020-07-01,0.937433,0.032739,0.048802,9,9,1.0,31.583826,99686529.0
2628,2020,8,2020-08-01,0.686992,0.030243,0.041914,9,9,1.0,36.670743,97684078.0
2628,2020,9,2020-09-01,0.389476,0.027754,0.050189,9,9,1.0,32.78792,91237630.0
2628,2021,3,2021-03-01,0.152041,0.030694,0.031222,9,9,1.0,29.814606,94409616.0
2628,2021,4,2021-04-01,0.255898,0.036091,0.030401,9,9,1.0,24.529757,98410821.0
2628,2021,5,2021-05-01,0.402184,0.032969,0.040482,9,9,1.0,27.633608,91970868.0
2628,2021,6,2021-06-01,0.853635,0.027043,0.049837,9,9,1.0,45.06499,95947119.0
2628,2021,7,2021-07-01,0.888067,0.028297,0.016812,9,9,1.0,46.076238,101406324.0
2628,2021,8,2021-08-01,0.577139,0.031348,0.052331,9,9,1.0,31.235276,97445628.0
2628,2021,9,2021-09-01,0.328089,0.02972,0.025765,9,9,1.0,25.24357,90094126.0
2628,2022,3,2022-03-01,0.229532,0.02896,0.044612,9,9,1.0,33.800607,95748274.0
2628,2022,4,2022-04-01,0.244088,0.038526,0.054454,9,9,1.0,21.836893,97595138.0
2628,2022,5,2022-05-01,0.318913,0.030432,0.03897,9,9,1.0,30.36243,92699999.0
2628,2022,6,2022-06-01,0.827237,0.031893,0.024043,9,9,1.0,34.678212,95901303.0
2628,2022,7,2022-07-01,0.973546,0.033265,0.064926,9,9,1.0,33.411394,102035161.0
2628,2022,8,2022-08-01,0.800096,0.028518,0.035815,9,9,1.0,36.774962,98258702.0
2628,2022,9,2022-09-01,0.320081,0.038183,0.053163,9,9,1.0,17.573187,88902747.0
2628,2023,3,2023-03-01,0.077669,0.033545,0.032555,9,9,1.0,25.724881,93671913.0
2628,2023,4,2023-04-01,0.263569,0.031299,0.047887,9,9,1.0,39.715546,98665163.0
2628,2023,5,2023-05-01,0.455993,0.03002,0.049558,9,9,1.0,34.310143,95301562.0
2628,2023,6,2023-06-01,0.899426,0.031833,0.029212,9,9,1.0,30.595032,96444568.0
2628,2023,7,2023-07-01,0.873567,0.037407,0.049139,9,9,1.0,25.259815,101753881.0
2628,2023,8,2023-08-01,0.650207,0.029793,0.027066,9,9,1.0,33.754716,96968132.0
2628,2023,9,2023-09-01,0.38355,0.032349,0.055532,9,9,1.0,21.87128,90239324.0
2628,2024,3,2024-03-01,0.109156,0.036236,0.026809,9,9,1.0,23.094201,86372445.0
2628,2024,4,2024-04-01,0.293296,0.04573,0.038113,9,9,1.0,16.437018,95332509.0
2628,2024,5,2024-05-01,0.455679,0.027573,0.024219,9,9,1.0,37.628316,89883638.0
2628,2024,6,2024-06-01,0.92054,0.035315,0.092129,9,9,1.0,28.628269,84217408.0
2628,2024,7,2024-07-01,0.913749,0.034216,0.045275,9,9,1.0,31.69717,95425695.0
2628,2024,8,2024-08-01,0.660916,0.029122,0.03822,9,9,1.0,34.157401,91425313.0
2628,2024,9,2024-09-01,0.520188,0.026255,0.028413,9,9,1.0,34.240888,85979995.0
2628,2025,3,2025-03-01,0.156195,0.030913,0.030802,9,9,1.0,34.638861,87368194.0
2628,2025,4,2025-04-01,0.247358,0.026031,0.035797,9,9,1.0,43.898182,96861891.0
2628,2025,5,2025-05-01,0.358831,0.029959,0.034378,9,9,1.0,27.846566,89188846.0
2628,2025,6,2025-06-01,0.707995,0.037544,0.038527,9,9,1.0,23.69816,91704495.0
2628,2025,7,2025-07-01,0.918147,0.028755,0.038832,9,9,1.0,41.092071,94751856.0
2628,2025,8,2025-08-01,0.686914,0.02824,0.065576,9,9,1.0,36.37023,94948426.0
2628,2025,9,2025-09-01,0.463398,0.025727,0.020839,9,9,1.0,33.201269,89061648.0
2632,2019,3,2019-03-01,0.1322,0.039318,0.068909,9,9,1.0,14.131516,73511224.0
2632,2019,4,2019-04-01,0.22584,0.028519,0.060049,9,9,1.0,30.908283,74389486.0
2632,2019,5,2019-05-01,0.3298,0.034548,0.066808,9,9,1.0,21.306188,73985614.0
2632,2019,6,2019-06-01,0.839276,0.029073,0.053412,9,9,1.0,32.228404,76811205.0
2632,2019,7,2019-07-01,0.856079,0.034246,0.069695,9,9,1.0,25.800278,76826548.0
2632,2019,8,2019-08-01,0.577005,0.029496,0.084354,9,9,1.0,28.901036,95194713.0
2632,2019,9,2019-09-01,0.327913,0.030248,0.067797,9,9,1.0,20.791387,91974497.0
2632,2020,3,2020-03-01,-0.00327,0.027417,0.029657,9,9,1.0,27.731345,94604585.0
2632,2020,4,2020-04-01,0.16117,0.034038,0.058404,9,9,1.0,20.282048,96808107.0
2632,2020,5,2020-05-01,0.210351,0.025293,0.048525,9,9,1.0,35.122363,93035456.0
2632,2020,6,2020-06-01,0.911076,0.027624,0.093144,9,9,1.0,34.184483,96006563.0
2632,2020,7,2020-07-01,0.810881,0.031752,0.091886,9,9,1.0,30.703731,99686529.0
2632,2020,8,2020-08-01,0.673896,0.0288,0.078755,9,9,1.0,32.306533,97684078.0
2632,2020,9,2020-09-01,0.490282,0.027072,0.037391,9,9,1.0,26.731691,91237630.0
2632,2021,3,2021-03-01,0.128986,0.028425,0.037569,9,9,1.0,31.398945,94409616.0
2632,2021,4,2021-04-01,0.219654,0.030859,0.035155,9,9,1.0,24.403649,98410821.0
2632,2021,5,2021-05-01,0.251942,0.033142,0.065867,9,9,1.0,20.897041,91970868.0
2632,2021,6,2021-06-01,0.946763,0.026109,0.067018,9,9,1.0,38.546176,95947119.0
2632,2021,7,2021-07-01,0.964837,0.027188,0.063189,9,9,1.0,36.952676,101406324.0
2632,2021,8,2021-08-01,0.567268,0.030494,0.124184,9,9,1.0,28.351706,97445628.0
2632,2021,9,2021-09-01,0.425969,0.030573,0.066657,9,9,1.0,19.569956,90094126.0
2632,2022,3,2022-03-01,0.240141,0.029602,0.113673,9,9,1.0,28.76992,95748274.0
2632,2022,4,2022-04-01,0.31909,0.039332,0.105827,9,9,1.0,19.435271,97595138.0
2632,2022,5,2022-05-01,0.262225,0.028649,0.052056,9,9,1.0,27.877169,92699999.0
2632,2022,6,2022-06-01,0.916594,0.030097,0.075882,9,9,1.0,28.278263,95901303.0
2632,2022,7,2022-07-01,0.955216,0.031715,0.068471,9,9,1.0,28.415602,102035161.0
2632,2022,8,2022-08-01,0.760042,0.028666,0.101611,9,9,1.0,31.062522,98258702.0
2632,2022,9,2022-09-01,0.403736,0.04068,0.067003,9,9,1.0,14.157638,88902747.0
2632,2023,3,2023-03-01,0.085945,0.033904,0.074929,9,9,1.0,20.001297,93671913.0
2632,2023,4,2023-04-01,0.314086,0.031843,0.091719,9,9,1.0,29.095555,98665163.0
2632,2023,5,2023-05-01,0.47877,0.026817,0.047323,9,9,1.0,33.445473,95301562.0
2632,2023,6,2023-06-01,0.947616,0.028913,0.093208,9,9,1.0,33.553257,96444568.0
2632,2023,7,2023-07-01,0.823053,0.035665,0.080783,9,9,1.0,23.574744,101753881.0
2632,2023,8,2023-08-01,0.565932,0.027161,0.081889,9,9,1.0,32.40261,96968132.0
2632,2023,9,2023-09-01,0.42594,0.031443,0.031476,9,9,1.0,19.335352,90239324.0
2632,2024,3,2024-03-01,0.166978,0.036887,0.051092,9,9,1.0,18.461869,86372445.0
2632,2024,4,2024-04-01,0.182775,0.043662,0.064285,9,9,1.0,13.19114,95332509.0
2632,2024,5,2024-05-01,0.439684,0.027528,0.081596,9,9,1.0,26.618178,89883638.0
2632,2024,6,2024-06-01,0.875939,0.031671,0.089837,9,9,1.0,28.42579,84217408.0
2632,2024,7,2024-07-01,0.896936,0.031372,0.053013,9,9,1.0,28.113171,95425695.0
2632,2024,8,2024-08-01,0.674613,0.027849,0.093827,9,9,1.0,32.184125,91425313.0
2632,2024,9,2024-09-01,0.453584,0.024811,0.071231,9,9,1.0,29.506904,85979995.0
2632,2025,3,2025-03-01,0.201274,0.033719,0.063693,9,9,1.0,22.488751,87368194.0
2632,2025,4,2025-04-01,0.150559,0.026582,0.055898,9,9,1.0,33.805545,96861891.0
2632,2025,5,2025-05-01,0.278638,0.03013,0.05542,9,9,1.0,25.546138,89188846.0
2632,2025,6,2025-06-01,0.842939,0.032612,0.062246,9,9,1.0,23.573089,91704495.0
2632,2025,7,2025-07-01,0.991579,0.026751,0.094932,9,9,1.0,35.61653,94751856.0
2632,2025,8,2025-08-01,0.613102,0.028269,0.095118,9,9,1.0,30.878978,94948426.0
2632,2025,9,2025-09-01,0.491972,0.025017,0.064319,9,9,1.0,27.55307,89061648.0
2637,2019,3,2019-03-01,0.044406,0.032632,0.064952,9,9,1.0,22.287176,73511224.0
2637,2019,4,2019-04-01,0.156562,0.026034,0.032389,9,9,1.0,40.115678,74389486.0
2637,2019,5,2019-05-01,0.171245,0.032033,0.04995,9,9,1.0,22.016365,73985614.0
2637,2019,6,2019-06-01,0.606118,0.027673,0.035531,9,9,1.0,36.264775,76811205.0
2637,2019,7,2019-07-01,0.574321,0.032994,0.033191,9,9,1.0,25.378158,76826548.0
2637,2019,8,2019-08-01,0.475481,0.027242,0.035172,9,9,1.0,31.440296,95194713.0
2637,2019,9,2019-09-01,0.259499,0.025284,0.041301,9,9,1.0,30.847819,91974497.0
2637,2020,3,2020-03-01,0.101516,0.026944,0.030806,9,9,1.0,35.4113,94604585.0
2637,2020,4,2020-04-01,0.20367,0.035649,0.05979,9,9,1.0,23.751076,96808107.0
2637,2020,5,2020-05-01,0.224805,0.024646,0.041651,9,9,1.0,41.208029,93035456.0
2637,2020,6,2020-06-01,0.683417,0.02622,0.049048,9,9,1.0,36.135122,96006563.0
2637,2020,7,2020-07-01,0.709926,0.03129,0.057411,9,9,1.0,25.303485,99686529.0
2637,2020,8,2020-08-01,0.55391,0.02747,0.04472,9,9,1.0,31.43862,97684078.0
2637,2020,9,2020-09-01,0.340895,0.024265,0.024528,9,9,1.0,33.67747,91237630.0
2637,2021,3,2021-03-01,0.070705,0.024855,0.01339,9,9,1.0,41.265803,94409616.0
2637,2021,4,2021-04-01,0.174757,0.02883,0.020991,9,9,1.0,32.200779,98410821.0
2637,2021,5,2021-05-01,0.271758,0.030161,0.060409,9,9,1.0,26.545838,91970868.0
2637,2021,6,2021-06-01,0.76512,0.023893,0.049728,9,9,1.0,43.90804,95947119.0
2637,2021,7,2021-07-01,0.836412,0.024303,0.041141,9,9,1.0,45.797065,101406324.0
2637,2021,8,2021-08-01,0.592073,0.028051,0.053635,9,9,1.0,30.49236,97445628.0
2637,2021,9,2021-09-01,0.340072,0.028183,0.039349,9,9,1.0,23.683153,90094126.0
2637,2022,3,2022-03-01,0.11074,0.026477,0.025846,9,9,1.0,35.812981,95748274.0
2637,2022,4,2022-04-01,0.225915,0.030705,0.055336,9,9,1.0,31.816519,97595138.0
2637,2022,5,2022-05-01,0.19668,0.027571,0.045274,9,9,1.0,30.501085,92699999.0
2637,2022,6,2022-06-01,0.61727,0.02922,0.060101,9,9,1.0,33.124362,95901303.0
2637,2022,7,2022-07-01,0.811722,0.029911,0.051468,9,9,1.0,33.649625,102035161.0
2637,2022,8,2022-08-01,0.738437,0.025823,0.047602,9,9,1.0,36.854646,98258702.0
2637,2022,9,2022-09-01,0.290414,0.036372,0.054197,9,9,1.0,17.638568,88902747.0
2637,2023,3,2023-03-01,-0.018319,0.031175,0.040713,9,9,1.0,25.277425,93671913.0
2637,2023,4,2023-04-01,0.251187,0.028547,0.051946,9,9,1.0,39.395004,98665163.0
2637,2023,5,2023-05-01,0.395029,0.026742,0.023357,9,9,1.0,37.423012,95301562.0
2637,2023,6,2023-06-01,0.703988,0.027515,0.038868,9,9,1.0,33.652856,96444568.0
2637,2023,7,2023-07-01,0.683418,0.035457,0.067366,9,9,1.0,22.549872,101753881.0
2637,2023,8,2023-08-01,0.538065,0.026055,0.047079,9,9,1.0,35.405778,96968132.0
2637,2023,9,2023-09-01,0.412112,0.029387,0.048778,9,9,1.0,21.332106,90239324.0
2637,2024,3,2024-03-01,0.064108,0.030496,0.035156,9,9,1.0,22.531012,86372445.0
2637,2024,4,2024-04-01,0.123027,0.040618,0.040246,9,9,1.0,17.623141,95332509.0
2637,2024,5,2024-05-01,0.397334,0.026221,0.06172,9,9,1.0,33.468645,89883638.0
2637,2024,6,2024-06-01,0.74736,0.030594,0.060071,9,9,1.0,30.55798,84217408.0
2637,2024,7,2024-07-01,0.817412,0.030522,0.058908,9,9,1.0,30.927659,95425695.0
2637,2024,8,2024-08-01,0.641302,0.027347,0.066987,9,9,1.0,35.076662,91425313.0
2637,2024,9,2024-09-01,0.418001,0.021003,0.038368,9,9,1.0,37.829626,85979995.0
2637,2025,3,2025-03-01,0.127815,0.030573,0.056603,9,9,1.0,26.488457,87368194.0
2637,2025,4,2025-04-01,0.235759,0.027301,0.048996,9,9,1.0,36.113171,96861891.0
2637,2025,5,2025-05-01,0.321199,0.03007,0.035845,9,9,1.0,24.008005,89188846.0
2637,2025,6,2025-06-01,0.586066,0.031288,0.026486,9,9,1.0,28.299959,91704495.0
2637,2025,7,2025-07-01,0.832023,0.024815,0.020701,9,9,1.0,44.296179,94751856.0
2637,2025,8,2025-08-01,0.622351,0.02642,0.055959,9,9,1.0,34.973115,94948426.0
2637,2025,9,2025-09-01,0.447871,0.022772,0.047982,9,9,1.0,34.00777,89061648.0
2672,2019,3,2019-03-01,0.186836,0.037239,0.024129,6,6,1.0,23.171498,73511224.0
2672,2019,4,2019-04-01,0.232125,0.028316,0.015615,6,6,1.0,36.690483,74389486.0
2672,2019,5,2019-05-01,0.177659,0.038264,0.055589,6,6,1.0,24.222027,73985614.0
2672,2019,6,2019-06-01,0.630323,0.032277,0.029215,6,6,1.0,37.867044,76811205.0
2672,2019,7,2019-07-01,0.782362,0.034151,0.045448,6,6,1.0,32.23652,76826548.0
2672,2019,8,2019-08-01,0.529296,0.031159,0.039922,6,6,1.0,35.735352,95194713.0
2672,2019,9,2019-09-01,0.412739,0.032426,0.026662,6,6,1.0,25.78254,91974497.0
2672,2020,3,2020-03-01,0.065207,0.02978,0.031038,6,6,1.0,32.792043,94604585.0
2672,2020,4,2020-04-01,0.114753,0.03612,0.051648,6,6,1.0,23.386926,96808107.0
2672,2020,5,2020-05-01,0.259124,0.031239,0.028739,6,6,1.0,33.985315,93035456.0
2672,2020,6,2020-06-01,0.784955,0.0277,0.034042,6,6,1.0,48.893428,96006563.0
2672,2020,7,2020-07-01,0.769153,0.034162,0.041709,6,6,1.0,33.021134,99686529.0
2672,2020,8,2020-08-01,0.655943,0.02903,0.044336,6,6,1.0,39.346007,97684078.0
2672,2020,9,2020-09-01,0.398906,0.029528,0.039388,6,6,1.0,31.051933,91237630.0
2672,2021,3,2021-03-01,0.178405,0.032749,0.039336,6,6,1.0,28.367584,94409616.0
2672,2021,4,2021-04-01,0.213201,0.033618,0.068664,6,6,1.0,29.196858,98410821.0
2672,2021,5,2021-05-01,0.312112,0.035131,0.042599,6,6,1.0,27.5002,91970868.0
2672,2021,6,2021-06-01,0.776471,0.030169,0.059273,6,6,1.0,45.328127,95947119.0
2672,2021,7,2021-07-01,0.914445,0.029044,0.069439,6,6,1.0,48.386837,101406324.0
2672,2021,8,2021-08-01,0.630414,0.033381,0.026454,6,6,1.0,26.395268,97445628.0
2672,2021,9,2021-09-01,0.390051,0.031977,0.035477,6,6,1.0,25.87783,90094126.0
2672,2022,3,2022-03-01,0.193847,0.031151,0.03081,6,6,1.0,32.043937,95748274.0
2672,2022,4,2022-04-01,0.373743,0.043884,0.037463,6,6,1.0,19.705822,97595138.0
2672,2022,5,2022-05-01,0.287863,0.032352,0.055659,6,6,1.0,30.04337,92699999.0
2672,2022,6,2022-06-01,0.856455,0.034855,0.074694,6,6,1.0,31.34408,95901303.0
2672,2022,7,2022-07-01,0.891148,0.035148,0.052078,6,6,1.0,32.557238,102035161.0
2672,2022,8,2022-08-01,0.695603,0.030463,0.069254,6,6,1.0,36.179878,98258702.0
2672,2022,9,2022-09-01,0.478219,0.035701,0.107373,6,6,1.0,20.981343,88902747.0
2672,2023,3,2023-03-01,0.121868,0.031802,0.034987,6,6,1.0,31.263678,93671913.0
2672,2023,4,2023-04-01,0.277519,0.033133,0.04454,6,6,1.0,35.412508,98665163.0
2672,2023,5,2023-05-01,0.443226,0.029979,0.028033,6,6,1.0,35.404266,95301562.0
2672,2023,6,2023-06-01,0.733236,0.031473,0.061954,6,6,1.0,40.382572,96444568.0
2672,2023,7,2023-07-01,0.80497,0.035984,0.059892,6,6,1.0,29.707183,101753881.0
2672,2023,8,2023-08-01,0.655519,0.033377,0.034216,6,6,1.0,29.402373,96968132.0
2672,2023,9,2023-09-01,0.473729,0.030549,0.025024,6,6,1.0,23.529089,90239324.0
2672,2024,3,2024-03-01,0.156246,0.034398,0.018738,6,6,1.0,25.414545,86372445.0
2672,2024,4,2024-04-01,0.195322,0.040676,0.032602,6,6,1.0,20.646914,95332509.0
2672,2024,5,2024-05-01,0.44058,0.026806,0.028815,6,6,1.0,42.939247,89883638.0
2672,2024,6,2024-06-01,0.778032,0.034616,0.095752,6,6,1.0,28.615465,84217408.0
2672,2024,7,2024-07-01,0.816264,0.038417,0.078323,6,6,1.0,25.252557,95425695.0
2672,2024,8,2024-08-01,0.654902,0.030978,0.049538,6,6,1.0,36.060137,91425313.0
2672,2024,9,2024-09-01,0.451188,0.026625,0.032344,6,6,1.0,37.350103,85979995.0
2672,2025,3,2025-03-01,0.263682,0.029801,0.016802,6,6,1.0,36.590496,87368194.0
2672,2025,4,2025-04-01,0.214406,0.027192,0.057171,6,6,1.0,39.141588,96861891.0
2672,2025,5,2025-05-01,0.332231,0.032591,0.026773,6,6,1.0,30.264434,89188846.0
2672,2025,6,2025-06-01,0.76499,0.038386,0.067929,6,6,1.0,25.29265,91704495.0
2672,2025,7,2025-07-01,0.980428,0.030105,0.072521,6,6,1.0,42.022108,94751856.0
2672,2025,8,2025-08-01,0.685428,0.03044,0.056322,6,6,1.0,37.631729,94948426.0
2672,2025,9,2025-09-01,0.470295,0.026151,0.038723,6,6,1.0,36.670845,89061648.0
2674,2019,3,2019-03-01,0.160517,0.036946,0.050245,6,6,1.0,20.976284,73511224.0
2674,2019,4,2019-04-01,0.225798,0.028832,0.022392,6,6,1.0,35.541202,74389486.0
2674,2019,5,2019-05-01,0.338825,0.038606,0.063047,6,6,1.0,23.126281,73985614.0
2674,2019,6,2019-06-01,0.682578,0.03145,0.017772,6,6,1.0,36.089917,76811205.0
2674,2019,7,2019-07-01,0.751999,0.034437,0.057589,6,6,1.0,29.281909,76826548.0
2674,2019,8,2019-08-01,0.591393,0.031816,0.031726,6,6,1.0,32.943384,95194713.0
2674,2019,9,2019-09-01,0.419116,0.032594,0.029784,6,6,1.0,29.50104,91974497.0
2674,2020,3,2020-03-01,0.064034,0.031092,0.029592,6,6,1.0,29.963923,94604585.0
2674,2020,4,2020-04-01,0.161286,0.037509,0.046028,6,6,1.0,22.99894,96808107.0
2674,2020,5,2020-05-01,0.323696,0.032298,0.030213,6,6,1.0,29.294076,93035456.0
2674,2020,6,2020-06-01,0.745476,0.028179,0.046814,6,6,1.0,44.420626,96006563.0
2674,2020,7,2020-07-01,0.730348,0.03465,0.050158,6,6,1.0,33.132716,99686529.0
2674,2020,8,2020-08-01,0.656388,0.029429,0.053155,6,6,1.0,38.415582,97684078.0
2674,2020,9,2020-09-01,0.383824,0.031669,0.057116,6,6,1.0,29.163928,91237630.0
2674,2021,3,2021-03-01,0.207244,0.034039,0.034182,6,6,1.0,27.056849,94409616.0
2674,2021,4,2021-04-01,0.235175,0.034332,0.035029,6,6,1.0,29.904792,98410821.0
2674,2021,5,2021-05-01,0.329398,0.034074,0.009872,6,6,1.0,29.35552,91970868.0
2674,2021,6,2021-06-01,0.864325,0.030023,0.036069,6,6,1.0,43.210831,95947119.0
2674,2021,7,2021-07-01,0.88855,0.028947,0.054466,6,6,1.0,44.050101,101406324.0
2674,2021,8,2021-08-01,0.597942,0.034676,0.056218,6,6,1.0,26.611123,97445628.0
2674,2021,9,2021-09-01,0.335261,0.034751,0.0279,6,6,1.0,21.23244,90094126.0
2674,2022,3,2022-03-01,0.203474,0.032225,0.018499,6,6,1.0,30.432753,95748274.0
2674,2022,4,2022-04-01,0.347239,0.042728,0.058389,6,6,1.0,21.358297,97595138.0
2674,2022,5,2022-05-01,0.293081,0.031081,0.038745,6,6,1.0,29.414737,92699999.0
2674,2022,6,2022-06-01,0.872283,0.036085,0.055177,6,6,1.0,28.315204,95901303.0
2674,2022,7,2022-07-01,0.803406,0.034545,0.032834,6,6,1.0,33.796414,102035161.0
2674,2022,8,2022-08-01,0.77628,0.029837,0.0591,6,6,1.0,33.287153,98258702.0
2674,2022,9,2022-09-01,0.392358,0.034628,0.050638,6,6,1.0,22.943668,88902747.0
2674,2023,3,2023-03-01,0.171461,0.03292,0.025758,6,6,1.0,27.330419,93671913.0
2674,2023,4,2023-04-01,0.306234,0.033001,0.025733,6,6,1.0,36.599736,98665163.0
2674,2023,5,2023-05-01,0.476313,0.03103,0.028093,6,6,1.0,31.916558,95301562.0
2674,2023,6,2023-06-01,0.731036,0.03109,0.054,6,6,1.0,39.681307,96444568.0
2674,2023,7,2023-07-01,0.663088,0.03716,0.067276,6,6,1.0,29.390638,101753881.0
2674,2023,8,2023-08-01,0.650745,0.032766,0.014276,6,6,1.0,34.96178,96968132.0
2674,2023,9,2023-09-01,0.476038,0.031546,0.040489,6,6,1.0,22.530278,90239324.0
2674,2024,3,2024-03-01,0.200135,0.035043,0.042455,6,6,1.0,25.839892,86372445.0
2674,2024,4,2024-04-01,0.242441,0.041107,0.048363,6,6,1.0,21.15153,95332509.0
2674,2024,5,2024-05-01,0.47001,0.026851,0.043238,6,6,1.0,41.568483,89883638.0
2674,2024,6,2024-06-01,0.886481,0.034524,0.033241,6,6,1.0,35.857479,84217408.0
2674,2024,7,2024-07-01,0.865539,0.038122,0.072959,6,6,1.0,24.710755,95425695.0
2674,2024,8,2024-08-01,0.655283,0.030843,0.042168,6,6,1.0,34.072458,91425313.0
2674,2024,9,2024-09-01,0.454545,0.027351,0.028849,6,6,1.0,35.270831,85979995.0
2674,2025,3,2025-03-01,0.254181,0.030685,0.028318,6,6,1.0,34.451468,87368194.0
2674,2025,4,2025-04-01,0.262551,0.027427,0.025744,6,6,1.0,39.786453,96861891.0
2674,2025,5,2025-05-01,0.298347,0.033632,0.020837,6,6,1.0,26.795617,89188846.0
2674,2025,6,2025-06-01,0.843207,0.038876,0.033958,6,6,1.0,28.461131,91704495.0
2674,2025,7,2025-07-01,0.967488,0.028498,0.046683,6,6,1.0,44.822867,94751856.0
2674,2025,8,2025-08-01,0.704151,0.030023,0.038847,6,6,1.0,40.312565,94948426.0
2674,2025,9,2025-09-01,0.486802,0.025885,0.019019,6,6,1.0,34.362443,89061648.0
2699,2019,3,2019-03-01,0.072826,0.032211,0.058465,9,9,1.0,21.806818,73511224.0
2699,2019,4,2019-04-01,0.234625,0.025106,0.052673,9,9,1.0,41.021033,74389486.0
2699,2019,5,2019-05-01,0.243648,0.032637,0.035667,9,9,1.0,22.989284,73985614.0
2699,2019,6,2019-06-01,0.747645,0.026515,0.077374,9,9,1.0,38.501298,76811205.0
2699,2019,7,2019-07-01,0.817906,0.03261,0.042394,9,9,1.0,27.55285,76826548.0
2699,2019,8,2019-08-01,0.532762,0.027815,0.048003,9,9,1.0,35.024064,95194713.0
2699,2019,9,2019-09-01,0.34907,0.027133,0.056806,9,9,1.0,27.815154,91974497.0
2699,2020,3,2020-03-01,0.088945,0.025451,0.066205,9,9,1.0,35.932946,94604585.0
2699,2020,4,2020-04-01,0.191583,0.033531,0.088084,9,9,1.0,24.511291,96808107.0
2699,2020,5,2020-05-01,0.216351,0.025591,0.057009,9,9,1.0,38.982822,93035456.0
2699,2020,6,2020-06-01,0.869243,0.026108,0.061431,9,9,1.0,40.886942,96006563.0
2699,2020,7,2020-07-01,0.830045,0.030253,0.049337,9,9,1.0,33.068516,99686529.0
2699,2020,8,2020-08-01,0.651956,0.027687,0.04906,9,9,1.0,36.728649,97684078.0
2699,2020,9,2020-09-01,0.378775,0.025529,0.048134,9,9,1.0,33.354918,91237630.0
2699,2021,3,2021-03-01,0.145075,0.024941,0.048378,9,9,1.0,38.714911,94409616.0
2699,2021,4,2021-04-01,0.236973,0.028785,0.029806,9,9,1.0,33.07852,98410821.0
2699,2021,5,2021-05-01,0.294599,0.032214,0.045028,9,9,1.0,27.392489,91970868.0
2699,2021,6,2021-06-01,0.850122,0.024516,0.046556,9,9,1.0,46.026048,95947119.0
2699,2021,7,2021-07-01,0.902998,0.025745,0.039507,9,9,1.0,44.434326,101406324.0
2699,2021,8,2021-08-01,0.531172,0.028779,0.066801,9,9,1.0,33.483636,97445628.0
2699,2021,9,2021-09-01,0.428335,0.026998,0.050406,9,9,1.0,27.471534,90094126.0
2699,2022,3,2022-03-01,0.125642,0.026063,0.045805,9,9,1.0,35.717957,95748274.0
2699,2022,4,2022-04-01,0.281058,0.033914,0.042418,9,9,1.0,26.004609,97595138.0
2699,2022,5,2022-05-01,0.307425,0.028075,0.025758,9,9,1.0,31.927884,92699999.0
2699,2022,6,2022-06-01,0.824545,0.030026,0.03285,9,9,1.0,34.586749,95901303.0
2699,2022,7,2022-07-01,0.876907,0.029782,0.04097,9,9,1.0,35.013822,102035161.0
2699,2022,8,2022-08-01,0.805366,0.027067,0.060603,9,9,1.0,36.488075,98258702.0
2699,2022,9,2022-09-01,0.288515,0.041725,0.073936,9,9,1.0,14.862373,88902747.0
2699,2023,3,2023-03-01,0.093627,0.030315,0.056069,9,9,1.0,25.601996,93671913.0
2699,2023,4,2023-04-01,0.275527,0.027645,0.035104,9,9,1.0,38.237866,98665163.0
2699,2023,5,2023-05-01,0.480371,0.025852,0.022136,9,9,1.0,37.416372,95301562.0
2699,2023,6,2023-06-01,0.9123,0.027965,0.084832,9,9,1.0,36.423804,96444568.0
2699,2023,7,2023-07-01,0.796772,0.033527,0.048202,9,9,1.0,28.145628,101753881.0
2699,2023,8,2023-08-01,0.622961,0.025281,0.042766,9,9,1.0,40.726845,96968132.0
2699,2023,9,2023-09-01,0.442337,0.031983,0.090917,9,9,1.0,18.747706,90239324.0
2699,2024,3,2024-03-01,0.118284,0.032348,0.039026,9,9,1.0,22.336403,86372445.0
2699,2024,4,2024-04-01,0.144495,0.037613,0.045916,9,9,1.0,19.550735,95332509.0
2699,2024,5,2024-05-01,0.458257,0.02689,0.030711,9,9,1.0,33.09053,89883638.0
2699,2024,6,2024-06-01,0.933887,0.031303,0.066394,9,9,1.0,31.355003,84217408.0
2699,2024,7,2024-07-01,0.870483,0.029124,0.059592,9,9,1.0,34.128469,95425695.0
2699,2024,8,2024-08-01,0.692634,0.026494,0.022344,9,9,1.0,39.247208,91425313.0
2699,2024,9,2024-09-01,0.489569,0.02235,0.02229,9,9,1.0,38.538655,85979995.0
2699,2025,3,2025-03-01,0.20111,0.030445,0.044874,9,9,1.0,28.945674,87368194.0
2699,2025,4,2025-04-01,0.241321,0.025252,0.03821,9,9,1.0,41.321848,96861891.0
2699,2025,5,2025-05-01,0.278178,0.02921,0.040262,9,9,1.0,26.717662,89188846.0
2699,2025,6,2025-06-01,0.667955,0.032585,0.052343,9,9,1.0,27.297768,91704495.0
2699,2025,7,2025-07-01,0.943227,0.025051,0.043597,9,9,1.0,46.253133,94751856.0
2699,2025,8,2025-08-01,0.685895,0.02698,0.067282,9,9,1.0,38.125801,94948426.0
2699,2025,9,2025-09-01,0.49754,0.024547,0.0255,9,9,1.0,29.965649,89061648.0
2701,2019,3,2019-03-01,0.046267,0.031518,0.020788,9,9,1.0,26.943874,73511224.0
2701,2019,4,2019-04-01,0.17881,0.026638,0.021408,9,9,1.0,42.5315,74389486.0
2701,2019,5,2019-05-01,0.19488,0.03232,0.067053,9,9,1.0,20.896317,73985614.0
2701,2019,6,2019-06-01,0.678863,0.028583,0.07839,9,9,1.0,35.730355,76811205.0
2701,2019,7,2019-07-01,0.685175,0.0331,0.059844,9,9,1.0,28.108758,76826548.0
2701,2019,8,2019-08-01,0.458873,0.028637,0.068605,9,9,1.0,32.894304,95194713.0
2701,2019,9,2019-09-01,0.28209,0.02694,0.036937,9,9,1.0,29.464066,91974497.0
2701,2020,3,2020-03-01,0.070215,0.026506,0.050188,9,9,1.0,36.986837,94604585.0
2701,2020,4,2020-04-01,0.16953,0.037618,0.058951,9,9,1.0,24.619996,96808107.0
2701,2020,5,2020-05-01,0.268371,0.026383,0.045551,9,9,1.0,40.337654,93035456.0
2701,2020,6,2020-06-01,0.660686,0.026764,0.080414,9,9,1.0,36.797624,96006563.0
2701,2020,7,2020-07-01,0.715815,0.031058,0.063849,9,9,1.0,28.811442,99686529.0
2701,2020,8,2020-08-01,0.620307,0.027265,0.09979,9,9,1.0,35.165763,97684078.0
2701,2020,9,2020-09-01,0.35007,0.025592,0.03977,9,9,1.0,32.658549,91237630.0
2701,2021,3,2021-03-01,0.081218,0.025308,0.019265,9,9,1.0,44.237433,94409616.0
2701,2021,4,2021-04-01,0.127548,0.029989,0.073246,9,9,1.0,34.819264,98410821.0
2701,2021,5,2021-05-01,0.303479,0.031462,0.036176,9,9,1.0,27.272141,91970868.0
2701,2021,6,2021-06-01,0.74631,0.02485,0.069852,9,9,1.0,46.189117,95947119.0
2701,2021,7,2021-07-01,0.8227,0.025379,0.109316,9,9,1.0,46.349673,101406324.0
2701,2021,8,2021-08-01,0.501952,0.028808,0.046009,9,9,1.0,33.087679,97445628.0
2701,2021,9,2021-09-01,0.323664,0.027491,0.053851,9,9,1.0,27.71345,90094126.0
2701,2022,3,2022-03-01,0.112409,0.027915,0.031888,9,9,1.0,35.343312,95748274.0
2701,2022,4,2022-04-01,0.18817,0.034129,0.051363,9,9,1.0,29.744729,97595138.0
2701,2022,5,2022-05-01,0.201813,0.029133,0.027138,9,9,1.0,29.191764,92699999.0
2701,2022,6,2022-06-01,0.682513,0.030295,0.102149,9,9,1.0,31.769483,95901303.0
2701,2022,7,2022-07-01,0.807376,0.030808,0.100529,9,9,1.0,34.398737,102035161.0
2701,2022,8,2022-08-01,0.682522,0.026311,0.083568,9,9,1.0,37.826417,98258702.0
2701,2022,9,2022-09-01,0.235358,0.037341,0.037002,9,9,1.0,18.02724,88902747.0
2701,2023,3,2023-03-01,0.047941,0.030738,0.035522,9,9,1.0,29.216378,93671913.0
2701,2023,4,2023-04-01,0.239895,0.02944,0.028444,9,9,1.0,41.714484,98665163.0
2701,2023,5,2023-05-01,0.387951,0.027068,0.070806,9,9,1.0,35.028473,95301562.0
2701,2023,6,2023-06-01,0.681969,0.029553,0.092986,9,9,1.0,34.872875,96444568.0
2701,2023,7,2023-07-01,0.711079,0.034502,0.073488,9,9,1.0,27.79522,101753881.0
2701,2023,8,2023-08-01,0.583922,0.026162,0.058761,9,9,1.0,38.185773,96968132.0
2701,2023,9,2023-09-01,0.383302,0.032587,0.053579,9,9,1.0,22.323022,90239324.0
2701,2024,3,2024-03-01,0.092853,0.032212,0.052083,9,9,1.0,25.107831,86372445.0
2701,2024,4,2024-04-01,0.106823,0.037644,0.055904,9,9,1.0,21.955204,95332509.0
2701,2024,5,2024-05-01,0.424045,0.0264,0.035258,9,9,1.0,35.778149,89883638.0
2701,2024,6,2024-06-01,0.760363,0.03211,0.102916,9,9,1.0,29.616973,84217408.0
2701,2024,7,2024-07-01,0.767461,0.029852,0.068416,9,9,1.0,33.216377,95425695.0
2701,2024,8,2024-08-01,0.594361,0.027672,0.077187,9,9,1.0,35.302286,91425313.0
2701,2024,9,2024-09-01,0.416207,0.022105,0.018808,9,9,1.0,40.256544,85979995.0
2701,2025,3,2025-03-01,0.149804,0.033063,0.041872,9,9,1.0,28.264531,87368194.0
2701,2025,4,2025-04-01,0.193235,0.02784,0.048251,9,9,1.0,40.525798,96861891.0
2701,2025,5,2025-05-01,0.261184,0.029788,0.03464,9,9,1.0,25.754083,89188846.0
2701,2025,6,2025-06-01,0.612323,0.032879,0.085806,9,9,1.0,25.374925,91704495.0
2701,2025,7,2025-07-01,0.763262,0.025378,0.069734,9,9,1.0,44.029709,94751856.0
2701,2025,8,2025-08-01,0.608521,0.02733,0.093802,9,9,1.0,32.515582,94948426.0
2701,2025,9,2025-09-01,0.456397,0.023707,0.043312,9,9,1.0,30.232956,89061648.0
2702,2019,3,2019-03-01,0.040736,0.035921,0.080761,9,9,1.0,22.872936,73511224.0
2702,2019,4,2019-04-01,0.115349,0.029146,0.061789,9,9,1.0,38.544178,74389486.0
2702,2019,5,2019-05-01,0.232974,0.034364,0.035715,9,9,1.0,21.221294,73985614.0
2702,2019,6,2019-06-01,0.596983,0.029301,0.030463,9,9,1.0,34.435341,76811205.0
2702,2019,7,2019-07-01,0.623163,0.034868,0.039464,9,9,1.0,26.21331,76826548.0
2702,2019,8,2019-08-01,0.44906,0.029602,0.032418,9,9,1.0,32.554444,95194713.0
2702,2019,9,2019-09-01,0.258108,0.027337,0.023345,9,9,1.0,29.637934,91974497.0
2702,2020,3,2020-03-01,0.042442,0.028373,0.029464,9,9,1.0,35.925849,94604585.0
2702,2020,4,2020-04-01,0.199983,0.041839,0.075527,9,9,1.0,21.404712,96808107.0
2702,2020,5,2020-05-01,0.209674,0.026975,0.056759,9,9,1.0,39.215839,93035456.0
2702,2020,6,2020-06-01,0.653164,0.028639,0.054822,9,9,1.0,32.659863,96006563.0
2702,2020,7,2020-07-01,0.674904,0.032183,0.051106,9,9,1.0,27.052659,99686529.0
2702,2020,8,2020-08-01,0.588429,0.029232,0.051033,9,9,1.0,33.746336,97684078.0
2702,2020,9,2020-09-01,0.347394,0.026701,0.032663,9,9,1.0,33.229876,91237630.0
2702,2021,3,2021-03-01,0.082477,0.02753,0.015442,9,9,1.0,38.713476,94409616.0
2702,2021,4,2021-04-01,0.209023,0.032543,0.050948,9,9,1.0,28.967224,98410821.0
2702,2021,5,2021-05-01,0.275919,0.032883,0.025246,9,9,1.0,25.543803,91970868.0
2702,2021,6,2021-06-01,0.661191,0.025968,0.037628,9,9,1.0,44.848704,95947119.0
2702,2021,7,2021-07-01,0.807167,0.025642,0.051376,9,9,1.0,46.22829,101406324.0
2702,2021,8,2021-08-01,0.543785,0.031402,0.042019,9,9,1.0,29.16765,97445628.0
2702,2021,9,2021-09-01,0.277231,0.029425,0.046856,9,9,1.0,27.913817,90094126.0
2702,2022,3,2022-03-01,0.097363,0.029182,0.044649,9,9,1.0,33.125852,95748274.0
2702,2022,4,2022-04-01,0.181858,0.036133,0.047901,9,9,1.0,28.249783,97595138.0
2702,2022,5,2022-05-01,0.204323,0.030132,0.032192,9,9,1.0,29.942885,92699999.0
2702,2022,6,2022-06-01,0.650269,0.031694,0.044335,9,9,1.0,31.11309,95901303.0
2702,2022,7,2022-07-01,0.68462,0.031848,0.040425,9,9,1.0,31.022801,102035161.0
2702,2022,8,2022-08-01,0.685104,0.027484,0.047417,9,9,1.0,36.522729,98258702.0
2702,2022,9,2022-09-01,0.262002,0.040419,0.103708,9,9,1.0,15.018482,88902747.0
2702,2023,3,2023-03-01,0.061714,0.033854,0.042275,9,9,1.0,26.537787,93671913.0
2702,2023,4,2023-04-01,0.192766,0.030895,0.029762,9,9,1.0,40.25751,98665163.0
2702,2023,5,2023-05-01,0.327465,0.028946,0.032067,9,9,1.0,35.448492,95301562.0
2702,2023,6,2023-06-01,0.618464,0.029971,0.067851,9,9,1.0,31.608521,96444568.0
2702,2023,7,2023-07-01,0.653425,0.03569,0.041997,9,9,1.0,25.35927,101753881.0
2702,2023,8,2023-08-01,0.543326,0.028113,0.032202,9,9,1.0,37.020872,96968132.0
2702,2023,9,2023-09-01,0.319014,0.032909,0.035271,9,9,1.0,22.406264,90239324.0
2702,2024,3,2024-03-01,0.062728,0.033213,0.019174,9,9,1.0,23.657084,86372445.0
2702,2024,4,2024-04-01,0.114005,0.042252,0.038145,9,9,1.0,17.528746,95332509.0
2702,2024,5,2024-05-01,0.417692,0.028168,0.023033,9,9,1.0,33.19724,89883638.0
2702,2024,6,2024-06-01,0.807669,0.032739,0.054457,9,9,1.0,28.272701,84217408.0
2702,2024,7,2024-07-01,0.812778,0.031847,0.050512,9,9,1.0,31.184413,95425695.0
2702,2024,8,2024-08-01,0.61898,0.028221,0.102612,9,9,1.0,35.534452,91425313.0
2702,2024,9,2024-09-01,0.398065,0.023012,0.037336,9,9,1.0,39.335889,85979995.0
2702,2025,3,2025-03-01,0.168512,0.034794,0.048303,9,9,1.0,25.302942,87368194.0
2702,2025,4,2025-04-01,0.230176,0.029594,0.046227,9,9,1.0,37.416291,96861891.0
2702,2025,5,2025-05-01,0.280416,0.031588,0.01485,9,9,1.0,25.811656,89188846.0
2702,2025,6,2025-06-01,0.629175,0.032814,0.053679,9,9,1.0,26.554466,91704495.0
2702,2025,7,2025-07-01,0.748088,0.026139,0.031011,9,9,1.0,45.911209,94751856.0
2702,2025,8,2025-08-01,0.615427,0.027723,0.047858,9,9,1.0,34.636082,94948426.0
2702,2025,9,2025-09-01,0.426102,0.024168,0.022992,9,9,1.0,32.99657,89061648.0
2703,2019,3,2019-03-01,0.025473,0.035997,0.060239,8,8,1.0,24.515902,73511224.0
2703,2019,4,2019-04-01,0.165759,0.0303,0.064236,8,8,1.0,40.488873,74389486.0
2703,2019,5,2019-05-01,0.27439,0.035239,0.016953,8,8,1.0,20.501506,73985614.0
2703,2019,6,2019-06-01,0.589622,0.030726,0.027099,8,8,1.0,35.79026,76811205.0
2703,2019,7,2019-07-01,0.579014,0.037712,0.030043,8,8,1.0,25.074858,76826548.0
2703,2019,8,2019-08-01,0.433821,0.031556,0.045482,8,8,1.0,30.295866,95194713.0
2703,2019,9,2019-09-01,0.266147,0.028463,0.049912,8,8,1.0,28.999906,91974497.0
2703,2020,3,2020-03-01,0.063916,0.03067,0.02333,8,8,1.0,34.382902,94604585.0
2703,2020,4,2020-04-01,0.246281,0.042054,0.084945,8,8,1.0,23.197016,96808107.0
2703,2020,5,2020-05-01,0.192528,0.028991,0.029134,8,8,1.0,38.237494,93035456.0
2703,2020,6,2020-06-01,0.753403,0.030259,0.039078,8,8,1.0,34.722453,96006563.0
2703,2020,7,2020-07-01,0.759177,0.034947,0.057092,8,8,1.0,26.555647,99686529.0
2703,2020,8,2020-08-01,0.605802,0.031807,0.039214,8,8,1.0,31.222427,97684078.0
2703,2020,9,2020-09-01,0.33855,0.027652,0.028814,8,8,1.0,32.762824,91237630.0
2703,2021,3,2021-03-01,0.046157,0.027987,0.022185,8,8,1.0,38.398979,94409616.0
2703,2021,4,2021-04-01,0.227524,0.034505,0.043216,8,8,1.0,30.310179,98410821.0
2703,2021,5,2021-05-01,0.296051,0.033298,0.022867,8,8,1.0,27.390562,91970868.0
2703,2021,6,2021-06-01,0.720309,0.027076,0.048517,8,8,1.0,44.748458,95947119.0
2703,2021,7,2021-07-01,0.913371,0.027039,0.036071,8,8,1.0,45.094585,101406324.0
2703,2021,8,2021-08-01,0.595729,0.031604,0.048502,8,8,1.0,30.647824,97445628.0
2703,2021,9,2021-09-01,0.327496,0.031097,0.019888,8,8,1.0,25.165496,90094126.0
2703,2022,3,2022-03-01,0.064324,0.029685,0.022867,8,8,1.0,35.033775,95748274.0
2703,2022,4,2022-04-01,0.24336,0.035388,0.056824,8,8,1.0,33.078374,97595138.0
2703,2022,5,2022-05-01,0.22314,0.031303,0.030321,8,8,1.0,33.354831,92699999.0
2703,2022,6,2022-06-01,0.702408,0.033858,0.060783,8,8,1.0,29.832179,95901303.0
2703,2022,7,2022-07-01,0.85791,0.032317,0.089265,8,8,1.0,32.459884,102035161.0
2703,2022,8,2022-08-01,0.70657,0.028455,0.032207,8,8,1.0,37.084698,98258702.0
2703,2022,9,2022-09-01,0.288594,0.040496,0.064097,8,8,1.0,16.621396,88902747.0
2703,2023,3,2023-03-01,0.022015,0.033401,0.041349,8,8,1.0,27.671671,93671913.0
2703,2023,4,2023-04-01,0.218781,0.031618,0.04895,8,8,1.0,41.189874,98665163.0
2703,2023,5,2023-05-01,0.35969,0.02998,0.035852,8,8,1.0,36.252154,95301562.0
2703,2023,6,2023-06-01,0.681779,0.030608,0.037316,8,8,1.0,34.172024,96444568.0
2703,2023,7,2023-07-01,0.74708,0.039442,0.083974,8,8,1.0,22.533079,101753881.0
2703,2023,8,2023-08-01,0.530972,0.02921,0.037444,8,8,1.0,35.811438,96968132.0
2703,2023,9,2023-09-01,0.37947,0.032306,0.026005,8,8,1.0,21.897693,90239324.0
2703,2024,3,2024-03-01,0.087455,0.033826,0.030116,8,8,1.0,24.09235,86372445.0
2703,2024,4,2024-04-01,0.144113,0.042857,0.038323,8,8,1.0,20.006872,95332509.0
2703,2024,5,2024-05-01,0.395918,0.029161,0.026215,8,8,1.0,33.576188,89883638.0
2703,2024,6,2024-06-01,0.754431,0.035167,0.031085,8,8,1.0,27.996966,84217408.0
2703,2024,7,2024-07-01,0.838205,0.03376,0.039395,8,8,1.0,32.260594,95425695.0
2703,2024,8,2024-08-01,0.58261,0.02987,0.049787,8,8,1.0,34.733592,91425313.0
2703,2024,9,2024-09-01,0.414535,0.023501,0.02347,8,8,1.0,39.848019,85979995.0
2703,2025,3,2025-03-01,0.181715,0.034866,0.033577,8,8,1.0,25.262266,87368194.0
2703,2025,4,2025-04-01,0.227976,0.029804,0.03476,8,8,1.0,39.135977,96861891.0
2703,2025,5,2025-05-01,0.278514,0.032844,0.044587,8,8,1.0,26.2793,89188846.0
2703,2025,6,2025-06-01,0.624484,0.034418,0.05391,8,8,1.0,27.728599,91704495.0
2703,2025,7,2025-07-01,0.827522,0.027756,0.036583,8,8,1.0,45.197061,94751856.0
2703,2025,8,2025-08-01,0.613197,0.028529,0.059428,8,8,1.0,37.22278,94948426.0
2703,2025,9,2025-09-01,0.447268,0.025154,0.038876,8,8,1.0,32.922483,89061648.0
2728,2019,3,2019-03-01,0.147987,0.043419,0.022025,8,8,1.0,16.199242,73511224.0
2728,2019,4,2019-04-01,0.200292,0.026544,0.010119,8,8,1.0,36.832245,74389486.0
2728,2019,5,2019-05-01,0.386253,0.035178,0.039394,8,8,1.0,26.778052,73985614.0
2728,2019,6,2019-06-01,1.084065,0.033559,0.046507,8,8,1.0,35.046594,76811205.0
2728,2019,7,2019-07-01,1.252148,0.032704,0.095093,8,8,1.0,40.936195,76826548.0
2728,2019,8,2019-08-01,0.766536,0.030975,0.062523,8,8,1.0,35.218502,95194713.0
2728,2019,9,2019-09-01,0.433979,0.029517,0.024415,8,8,1.0,32.503533,91974497.0
2728,2020,3,2020-03-01,0.047795,0.027427,0.022913,8,8,1.0,29.968269,94604585.0
2728,2020,4,2020-04-01,0.118863,0.032501,0.029549,8,8,1.0,29.834626,96808107.0
2728,2020,5,2020-05-01,0.207246,0.02931,0.028184,8,8,1.0,38.663192,93035456.0
2728,2020,6,2020-06-01,1.054716,0.029757,0.06194,8,8,1.0,41.73277,96006563.0
2728,2020,7,2020-07-01,1.12901,0.035691,0.08699,8,8,1.0,35.789663,99686529.0
2728,2020,8,2020-08-01,0.986665,0.030827,0.056424,8,8,1.0,37.511602,97684078.0
2728,2020,9,2020-09-01,0.499193,0.029191,0.026533,8,8,1.0,30.117116,91237630.0
2728,2021,3,2021-03-01,0.203823,0.036773,0.02062,8,8,1.0,25.619641,94409616.0
2728,2021,4,2021-04-01,0.181313,0.028163,0.009375,8,8,1.0,31.059164,98410821.0
2728,2021,5,2021-05-01,0.3303,0.034305,0.042234,8,8,1.0,28.782444,91970868.0
2728,2021,6,2021-06-01,1.088662,0.032699,0.041264,8,8,1.0,34.036013,95947119.0
2728,2021,7,2021-07-01,1.206521,0.02927,0.083682,8,8,1.0,48.540932,101406324.0
2728,2021,8,2021-08-01,0.765745,0.034878,0.036494,8,8,1.0,25.305259,97445628.0
2728,2021,9,2021-09-01,0.429118,0.031374,0.03394,8,8,1.0,28.160859,90094126.0
2728,2022,3,2022-03-01,0.211476,0.041769,0.052529,8,8,1.0,19.326731,95748274.0
2728,2022,4,2022-04-01,0.21797,0.037497,0.052891,8,8,1.0,25.188943,97595138.0
2728,2022,5,2022-05-01,0.327374,0.02832,0.023659,8,8,1.0,34.810891,92699999.0
2728,2022,6,2022-06-01,1.149013,0.035281,0.044421,8,8,1.0,34.628801,95901303.0
2728,2022,7,2022-07-01,1.322484,0.03667,0.054661,8,8,1.0,34.284177,102035161.0
2728,2022,8,2022-08-01,0.907822,0.029816,0.036072,8,8,1.0,37.210752,98258702.0
2728,2022,9,2022-09-01,0.470523,0.030078,0.036056,8,8,1.0,32.048961,88902747.0
2728,2023,3,2023-03-01,0.179804,0.03769,0.080364,8,8,1.0,22.035923,93671913.0
2728,2023,4,2023-04-01,0.201739,0.032204,0.048704,8,8,1.0,36.728633,98665163.0
2728,2023,5,2023-05-01,0.483874,0.028011,0.04328,8,8,1.0,43.986562,95301562.0
2728,2023,6,2023-06-01,0.956726,0.031044,0.035687,8,8,1.0,42.786725,96444568.0
2728,2023,7,2023-07-01,1.150563,0.038215,0.122721,8,8,1.0,28.749424,101753881.0
2728,2023,8,2023-08-01,0.889779,0.034406,0.040236,8,8,1.0,29.471949,96968132.0
2728,2023,9,2023-09-01,0.610247,0.034399,0.043699,8,8,1.0,22.416706,90239324.0
2728,2024,3,2024-03-01,0.153243,0.037288,0.033431,8,8,1.0,22.694527,86372445.0
2728,2024,4,2024-04-01,0.128034,0.034718,0.034135,8,8,1.0,20.737294,95332509.0
2728,2024,5,2024-05-01,0.490111,0.026385,0.047581,8,8,1.0,44.506375,89883638.0
2728,2024,6,2024-06-01,1.192172,0.038571,0.065361,8,8,1.0,27.087944,84217408.0
2728,2024,7,2024-07-01,1.138254,0.037508,0.109303,8,8,1.0,27.058856,95425695.0
2728,2024,8,2024-08-01,0.858137,0.033242,0.050488,8,8,1.0,32.496739,91425313.0
2728,2024,9,2024-09-01,0.552489,0.025502,0.030904,8,8,1.0,41.699644,85979995.0
2728,2025,3,2025-03-01,0.118216,0.029751,0.036983,8,8,1.0,29.725324,87368194.0
2728,2025,4,2025-04-01,0.274976,0.028374,0.013415,8,8,1.0,31.367305,96861891.0
2728,2025,5,2025-05-01,0.335199,0.031167,0.031476,8,8,1.0,33.202397,89188846.0
2728,2025,6,2025-06-01,0.986227,0.035965,0.107956,8,8,1.0,33.673851,91704495.0
2728,2025,7,2025-07-01,1.385471,0.030557,0.117292,8,8,1.0,44.505668,94751856.0
2728,2025,8,2025-08-01,0.945811,0.029694,0.064105,8,8,1.0,38.092212,94948426.0
2728,2025,9,2025-09-01,0.588613,0.028719,0.058742,8,8,1.0,31.885286,89061648.0
2794,2019,3,2019-03-01,0.181386,0.040677,0.029079,10,10,1.0,15.436577,73511224.0
2794,2019,4,2019-04-01,0.182434,0.025516,0.023428,10,10,1.0,36.890779,74389486.0
2794,2019,5,2019-05-01,0.453157,0.031654,0.044834,10,10,1.0,29.191134,73985614.0
2794,2019,6,2019-06-01,0.988636,0.030626,0.040919,10,10,1.0,36.303041,76811205.0
2794,2019,7,2019-07-01,1.075281,0.030218,0.092628,10,10,1.0,40.87124,76826548.0
2794,2019,8,2019-08-01,0.688257,0.028762,0.058554,10,10,1.0,34.417046,95194713.0
2794,2019,9,2019-09-01,0.441349,0.028945,0.02392,10,10,1.0,31.278885,91974497.0
2794,2020,3,2020-03-01,0.029561,0.026087,0.034219,10,10,1.0,30.005286,94604585.0
2794,2020,4,2020-04-01,0.123393,0.02998,0.046123,10,10,1.0,31.017864,96808107.0
2794,2020,5,2020-05-01,0.258916,0.027004,0.057898,10,10,1.0,38.936484,93035456.0
2794,2020,6,2020-06-01,0.996064,0.027956,0.022377,10,10,1.0,42.522602,96006563.0
2794,2020,7,2020-07-01,1.007615,0.034432,0.082329,10,10,1.0,36.441325,99686529.0
2794,2020,8,2020-08-01,0.916538,0.029557,0.038618,10,10,1.0,36.417199,97684078.0
2794,2020,9,2020-09-01,0.513791,0.028014,0.025991,10,10,1.0,30.109241,91237630.0
2794,2021,3,2021-03-01,0.195203,0.03462,0.026366,10,10,1.0,25.242752,94409616.0
2794,2021,4,2021-04-01,0.169026,0.027241,0.034357,10,10,1.0,33.096863,98410821.0
2794,2021,5,2021-05-01,0.333874,0.031849,0.055266,10,10,1.0,30.415906,91970868.0
2794,2021,6,2021-06-01,1.024764,0.030519,0.050798,10,10,1.0,36.014564,95947119.0
2794,2021,7,2021-07-01,1.140978,0.027221,0.053417,10,10,1.0,49.326716,101406324.0
2794,2021,8,2021-08-01,0.80345,0.032284,0.030938,10,10,1.0,26.6503,97445628.0
2794,2021,9,2021-09-01,0.440084,0.030863,0.019106,10,10,1.0,26.196694,90094126.0
2794,2022,3,2022-03-01,0.246721,0.037014,0.039074,10,10,1.0,21.476577,95748274.0
2794,2022,4,2022-04-01,0.229242,0.033367,0.026244,10,10,1.0,29.027254,97595138.0
2794,2022,5,2022-05-01,0.355714,0.026858,0.043493,10,10,1.0,37.515239,92699999.0
2794,2022,6,2022-06-01,1.071096,0.033145,0.049956,10,10,1.0,35.09691,95901303.0
2794,2022,7,2022-07-01,1.152278,0.034682,0.097266,10,10,1.0,33.438799,102035161.0
2794,2022,8,2022-08-01,0.907776,0.028262,0.050063,10,10,1.0,37.633079,98258702.0
2794,2022,9,2022-09-01,0.445402,0.029769,0.023642,10,10,1.0,28.145532,88902747.0
2794,2023,3,2023-03-01,0.154779,0.03465,0.046734,10,10,1.0,23.983762,93671913.0
2794,2023,4,2023-04-01,0.197039,0.029554,0.041566,10,10,1.0,38.362723,98665163.0
2794,2023,5,2023-05-01,0.483708,0.026175,0.057207,10,10,1.0,45.385029,95301562.0
2794,2023,6,2023-06-01,0.950995,0.029727,0.0411,10,10,1.0,40.625332,96444568.0
2794,2023,7,2023-07-01,0.986173,0.03475,0.055723,10,10,1.0,32.312725,101753881.0
2794,2023,8,2023-08-01,0.887171,0.032547,0.036761,10,10,1.0,28.855144,96968132.0
2794,2023,9,2023-09-01,0.573943,0.031375,0.042408,10,10,1.0,20.914415,90239324.0
2794,2024,3,2024-03-01,0.167465,0.033562,0.029522,10,10,1.0,24.267504,86372445.0
2794,2024,4,2024-04-01,0.120384,0.031333,0.022919,10,10,1.0,24.791638,95332509.0
2794,2024,5,2024-05-01,0.488321,0.024869,0.023619,10,10,1.0,44.9081,89883638.0
2794,2024,6,2024-06-01,1.077969,0.035361,0.081637,10,10,1.0,27.575634,84217408.0
2794,2024,7,2024-07-01,1.145393,0.035618,0.069379,10,10,1.0,27.501297,95425695.0
2794,2024,8,2024-08-01,0.823702,0.032525,0.042225,10,10,1.0,30.865287,91425313.0
2794,2024,9,2024-09-01,0.519104,0.023996,0.041572,10,10,1.0,41.526076,85979995.0
2794,2025,3,2025-03-01,0.164543,0.028314,0.045048,10,10,1.0,30.930663,87368194.0
2794,2025,4,2025-04-01,0.264102,0.026616,0.013851,10,10,1.0,35.710963,96861891.0
2794,2025,5,2025-05-01,0.377817,0.030076,0.022489,10,10,1.0,33.050501,89188846.0
2794,2025,6,2025-06-01,0.883383,0.033626,0.020599,10,10,1.0,34.258986,91704495.0
2794,2025,7,2025-07-01,1.239165,0.028578,0.05798,10,10,1.0,44.290045,94751856.0
2794,2025,8,2025-08-01,0.871968,0.028501,0.059781,10,10,1.0,41.341204,94948426.0
2794,2025,9,2025-09-01,0.49465,0.02694,0.026083,10,10,1.0,32.727203,89061648.0
2801,2019,3,2019-03-01,0.265623,0.038979,0.047344,9,9,1.0,17.74091,73511224.0
2801,2019,4,2019-04-01,0.209148,0.027463,0.025356,9,9,1.0,34.881406,74389486.0
2801,2019,5,2019-05-01,0.244175,0.035079,0.055471,9,9,1.0,26.660465,73985614.0
2801,2019,6,2019-06-01,0.73619,0.02977,0.094298,9,9,1.0,35.83555,76811205.0
2801,2019,7,2019-07-01,0.803641,0.03171,0.072427,9,9,1.0,35.164753,76826548.0
2801,2019,8,2019-08-01,0.504578,0.030492,0.043822,9,9,1.0,31.218609,95194713.0
2801,2019,9,2019-09-01,0.412727,0.029442,0.051277,9,9,1.0,30.11766,91974497.0
2801,2020,3,2020-03-01,0.075994,0.027924,0.025971,9,9,1.0,29.486963,94604585.0
2801,2020,4,2020-04-01,0.083053,0.033888,0.033561,9,9,1.0,23.909277,96808107.0
2801,2020,5,2020-05-01,0.171319,0.02934,0.017659,9,9,1.0,30.585577,93035456.0
2801,2020,6,2020-06-01,0.798828,0.026255,0.047458,9,9,1.0,45.875297,96006563.0
2801,2020,7,2020-07-01,0.787794,0.030851,0.08448,9,9,1.0,35.70552,99686529.0
2801,2020,8,2020-08-01,0.710263,0.027869,0.124553,9,9,1.0,37.488577,97684078.0
2801,2020,9,2020-09-01,0.419818,0.029813,0.024665,9,9,1.0,27.260988,91237630.0
2801,2021,3,2021-03-01,0.24211,0.035641,0.040291,9,9,1.0,24.626216,94409616.0
2801,2021,4,2021-04-01,0.197863,0.031743,0.04637,9,9,1.0,26.460355,98410821.0
2801,2021,5,2021-05-01,0.338527,0.033009,0.086242,9,9,1.0,27.802693,91970868.0
2801,2021,6,2021-06-01,0.805538,0.028501,0.111775,9,9,1.0,42.695683,95947119.0
2801,2021,7,2021-07-01,0.992239,0.02736,0.04636,9,9,1.0,47.142704,101406324.0
2801,2021,8,2021-08-01,0.7057,0.033036,0.038024,9,9,1.0,23.643101,97445628.0
2801,2021,9,2021-09-01,0.383843,0.030658,0.03859,9,9,1.0,26.431642,90094126.0
2801,2022,3,2022-03-01,0.243743,0.034889,0.046767,9,9,1.0,22.922425,95748274.0
2801,2022,4,2022-04-01,0.315348,0.045947,0.05921,9,9,1.0,18.588472,97595138.0
2801,2022,5,2022-05-01,0.294622,0.028957,0.032935,9,9,1.0,33.581666,92699999.0
2801,2022,6,2022-06-01,0.933274,0.033798,0.126007,9,9,1.0,27.536167,95901303.0
2801,2022,7,2022-07-01,1.03634,0.034502,0.078931,9,9,1.0,30.826059,102035161.0
2801,2022,8,2022-08-01,0.811845,0.028208,0.063096,9,9,1.0,36.795197,98258702.0
2801,2022,9,2022-09-01,0.374687,0.030471,0.044178,9,9,1.0,26.919541,88902747.0
2801,2023,3,2023-03-01,0.175501,0.034322,0.058591,9,9,1.0,24.673057,93671913.0
2801,2023,4,2023-04-01,0.261959,0.031412,0.057466,9,9,1.0,39.692337,98665163.0
2801,2023,5,2023-05-01,0.392011,0.027491,0.024829,9,9,1.0,34.445703,95301562.0
2801,2023,6,2023-06-01,0.798172,0.029273,0.028741,9,9,1.0,41.859572,96444568.0
2801,2023,7,2023-07-01,0.802913,0.035263,0.066504,9,9,1.0,28.28582,101753881.0
2801,2023,8,2023-08-01,0.763287,0.031094,0.070767,9,9,1.0,29.342181,96968132.0
2801,2023,9,2023-09-01,0.418299,0.029892,0.037138,9,9,1.0,23.306039,90239324.0
2801,2024,3,2024-03-01,0.258082,0.032534,0.028957,9,9,1.0,28.415906,86372445.0
2801,2024,4,2024-04-01,0.172179,0.036839,0.044206,9,9,1.0,22.110814,95332509.0
2801,2024,5,2024-05-01,0.388398,0.0251,0.056991,9,9,1.0,42.75026,89883638.0
2801,2024,6,2024-06-01,0.820519,0.032909,0.040778,9,9,1.0,31.544302,84217408.0
2801,2024,7,2024-07-01,0.892451,0.036921,0.117232,9,9,1.0,25.955676,95425695.0
2801,2024,8,2024-08-01,0.720619,0.028947,0.050816,9,9,1.0,33.427576,91425313.0
2801,2024,9,2024-09-01,0.470353,0.02399,0.042448,9,9,1.0,39.621821,85979995.0
2801,2025,3,2025-03-01,0.220727,0.028976,0.028508,9,9,1.0,35.201503,87368194.0
2801,2025,4,2025-04-01,0.173268,0.025437,0.02247,9,9,1.0,35.573228,96861891.0
2801,2025,5,2025-05-01,0.254934,0.03074,0.031829,9,9,1.0,29.562536,89188846.0
2801,2025,6,2025-06-01,0.70225,0.035475,0.066771,9,9,1.0,27.137689,91704495.0
2801,2025,7,2025-07-01,1.071691,0.028652,0.105399,9,9,1.0,41.583225,94751856.0
2801,2025,8,2025-08-01,0.746097,0.028591,0.054854,9,9,1.0,37.118779,94948426.0
2801,2025,9,2025-09-01,0.498661,0.026258,0.029975,9,9,1.0,33.810637,89061648.0
2805,2019,3,2019-03-01,0.095692,0.036109,0.034019,9,9,1.0,20.526437,73511224.0
2805,2019,4,2019-04-01,0.187838,0.026316,0.034925,9,9,1.0,38.01473,74389486.0
2805,2019,5,2019-05-01,0.298131,0.037729,0.040152,9,9,1.0,22.123,73985614.0
2805,2019,6,2019-06-01,0.669124,0.029118,0.070817,9,9,1.0,38.375553,76811205.0
2805,2019,7,2019-07-01,0.784902,0.031185,0.058269,9,9,1.0,33.931652,76826548.0
2805,2019,8,2019-08-01,0.568943,0.030105,0.070022,9,9,1.0,34.394915,95194713.0
2805,2019,9,2019-09-01,0.402695,0.029964,0.03602,9,9,1.0,28.553963,91974497.0
2805,2020,3,2020-03-01,0.074492,0.028435,0.067143,9,9,1.0,30.563462,94604585.0
2805,2020,4,2020-04-01,0.152259,0.034548,0.029029,9,9,1.0,22.90413,96808107.0
2805,2020,5,2020-05-01,0.293057,0.030335,0.049034,9,9,1.0,31.62696,93035456.0
2805,2020,6,2020-06-01,0.763354,0.026214,0.048982,9,9,1.0,44.269952,96006563.0
2805,2020,7,2020-07-01,0.749548,0.032728,0.087298,9,9,1.0,32.407697,99686529.0
2805,2020,8,2020-08-01,0.637578,0.027135,0.048189,9,9,1.0,40.558625,97684078.0
2805,2020,9,2020-09-01,0.337417,0.027144,0.056691,9,9,1.0,29.599285,91237630.0
2805,2021,3,2021-03-01,0.180986,0.032596,0.047324,9,9,1.0,26.14865,94409616.0
2805,2021,4,2021-04-01,0.157431,0.030742,0.020914,9,9,1.0,29.16352,98410821.0
2805,2021,5,2021-05-01,0.309016,0.030216,0.024521,9,9,1.0,29.557473,91970868.0
2805,2021,6,2021-06-01,0.76963,0.027391,0.062882,9,9,1.0,47.571207,95947119.0
2805,2021,7,2021-07-01,0.907361,0.026869,0.107795,9,9,1.0,46.632951,101406324.0
2805,2021,8,2021-08-01,0.662991,0.031254,0.032677,9,9,1.0,26.300991,97445628.0
2805,2021,9,2021-09-01,0.368081,0.029253,0.04441,9,9,1.0,27.448899,90094126.0
2805,2022,3,2022-03-01,0.178475,0.030497,0.029639,9,9,1.0,29.807651,95748274.0
2805,2022,4,2022-04-01,0.344806,0.040866,0.031108,9,9,1.0,21.584629,97595138.0
2805,2022,5,2022-05-01,0.309999,0.029431,0.032047,9,9,1.0,31.753519,92699999.0
2805,2022,6,2022-06-01,0.837935,0.033023,0.07128,9,9,1.0,30.235404,95901303.0
2805,2022,7,2022-07-01,0.870873,0.031712,0.131544,9,9,1.0,35.266478,102035161.0
2805,2022,8,2022-08-01,0.729574,0.027418,0.061927,9,9,1.0,34.932291,98258702.0
2805,2022,9,2022-09-01,0.453157,0.032469,0.063527,9,9,1.0,25.038541,88902747.0
2805,2023,3,2023-03-01,0.122934,0.031562,0.049923,9,9,1.0,28.377028,93671913.0
2805,2023,4,2023-04-01,0.208574,0.031091,0.054408,9,9,1.0,37.520954,98665163.0
2805,2023,5,2023-05-01,0.4423,0.027686,0.030322,9,9,1.0,37.619701,95301562.0
2805,2023,6,2023-06-01,0.775698,0.028904,0.074786,9,9,1.0,41.2051,96444568.0
2805,2023,7,2023-07-01,0.738264,0.034559,0.052776,9,9,1.0,28.653888,101753881.0
2805,2023,8,2023-08-01,0.659296,0.031037,0.062261,9,9,1.0,31.175439,96968132.0
2805,2023,9,2023-09-01,0.381069,0.030739,0.034183,9,9,1.0,22.414183,90239324.0
2805,2024,3,2024-03-01,0.176863,0.032464,0.031938,9,9,1.0,26.563186,86372445.0
2805,2024,4,2024-04-01,0.171136,0.039776,0.039824,9,9,1.0,20.566003,95332509.0
2805,2024,5,2024-05-01,0.387375,0.025043,0.016042,9,9,1.0,43.17786,89883638.0
2805,2024,6,2024-06-01,0.80041,0.034478,0.074726,9,9,1.0,30.471208,84217408.0
2805,2024,7,2024-07-01,0.805275,0.035807,0.12191,9,9,1.0,27.233411,95425695.0
2805,2024,8,2024-08-01,0.627062,0.029136,0.096084,9,9,1.0,34.923514,91425313.0
2805,2024,9,2024-09-01,0.480119,0.024893,0.021082,9,9,1.0,37.02785,85979995.0
2805,2025,3,2025-03-01,0.215488,0.02852,0.022026,9,9,1.0,35.501705,87368194.0
2805,2025,4,2025-04-01,0.169613,0.025518,0.042752,9,9,1.0,40.079859,96861891.0
2805,2025,5,2025-05-01,0.296229,0.030172,0.040328,9,9,1.0,27.691499,89188846.0
2805,2025,6,2025-06-01,0.667975,0.037207,0.100102,9,9,1.0,24.97955,91704495.0
2805,2025,7,2025-07-01,0.917414,0.026345,0.07284,9,9,1.0,47.095828,94751856.0
2805,2025,8,2025-08-01,0.625417,0.02803,0.040691,9,9,1.0,38.149432,94948426.0
2805,2025,9,2025-09-01,0.47681,0.024271,0.033972,9,9,1.0,36.516777,89061648.0
2817,2019,3,2019-03-01,0.135242,0.036413,0.062944,9,9,1.0,23.109835,73511224.0
2817,2019,4,2019-04-01,0.279522,0.027793,0.0235,9,9,1.0,41.665527,74389486.0
2817,2019,5,2019-05-01,0.398308,0.038388,0.055021,9,9,1.0,21.895343,73985614.0
2817,2019,6,2019-06-01,0.967691,0.032305,0.040167,9,9,1.0,39.464921,76811205.0
2817,2019,7,2019-07-01,0.949087,0.038077,0.038065,9,9,1.0,28.958892,76826548.0
2817,2019,8,2019-08-01,0.794337,0.033125,0.029887,9,9,1.0,34.215643,95194713.0
2817,2019,9,2019-09-01,0.436287,0.031232,0.011521,9,9,1.0,30.073009,91974497.0
2817,2020,3,2020-03-01,0.016688,0.030853,0.012641,9,9,1.0,27.685129,94604585.0
2817,2020,4,2020-04-01,0.203325,0.040379,0.02821,9,9,1.0,18.717677,96808107.0
2817,2020,5,2020-05-01,0.303191,0.029335,0.042504,9,9,1.0,38.754066,93035456.0
2817,2020,6,2020-06-01,1.106276,0.030496,0.04294,9,9,1.0,42.484747,96006563.0
2817,2020,7,2020-07-01,0.906092,0.036387,0.034406,9,9,1.0,35.35658,99686529.0
2817,2020,8,2020-08-01,0.827827,0.03131,0.056717,9,9,1.0,40.625957,97684078.0
2817,2020,9,2020-09-01,0.463944,0.029086,0.035511,9,9,1.0,30.923947,91237630.0
2817,2021,3,2021-03-01,0.226315,0.033283,0.028798,9,9,1.0,28.226976,94409616.0
2817,2021,4,2021-04-01,0.299858,0.034908,0.046989,9,9,1.0,28.907101,98410821.0
2817,2021,5,2021-05-01,0.338966,0.035301,0.076919,9,9,1.0,24.853859,91970868.0
2817,2021,6,2021-06-01,1.17182,0.030035,0.038239,9,9,1.0,46.481794,95947119.0
2817,2021,7,2021-07-01,1.135672,0.03148,0.008133,9,9,1.0,43.323011,101406324.0
2817,2021,8,2021-08-01,0.840196,0.034587,0.038926,9,9,1.0,29.195416,97445628.0
2817,2021,9,2021-09-01,0.488752,0.034885,0.03443,9,9,1.0,18.923322,90094126.0
2817,2022,3,2022-03-01,0.199273,0.032331,0.031221,9,9,1.0,29.510895,95748274.0
2817,2022,4,2022-04-01,0.331642,0.038573,0.066091,9,9,1.0,23.799429,97595138.0
2817,2022,5,2022-05-01,0.37877,0.033956,0.028902,9,9,1.0,31.004076,92699999.0
2817,2022,6,2022-06-01,1.181466,0.03801,0.049292,9,9,1.0,28.468825,95901303.0
2817,2022,7,2022-07-01,1.128826,0.0362,0.063469,9,9,1.0,33.484216,102035161.0
2817,2022,8,2022-08-01,0.913756,0.03221,0.022907,9,9,1.0,35.431802,98258702.0
2817,2022,9,2022-09-01,0.371943,0.034043,0.063831,9,9,1.0,20.188877,88902747.0
2817,2023,3,2023-03-01,0.125908,0.034466,0.033834,9,9,1.0,24.172421,93671913.0
2817,2023,4,2023-04-01,0.335676,0.032196,0.027292,9,9,1.0,35.674659,98665163.0
2817,2023,5,2023-05-01,0.536602,0.031325,0.008167,9,9,1.0,37.724692,95301562.0
2817,2023,6,2023-06-01,1.15295,0.033449,0.056662,9,9,1.0,35.686526,96444568.0
2817,2023,7,2023-07-01,1.183172,0.043346,0.035043,9,9,1.0,22.703676,101753881.0
2817,2023,8,2023-08-01,0.772418,0.033976,0.039073,9,9,1.0,31.44552,96968132.0
2817,2023,9,2023-09-01,0.553651,0.037013,0.040533,9,9,1.0,20.36613,90239324.0
2817,2024,3,2024-03-01,0.121175,0.035646,0.065307,9,9,1.0,21.708891,86372445.0
2817,2024,4,2024-04-01,0.19721,0.047623,0.031412,9,9,1.0,18.663243,95332509.0
2817,2024,5,2024-05-01,0.453565,0.027762,0.047933,9,9,1.0,42.095121,89883638.0
2817,2024,6,2024-06-01,1.180612,0.039257,0.11888,9,9,1.0,26.351377,84217408.0
2817,2024,7,2024-07-01,1.123723,0.037869,0.050338,9,9,1.0,30.850468,95425695.0
2817,2024,8,2024-08-01,0.833864,0.033959,0.072106,9,9,1.0,30.371493,91425313.0
2817,2024,9,2024-09-01,0.527901,0.027485,0.033608,9,9,1.0,33.912276,85979995.0
2817,2025,3,2025-03-01,0.209903,0.03161,0.018764,9,9,1.0,32.519675,87368194.0
2817,2025,4,2025-04-01,0.255735,0.026429,0.021328,9,9,1.0,42.769893,96861891.0
2817,2025,5,2025-05-01,0.400529,0.034871,0.044813,9,9,1.0,27.715159,89188846.0
2817,2025,6,2025-06-01,0.930862,0.040981,0.073681,9,9,1.0,25.568343,91704495.0
2817,2025,7,2025-07-01,1.127496,0.031095,0.047391,9,9,1.0,42.754483,94751856.0
2817,2025,8,2025-08-01,0.792949,0.030691,0.054648,9,9,1.0,39.084111,94948426.0
2817,2025,9,2025-09-01,0.531366,0.028153,0.044539,9,9,1.0,31.954382,89061648.0
2831,2019,3,2019-03-01,-0.016596,0.038369,0.037661,9,9,1.0,20.193935,73511224.0
2831,2019,4,2019-04-01,0.184024,0.030967,0.020702,9,9,1.0,40.318869,74389486.0
2831,2019,5,2019-05-01,0.221994,0.039422,0.065454,9,9,1.0,18.795841,73985614.0
2831,2019,6,2019-06-01,0.567319,0.03102,0.025087,9,9,1.0,37.931398,76811205.0
2831,2019,7,2019-07-01,0.571976,0.039352,0.065042,9,9,1.0,24.289368,76826548.0
2831,2019,8,2019-08-01,0.501347,0.031991,0.02805,9,9,1.0,32.872779,95194713.0
2831,2019,9,2019-09-01,0.18764,0.028904,0.026388,9,9,1.0,31.174691,91974497.0
2831,2020,3,2020-03-01,0.054006,0.031754,0.026794,9,9,1.0,34.83156,94604585.0
2831,2020,4,2020-04-01,0.201277,0.041468,0.037726,9,9,1.0,20.240442,96808107.0
2831,2020,5,2020-05-01,0.258784,0.028904,0.019825,9,9,1.0,39.572167,93035456.0
2831,2020,6,2020-06-01,0.621875,0.029786,0.072003,9,9,1.0,38.699174,96006563.0
2831,2020,7,2020-07-01,0.627043,0.035116,0.046436,9,9,1.0,32.217614,99686529.0
2831,2020,8,2020-08-01,0.550475,0.031004,0.047391,9,9,1.0,34.017234,97684078.0
2831,2020,9,2020-09-01,0.356548,0.029354,0.042358,9,9,1.0,30.800727,91237630.0
2831,2021,3,2021-03-01,0.133695,0.030815,0.04908,9,9,1.0,39.474319,94409616.0
2831,2021,4,2021-04-01,0.226786,0.036665,0.041537,9,9,1.0,26.656289,98410821.0
2831,2021,5,2021-05-01,0.282988,0.03647,0.022264,9,9,1.0,27.126852,91970868.0
2831,2021,6,2021-06-01,0.707049,0.029095,0.046521,9,9,1.0,42.262158,95947119.0
2831,2021,7,2021-07-01,0.745908,0.029586,0.045743,9,9,1.0,45.443118,101406324.0
2831,2021,8,2021-08-01,0.549928,0.032964,0.041814,9,9,1.0,33.803663,97445628.0
2831,2021,9,2021-09-01,0.282271,0.032958,0.023279,9,9,1.0,25.437959,90094126.0
2831,2022,3,2022-03-01,0.124247,0.034125,0.049124,9,9,1.0,32.550546,95748274.0
2831,2022,4,2022-04-01,0.225983,0.04527,0.035498,9,9,1.0,22.044483,97595138.0
2831,2022,5,2022-05-01,0.207305,0.033148,0.031248,9,9,1.0,32.973254,92699999.0
2831,2022,6,2022-06-01,0.59167,0.034637,0.023624,9,9,1.0,32.260813,95901303.0
2831,2022,7,2022-07-01,0.707484,0.033953,0.073586,9,9,1.0,34.798232,102035161.0
2831,2022,8,2022-08-01,0.642457,0.030985,0.052861,9,9,1.0,36.391484,98258702.0
2831,2022,9,2022-09-01,0.234375,0.043358,0.073487,9,9,1.0,15.453805,88902747.0
2831,2023,3,2023-03-01,0.077398,0.037124,0.034027,9,9,1.0,25.113695,93671913.0
2831,2023,4,2023-04-01,0.25003,0.035844,0.031723,9,9,1.0,36.046782,98665163.0
2831,2023,5,2023-05-01,0.387616,0.030735,0.048479,9,9,1.0,35.080502,95301562.0
2831,2023,6,2023-06-01,0.641431,0.030993,0.07315,9,9,1.0,38.044854,96444568.0
2831,2023,7,2023-07-01,0.6448,0.04066,0.044225,9,9,1.0,26.070344,101753881.0
2831,2023,8,2023-08-01,0.554139,0.029895,0.025196,9,9,1.0,40.567969,96968132.0
2831,2023,9,2023-09-01,0.383114,0.036697,0.045442,9,9,1.0,19.564434,90239324.0
2831,2024,3,2024-03-01,0.043008,0.039228,0.041156,9,9,1.0,21.660289,86372445.0
2831,2024,4,2024-04-01,0.270486,0.052429,0.079603,9,9,1.0,15.805561,95332509.0
2831,2024,5,2024-05-01,0.394116,0.030044,0.040881,9,9,1.0,35.337107,89883638.0
2831,2024,6,2024-06-01,0.685255,0.035703,0.033779,9,9,1.0,28.266219,84217408.0
2831,2024,7,2024-07-01,0.756434,0.033328,0.038198,9,9,1.0,33.800698,95425695.0
2831,2024,8,2024-08-01,0.59704,0.029857,0.031048,9,9,1.0,37.013406,91425313.0
2831,2024,9,2024-09-01,0.408955,0.024617,0.026559,9,9,1.0,41.224985,85979995.0
2831,2025,3,2025-03-01,0.178236,0.038029,0.01496,9,9,1.0,27.055951,87368194.0
2831,2025,4,2025-04-01,0.186518,0.029506,0.035191,9,9,1.0,43.391009,96861891.0
2831,2025,5,2025-05-01,0.236815,0.033162,0.024609,9,9,1.0,25.834781,89188846.0
2831,2025,6,2025-06-01,0.552581,0.036929,0.049924,9,9,1.0,26.414015,91704495.0
2831,2025,7,2025-07-01,0.781153,0.028612,0.038693,9,9,1.0,43.982937,94751856.0
2831,2025,8,2025-08-01,0.56856,0.030506,0.066452,9,9,1.0,36.199238,94948426.0
2831,2025,9,2025-09-01,0.421863,0.027354,0.022358,9,9,1.0,31.788974,89061648.0
2851,2019,3,2019-03-01,-0.449485,0.115415,0.193168,9,3,0.596475,0.703299,73511224.0
2851,2019,4,2019-04-01,0.638613,0.100718,0.232988,9,3,0.676051,1.666664,74389486.0
2851,2019,5,2019-05-01,-0.028586,0.068903,0.163963,9,3,0.596475,1.658486,73985614.0
2851,2019,6,2019-06-01,-0.083529,0.078307,0.139717,9,3,0.596475,2.384602,76811205.0
2851,2019,7,2019-07-01,0.052598,0.079469,0.068467,9,3,0.596475,2.092058,76826548.0
2851,2019,8,2019-08-01,-0.230341,0.097852,0.239643,9,2,0.397372,2.286502,95194713.0
2851,2019,9,2019-09-01,0.142541,0.112673,0.032439,9,3,0.596475,1.638648,91974497.0
2851,2020,3,2020-03-01,-0.069722,0.111035,0.066705,9,2,0.397372,1.184708,94604585.0
2851,2020,4,2020-04-01,-0.099008,0.100266,0.099721,9,2,0.397372,1.358536,96808107.0
2851,2020,5,2020-05-01,-0.335165,0.083347,0.218397,9,3,0.596475,1.807201,93035456.0
2851,2020,6,2020-06-01,0.31751,0.066645,0.015217,9,4,0.875154,1.626797,96006563.0
2851,2020,7,2020-07-01,0.100771,0.099578,0.031586,9,3,0.596475,1.147309,99686529.0
2851,2020,8,2020-08-01,-0.625836,0.124826,0.934646,9,3,0.596475,2.109026,97684078.0
2851,2020,9,2020-09-01,0.157842,0.072712,0.028779,9,3,0.596475,1.176703,91237630.0
2851,2021,3,2021-03-01,-0.091628,0.107635,0.097597,9,3,0.596475,1.331276,94409616.0
2851,2021,4,2021-04-01,0.011378,0.141447,0.341111,9,3,0.596475,1.410951,98410821.0
2851,2021,5,2021-05-01,-0.196487,0.085358,0.0,9,1,0.163022,1.88649,91970868.0
2851,2021,6,2021-06-01,0.023797,0.07605,0.183611,9,3,0.596475,1.559606,95947119.0
2851,2021,7,2021-07-01,0.039347,0.087117,0.085901,9,3,0.596475,1.974058,101406324.0
2851,2021,8,2021-08-01,0.199299,0.124836,0.085461,9,3,0.596475,1.56323,97445628.0
2851,2021,9,2021-09-01,0.181552,0.133882,0.183931,9,2,0.397372,1.387757,90094126.0
2851,2022,3,2022-03-01,0.085039,0.086677,0.298468,9,3,0.596475,1.292505,95748274.0
2851,2022,4,2022-04-01,-0.006053,0.081583,0.047081,9,3,0.596475,2.136779,97595138.0
2851,2022,5,2022-05-01,-0.097287,0.073141,0.092131,9,3,0.596475,2.236873,92699999.0
2851,2022,6,2022-06-01,0.177441,0.096514,0.024091,9,3,0.596475,1.696749,95901303.0
2851,2022,7,2022-07-01,-0.080251,0.124414,0.285445,9,3,0.596475,1.597309,102035161.0
2851,2022,8,2022-08-01,-0.065828,0.085602,0.062919,9,3,0.596475,1.541846,98258702.0
2851,2022,9,2022-09-01,0.052381,0.089099,0.181438,9,3,0.596475,0.946431,88902747.0
2851,2023,3,2023-03-01,0.456394,0.148674,0.062466,9,2,0.397372,0.917603,93671913.0
2851,2023,4,2023-04-01,-0.003605,0.129999,0.253587,9,3,0.596475,1.523603,98665163.0
2851,2023,5,2023-05-01,-0.055618,0.072173,0.086354,9,3,0.596475,2.366528,95301562.0
2851,2023,6,2023-06-01,-0.012617,0.08698,0.300877,9,3,0.596475,2.162732,96444568.0
2851,2023,7,2023-07-01,0.094552,0.081195,0.129084,9,4,0.875154,1.502642,101753881.0
2851,2023,8,2023-08-01,0.018668,0.15266,0.19733,9,3,0.596475,1.167745,96968132.0
2851,2023,9,2023-09-01,0.119578,0.114851,0.122594,9,3,0.596475,0.747877,90239324.0
2851,2024,3,2024-03-01,-0.045087,0.108049,0.056048,9,3,0.596475,1.260818,86372445.0
2851,2024,4,2024-04-01,-0.066612,0.098464,0.248302,9,3,0.596475,1.321092,95332509.0
2851,2024,5,2024-05-01,-0.058446,0.094913,0.23146,9,3,0.596475,1.758101,89883638.0
2851,2024,6,2024-06-01,-0.190454,0.084015,0.102333,9,3,0.596475,1.685818,84217408.0
2851,2024,7,2024-07-01,0.002765,0.106202,0.053228,9,4,0.875154,1.331586,95425695.0
2851,2024,8,2024-08-01,0.118745,0.079095,0.158578,9,3,0.596475,1.435434,91425313.0
2851,2024,9,2024-09-01,0.057277,0.083226,0.14862,9,3,0.596475,1.417673,85979995.0
2851,2025,3,2025-03-01,0.070688,0.096803,0.114359,9,3,0.596475,1.940627,87368194.0
2851,2025,4,2025-04-01,-0.055831,0.070593,0.058795,9,3,0.596475,2.00752,96861891.0
2851,2025,5,2025-05-01,-0.250723,0.091077,0.019982,9,3,0.596475,1.184488,89188846.0
2851,2025,6,2025-06-01,0.026316,0.076616,0.110538,9,3,0.596475,1.483089,91704495.0
2851,2025,7,2025-07-01,0.14959,0.081306,0.047841,9,3,0.596475,2.475036,94751856.0
2851,2025,8,2025-08-01,0.166681,0.089994,0.047165,9,3,0.596475,2.274252,94948426.0
2851,2025,9,2025-09-01,0.217819,0.101457,0.144021,9,3,0.596475,1.216596,89061648.0
2857,2019,3,2019-03-01,0.12565,0.045928,0.047032,8,8,1.0,9.414258,73511224.0
2857,2019,4,2019-04-01,0.178952,0.027584,0.082688,8,8,1.0,24.23517,74389486.0
2857,2019,5,2019-05-01,0.124913,0.033007,0.088877,8,8,1.0,20.585874,73985614.0
2857,2019,6,2019-06-01,0.705715,0.031173,0.182526,8,8,1.0,24.836764,76811205.0
2857,2019,7,2019-07-01,0.788646,0.030547,0.203912,8,8,1.0,26.59471,76826548.0
2857,2019,8,2019-08-01,0.456825,0.029833,0.116147,8,8,1.0,25.268566,95194713.0
2857,2019,9,2019-09-01,0.264995,0.028674,0.044394,8,8,1.0,21.668645,91974497.0
2857,2020,3,2020-03-01,-0.027407,0.027159,0.034245,8,8,1.0,18.451585,94604585.0
2857,2020,4,2020-04-01,0.012521,0.029287,0.140448,8,8,1.0,21.628496,96808107.0
2857,2020,5,2020-05-01,0.115691,0.02566,0.048193,8,8,1.0,29.752811,93035456.0
2857,2020,6,2020-06-01,0.777898,0.028348,0.192016,8,8,1.0,27.823806,96006563.0
2857,2020,7,2020-07-01,0.622393,0.034283,0.17554,8,8,1.0,22.305025,99686529.0
2857,2020,8,2020-08-01,0.46452,0.028984,0.203953,8,8,1.0,26.057141,97684078.0
2857,2020,9,2020-09-01,0.338084,0.028794,0.097457,8,8,1.0,18.304226,91237630.0
2857,2021,3,2021-03-01,0.202997,0.037856,0.087422,8,8,1.0,15.675758,94409616.0
2857,2021,4,2021-04-01,-0.02039,0.027958,0.053383,8,8,1.0,22.050247,98410821.0
2857,2021,5,2021-05-01,0.170372,0.030369,0.046681,8,8,1.0,22.355156,91970868.0
2857,2021,6,2021-06-01,0.636019,0.02937,0.167546,8,8,1.0,25.358822,95947119.0
2857,2021,7,2021-07-01,0.77954,0.027532,0.201187,8,8,1.0,32.84398,101406324.0
2857,2021,8,2021-08-01,0.440823,0.030969,0.145881,8,8,1.0,21.300553,97445628.0
2857,2021,9,2021-09-01,0.293186,0.031959,0.185951,8,8,1.0,17.166883,90094126.0
2857,2022,3,2022-03-01,0.212923,0.041082,0.067226,8,8,1.0,13.034134,95748274.0
2857,2022,4,2022-04-01,0.050962,0.034351,0.107125,8,8,1.0,19.425393,97595138.0
2857,2022,5,2022-05-01,-0.015194,0.026771,0.114026,8,8,1.0,26.961689,92699999.0
2857,2022,6,2022-06-01,0.76091,0.030734,0.257203,8,8,1.0,26.732603,95901303.0
2857,2022,7,2022-07-01,0.669669,0.030539,0.262326,8,8,1.0,25.724653,102035161.0
2857,2022,8,2022-08-01,0.589012,0.028631,0.169755,8,8,1.0,21.678459,98258702.0
2857,2022,9,2022-09-01,0.257065,0.030447,0.140384,8,8,1.0,19.329966,88902747.0
2857,2023,3,2023-03-01,0.318786,0.047584,0.081033,8,8,1.0,11.150329,93671913.0
2857,2023,4,2023-04-01,0.248309,0.035337,0.09049,8,8,1.0,21.435612,98665163.0
2857,2023,5,2023-05-01,0.117095,0.02556,0.143378,8,8,1.0,30.290222,95301562.0
2857,2023,6,2023-06-01,0.625596,0.029049,0.184096,8,8,1.0,29.492187,96444568.0
2857,2023,7,2023-07-01,0.66544,0.033464,0.198172,8,8,1.0,23.194769,101753881.0
2857,2023,8,2023-08-01,0.555239,0.033783,0.07986,8,8,1.0,20.665182,96968132.0
2857,2023,9,2023-09-01,0.329641,0.031348,0.061077,8,8,1.0,16.995613,90239324.0
2857,2024,3,2024-03-01,0.022019,0.03795,0.054789,8,8,1.0,14.618234,86372445.0
2857,2024,4,2024-04-01,-0.12517,0.031979,0.094792,8,8,1.0,17.690972,95332509.0
2857,2024,5,2024-05-01,0.203221,0.025154,0.07978,8,8,1.0,29.284067,89883638.0
2857,2024,6,2024-06-01,0.685379,0.033843,0.254621,8,8,1.0,22.726456,84217408.0
2857,2024,7,2024-07-01,0.652364,0.035894,0.215412,8,8,1.0,23.093988,95425695.0
2857,2024,8,2024-08-01,0.487044,0.030614,0.071114,8,8,1.0,22.608245,91425313.0
2857,2024,9,2024-09-01,0.390676,0.024808,0.048817,8,8,1.0,25.598953,85979995.0
2857,2025,3,2025-03-01,0.001544,0.028131,0.061648,8,8,1.0,21.176115,87368194.0
2857,2025,4,2025-04-01,0.061262,0.026823,0.048782,8,8,1.0,22.345627,96861891.0
2857,2025,5,2025-05-01,0.093163,0.029236,0.071774,8,8,1.0,22.557845,89188846.0
2857,2025,6,2025-06-01,0.590139,0.032014,0.19598,8,8,1.0,24.786692,91704495.0
2857,2025,7,2025-07-01,0.875247,0.028916,0.245716,8,8,1.0,27.562651,94751856.0
2857,2025,8,2025-08-01,0.415728,0.028785,0.14524,8,8,1.0,24.072098,94948426.0
2857,2025,9,2025-09-01,0.343579,0.02953,0.044632,8,8,1.0,17.752031,89061648.0
2858,2019,3,2019-03-01,0.142153,0.041371,0.033906,9,9,1.0,14.026431,73511224.0
2858,2019,4,2019-04-01,0.14141,0.023804,0.033494,9,9,1.0,36.487745,74389486.0
2858,2019,5,2019-05-01,0.329274,0.029566,0.117273,9,9,1.0,30.129166,73985614.0
2858,2019,6,2019-06-01,0.986259,0.028382,0.165983,9,9,1.0,37.876098,76811205.0
2858,2019,7,2019-07-01,1.22317,0.028395,0.162782,9,9,1.0,42.093897,76826548.0
2858,2019,8,2019-08-01,0.690453,0.028029,0.097597,9,9,1.0,38.306261,95194713.0
2858,2019,9,2019-09-01,0.358666,0.026955,0.049906,9,9,1.0,34.100234,91974497.0
2858,2020,3,2020-03-01,-0.017793,0.024337,0.039689,9,9,1.0,28.621641,94604585.0
2858,2020,4,2020-04-01,0.08901,0.026933,0.041081,9,9,1.0,33.757727,96808107.0
2858,2020,5,2020-05-01,0.221833,0.023973,0.056319,9,9,1.0,42.32779,93035456.0
2858,2020,6,2020-06-01,1.070551,0.027157,0.132835,9,9,1.0,40.820327,96006563.0
2858,2020,7,2020-07-01,1.012589,0.030933,0.187961,9,9,1.0,34.932449,99686529.0
2858,2020,8,2020-08-01,0.814286,0.026573,0.127799,9,9,1.0,40.009513,97684078.0
2858,2020,9,2020-09-01,0.474702,0.027864,0.041872,9,9,1.0,25.691643,91237630.0
2858,2021,3,2021-03-01,0.192282,0.03334,0.040184,9,9,1.0,23.207648,94409616.0
2858,2021,4,2021-04-01,0.110437,0.02424,0.041148,9,9,1.0,34.661672,98410821.0
2858,2021,5,2021-05-01,0.236086,0.02814,0.077348,9,9,1.0,33.362638,91970868.0
2858,2021,6,2021-06-01,1.017345,0.028447,0.150887,9,9,1.0,36.383644,95947119.0
2858,2021,7,2021-07-01,1.19614,0.026477,0.175718,9,9,1.0,46.503552,101406324.0
2858,2021,8,2021-08-01,0.695942,0.029563,0.098182,9,9,1.0,31.37315,97445628.0
2858,2021,9,2021-09-01,0.463413,0.029638,0.070349,9,9,1.0,24.234802,90094126.0
2858,2022,3,2022-03-01,0.209955,0.034492,0.03952,9,9,1.0,20.729132,95748274.0
2858,2022,4,2022-04-01,0.18256,0.030575,0.046839,9,9,1.0,28.453528,97595138.0
2858,2022,5,2022-05-01,0.199834,0.024167,0.067266,9,9,1.0,42.5048,92699999.0
2858,2022,6,2022-06-01,1.142969,0.029635,0.180007,9,9,1.0,37.993679,95901303.0
2858,2022,7,2022-07-01,1.170058,0.029324,0.180758,9,9,1.0,39.645052,102035161.0
2858,2022,8,2022-08-01,0.842418,0.027328,0.124207,9,9,1.0,35.719357,98258702.0
2858,2022,9,2022-09-01,0.435233,0.028028,0.058345,9,9,1.0,28.100021,88902747.0
2858,2023,3,2023-03-01,0.229763,0.040883,0.075083,9,9,1.0,17.966413,93671913.0
2858,2023,4,2023-04-01,0.254672,0.02965,0.056851,9,9,1.0,35.557791,98665163.0
2858,2023,5,2023-05-01,0.339256,0.022566,0.076817,9,9,1.0,47.13517,95301562.0
2858,2023,6,2023-06-01,0.96709,0.027209,0.104255,9,9,1.0,45.82728,96444568.0
2858,2023,7,2023-07-01,0.986305,0.031177,0.163234,9,9,1.0,35.056271,101753881.0
2858,2023,8,2023-08-01,0.762674,0.029796,0.129748,9,9,1.0,32.156083,96968132.0
2858,2023,9,2023-09-01,0.494933,0.029539,0.108628,9,9,1.0,23.464345,90239324.0
2858,2024,3,2024-03-01,0.128599,0.03192,0.052233,9,9,1.0,24.197674,86372445.0
2858,2024,4,2024-04-01,0.045448,0.028015,0.052925,9,9,1.0,26.284891,95332509.0
2858,2024,5,2024-05-01,0.407052,0.023981,0.073567,9,9,1.0,42.910214,89883638.0
2858,2024,6,2024-06-01,1.108031,0.031574,0.162788,9,9,1.0,32.392777,84217408.0
2858,2024,7,2024-07-01,1.07668,0.032542,0.136427,9,9,1.0,32.29679,95425695.0
2858,2024,8,2024-08-01,0.68804,0.029641,0.081847,9,9,1.0,32.597405,91425313.0
2858,2024,9,2024-09-01,0.5103,0.022787,0.045807,9,9,1.0,39.632873,85979995.0
2858,2025,3,2025-03-01,0.096829,0.025384,0.042299,9,9,1.0,31.266087,87368194.0
2858,2025,4,2025-04-01,0.132537,0.024174,0.031947,9,9,1.0,34.233162,96861891.0
2858,2025,5,2025-05-01,0.257431,0.027428,0.057555,9,9,1.0,33.930156,89188846.0
2858,2025,6,2025-06-01,0.894439,0.030502,0.116918,9,9,1.0,37.016596,91704495.0
2858,2025,7,2025-07-01,1.350914,0.028852,0.192038,9,9,1.0,39.928943,94751856.0
2858,2025,8,2025-08-01,0.746084,0.027513,0.170633,9,9,1.0,35.757565,94948426.0
2858,2025,9,2025-09-01,0.450734,0.025226,0.078947,9,9,1.0,30.157444,89061648.0
2860,2019,3,2019-03-01,0.185227,0.037121,0.028031,9,9,1.0,16.386056,73511224.0
2860,2019,4,2019-04-01,0.170687,0.023187,0.020813,9,9,1.0,38.809552,74389486.0
2860,2019,5,2019-05-01,0.421192,0.028886,0.038732,9,9,1.0,26.782256,73985614.0
2860,2019,6,2019-06-01,1.056179,0.027298,0.089722,9,9,1.0,38.885654,76811205.0
2860,2019,7,2019-07-01,1.104554,0.027631,0.098349,9,9,1.0,43.554409,76826548.0
2860,2019,8,2019-08-01,0.71293,0.027119,0.065879,9,9,1.0,36.027583,95194713.0
2860,2019,9,2019-09-01,0.431452,0.026588,0.026789,9,9,1.0,31.271,91974497.0
2860,2020,3,2020-03-01,0.037664,0.02387,0.022364,9,9,1.0,30.839633,94604585.0
2860,2020,4,2020-04-01,0.12891,0.027387,0.049341,9,9,1.0,32.410248,96808107.0
2860,2020,5,2020-05-01,0.313409,0.025419,0.035696,9,9,1.0,39.051893,93035456.0
2860,2020,6,2020-06-01,1.073045,0.025157,0.05338,9,9,1.0,44.756436,96006563.0
2860,2020,7,2020-07-01,0.930804,0.031914,0.057366,9,9,1.0,34.72891,99686529.0
2860,2020,8,2020-08-01,0.884818,0.026223,0.071278,9,9,1.0,37.284568,97684078.0
2860,2020,9,2020-09-01,0.573905,0.02599,0.035872,9,9,1.0,30.703002,91237630.0
2860,2021,3,2021-03-01,0.180911,0.030666,0.029184,9,9,1.0,26.178722,94409616.0
2860,2021,4,2021-04-01,0.16274,0.025498,0.029439,9,9,1.0,34.275668,98410821.0
2860,2021,5,2021-05-01,0.445534,0.029192,0.040871,9,9,1.0,30.590867,91970868.0
2860,2021,6,2021-06-01,1.054193,0.028413,0.066067,9,9,1.0,34.288883,95947119.0
2860,2021,7,2021-07-01,1.206076,0.025535,0.061459,9,9,1.0,48.874886,101406324.0
2860,2021,8,2021-08-01,0.827629,0.029669,0.04082,9,9,1.0,27.363438,97445628.0
2860,2021,9,2021-09-01,0.528748,0.02928,0.066079,9,9,1.0,25.007049,90094126.0
2860,2022,3,2022-03-01,0.187726,0.030563,0.058622,9,9,1.0,24.670934,95748274.0
2860,2022,4,2022-04-01,0.25822,0.030753,0.025437,9,9,1.0,28.757452,97595138.0
2860,2022,5,2022-05-01,0.385451,0.024439,0.038107,9,9,1.0,39.447077,92699999.0
2860,2022,6,2022-06-01,1.082429,0.029432,0.072914,9,9,1.0,37.854661,95901303.0
2860,2022,7,2022-07-01,1.137318,0.030448,0.100883,9,9,1.0,35.786344,102035161.0
2860,2022,8,2022-08-01,1.013693,0.026316,0.044641,9,9,1.0,36.846507,98258702.0
2860,2022,9,2022-09-01,0.461273,0.027649,0.041386,9,9,1.0,29.675142,88902747.0
2860,2023,3,2023-03-01,0.169287,0.033183,0.037473,9,9,1.0,22.208307,93671913.0
2860,2023,4,2023-04-01,0.20296,0.026757,0.025661,9,9,1.0,37.538734,98665163.0
2860,2023,5,2023-05-01,0.509417,0.023608,0.035627,9,9,1.0,46.684253,95301562.0
2860,2023,6,2023-06-01,0.998234,0.026311,0.056711,9,9,1.0,43.970155,96444568.0
2860,2023,7,2023-07-01,1.039686,0.032414,0.070511,9,9,1.0,32.899867,101753881.0
2860,2023,8,2023-08-01,0.890047,0.030139,0.063838,9,9,1.0,32.000827,96968132.0
2860,2023,9,2023-09-01,0.59574,0.028172,0.051268,9,9,1.0,24.177446,90239324.0
2860,2024,3,2024-03-01,0.153936,0.030355,0.056301,9,9,1.0,24.588515,86372445.0
2860,2024,4,2024-04-01,0.137752,0.028256,0.046792,9,9,1.0,25.909743,95332509.0
2860,2024,5,2024-05-01,0.56496,0.022959,0.054859,9,9,1.0,44.265792,89883638.0
2860,2024,6,2024-06-01,1.134663,0.032269,0.074319,9,9,1.0,28.987285,84217408.0
2860,2024,7,2024-07-01,1.134952,0.033536,0.091077,9,9,1.0,28.143791,95425695.0
2860,2024,8,2024-08-01,0.819257,0.028978,0.045461,9,9,1.0,31.097022,91425313.0
2860,2024,9,2024-09-01,0.553812,0.021848,0.047037,9,9,1.0,42.502748,85979995.0
2860,2025,3,2025-03-01,0.176933,0.024921,0.032726,9,9,1.0,32.487967,87368194.0
2860,2025,4,2025-04-01,0.249438,0.024467,0.047756,9,9,1.0,36.913588,96861891.0
2860,2025,5,2025-05-01,0.401887,0.027311,0.038772,9,9,1.0,35.29798,89188846.0
2860,2025,6,2025-06-01,0.955936,0.030406,0.071183,9,9,1.0,35.968801,91704495.0
2860,2025,7,2025-07-01,1.233064,0.026433,0.075872,9,9,1.0,43.842556,94751856.0
2860,2025,8,2025-08-01,0.889432,0.027092,0.045501,9,9,1.0,39.306475,94948426.0
2860,2025,9,2025-09-01,0.562049,0.025425,0.056528,9,9,1.0,31.701058,89061648.0
2861,2019,3,2019-03-01,0.200754,0.03843,0.040205,9,9,1.0,15.379946,73511224.0
2861,2019,4,2019-04-01,0.169452,0.022992,0.022502,9,9,1.0,39.999916,74389486.0
2861,2019,5,2019-05-01,0.33859,0.030327,0.040026,9,9,1.0,26.92391,73985614.0
2861,2019,6,2019-06-01,0.95383,0.026707,0.103811,9,9,1.0,41.648328,76811205.0
2861,2019,7,2019-07-01,1.015457,0.028299,0.098638,9,9,1.0,41.483716,76826548.0
2861,2019,8,2019-08-01,0.714809,0.027379,0.024918,9,9,1.0,34.091275,95194713.0
2861,2019,9,2019-09-01,0.448195,0.028046,0.033661,9,9,1.0,28.519771,91974497.0
2861,2020,3,2020-03-01,0.047851,0.024744,0.03152,9,9,1.0,30.832365,94604585.0
2861,2020,4,2020-04-01,0.130368,0.028035,0.074842,9,9,1.0,31.270033,96808107.0
2861,2020,5,2020-05-01,0.324646,0.025905,0.024168,9,9,1.0,39.347355,93035456.0
2861,2020,6,2020-06-01,0.980876,0.025212,0.090225,9,9,1.0,45.280032,96006563.0
2861,2020,7,2020-07-01,0.939518,0.031758,0.064331,9,9,1.0,35.820406,99686529.0
2861,2020,8,2020-08-01,0.864012,0.027052,0.088249,9,9,1.0,35.952041,97684078.0
2861,2020,9,2020-09-01,0.510751,0.02631,0.066816,9,9,1.0,30.888552,91237630.0
2861,2021,3,2021-03-01,0.216781,0.031003,0.037354,9,9,1.0,27.014555,94409616.0
2861,2021,4,2021-04-01,0.17933,0.026093,0.02627,9,9,1.0,32.669905,98410821.0
2861,2021,5,2021-05-01,0.445206,0.030119,0.063567,9,9,1.0,30.493483,91970868.0
2861,2021,6,2021-06-01,0.962938,0.027816,0.110854,9,9,1.0,36.890939,95947119.0
2861,2021,7,2021-07-01,1.09515,0.025846,0.072283,9,9,1.0,48.35742,101406324.0
2861,2021,8,2021-08-01,0.766908,0.031119,0.064756,9,9,1.0,25.958539,97445628.0
2861,2021,9,2021-09-01,0.496953,0.029718,0.04728,9,9,1.0,24.054879,90094126.0
2861,2022,3,2022-03-01,0.190799,0.031094,0.044333,9,9,1.0,24.47853,95748274.0
2861,2022,4,2022-04-01,0.230744,0.031389,0.037009,9,9,1.0,28.136558,97595138.0
2861,2022,5,2022-05-01,0.352477,0.025243,0.033281,9,9,1.0,37.54487,92699999.0
2861,2022,6,2022-06-01,1.027421,0.031048,0.077817,9,9,1.0,34.534409,95901303.0
2861,2022,7,2022-07-01,1.133579,0.031388,0.070936,9,9,1.0,34.688522,102035161.0
2861,2022,8,2022-08-01,0.945779,0.026638,0.083623,9,9,1.0,38.869748,98258702.0
2861,2022,9,2022-09-01,0.433782,0.028072,0.057459,9,9,1.0,30.556395,88902747.0
2861,2023,3,2023-03-01,0.131794,0.031885,0.030627,9,9,1.0,25.217502,93671913.0
2861,2023,4,2023-04-01,0.199314,0.026437,0.021198,9,9,1.0,41.018702,98665163.0
2861,2023,5,2023-05-01,0.48881,0.024595,0.035844,9,9,1.0,45.499493,95301562.0
2861,2023,6,2023-06-01,0.95157,0.026861,0.062687,9,9,1.0,44.578937,96444568.0
2861,2023,7,2023-07-01,1.022973,0.032541,0.103212,9,9,1.0,32.87045,101753881.0
2861,2023,8,2023-08-01,0.870176,0.030871,0.08261,9,9,1.0,29.328041,96968132.0
2861,2023,9,2023-09-01,0.657367,0.029483,0.075008,9,9,1.0,23.193192,90239324.0
2861,2024,3,2024-03-01,0.246677,0.031692,0.032422,9,9,1.0,24.646986,86372445.0
2861,2024,4,2024-04-01,0.159219,0.029362,0.02165,9,9,1.0,27.467023,95332509.0
2861,2024,5,2024-05-01,0.529191,0.022579,0.049234,9,9,1.0,47.230646,89883638.0
2861,2024,6,2024-06-01,1.139682,0.032381,0.07303,9,9,1.0,29.168968,84217408.0
2861,2024,7,2024-07-01,1.056473,0.033244,0.101538,9,9,1.0,29.568429,95425695.0
2861,2024,8,2024-08-01,0.876462,0.028956,0.076316,9,9,1.0,32.973061,91425313.0
2861,2024,9,2024-09-01,0.525801,0.021796,0.047294,9,9,1.0,45.386666,85979995.0
2861,2025,3,2025-03-01,0.163961,0.025642,0.028652,9,9,1.0,31.581201,87368194.0
2861,2025,4,2025-04-01,0.231647,0.025221,0.033552,9,9,1.0,36.364618,96861891.0
2861,2025,5,2025-05-01,0.37537,0.027207,0.037801,9,9,1.0,35.154262,89188846.0
2861,2025,6,2025-06-01,0.872639,0.030654,0.07521,9,9,1.0,35.006533,91704495.0
2861,2025,7,2025-07-01,1.229558,0.026415,0.111461,9,9,1.0,44.982393,94751856.0
2861,2025,8,2025-08-01,0.881986,0.026625,0.035229,9,9,1.0,37.27932,94948426.0
2861,2025,9,2025-09-01,0.597598,0.025165,0.061928,9,9,1.0,32.713171,89061648.0
2881,2019,3,2019-03-01,-0.009964,0.038901,0.039259,9,9,1.0,22.994454,73511224.0
2881,2019,4,2019-04-01,0.138028,0.025711,0.019257,9,9,1.0,43.075898,74389486.0
2881,2019,5,2019-05-01,0.428448,0.03607,0.07025,9,9,1.0,22.240575,73985614.0
2881,2019,6,2019-06-01,1.003053,0.030108,0.078858,9,9,1.0,39.999324,76811205.0
2881,2019,7,2019-07-01,1.092357,0.032758,0.096893,9,9,1.0,31.821332,76826548.0
2881,2019,8,2019-08-01,0.679523,0.029203,0.084493,9,9,1.0,37.882067,95194713.0
2881,2019,9,2019-09-01,0.386894,0.029281,0.022685,9,9,1.0,27.675778,91974497.0
2881,2020,3,2020-03-01,-0.07036,0.029047,0.039242,9,9,1.0,29.341568,94604585.0
2881,2020,4,2020-04-01,0.13935,0.038606,0.122695,9,9,1.0,20.073076,96808107.0
2881,2020,5,2020-05-01,0.239861,0.026891,0.045557,9,9,1.0,36.150673,93035456.0
2881,2020,6,2020-06-01,1.063583,0.027127,0.071577,9,9,1.0,45.525622,96006563.0
2881,2020,7,2020-07-01,0.972499,0.032739,0.086709,9,9,1.0,34.092717,99686529.0
2881,2020,8,2020-08-01,0.805718,0.027296,0.083578,9,9,1.0,42.356326,97684078.0
2881,2020,9,2020-09-01,0.445023,0.028476,0.047986,9,9,1.0,30.66713,91237630.0
2881,2021,3,2021-03-01,0.085525,0.03475,0.072862,9,9,1.0,28.842159,94409616.0
2881,2021,4,2021-04-01,0.152837,0.032802,0.095738,9,9,1.0,30.900601,98410821.0
2881,2021,5,2021-05-01,0.380126,0.031793,0.10158,9,9,1.0,27.667917,91970868.0
2881,2021,6,2021-06-01,1.142559,0.027578,0.031232,9,9,1.0,45.849487,95947119.0
2881,2021,7,2021-07-01,1.031459,0.028764,0.050123,9,9,1.0,42.466152,101406324.0
2881,2021,8,2021-08-01,0.690542,0.030744,0.137836,9,9,1.0,27.345075,97445628.0
2881,2021,9,2021-09-01,0.449574,0.033461,0.024434,9,9,1.0,19.460636,90094126.0
2881,2022,3,2022-03-01,0.04582,0.033082,0.109451,9,9,1.0,31.820126,95748274.0
2881,2022,4,2022-04-01,0.198586,0.039551,0.050317,9,9,1.0,22.801723,97595138.0
2881,2022,5,2022-05-01,0.301536,0.031046,0.026757,9,9,1.0,28.393403,92699999.0
2881,2022,6,2022-06-01,1.293935,0.035199,0.083003,9,9,1.0,29.279766,95901303.0
2881,2022,7,2022-07-01,1.167128,0.031859,0.056652,9,9,1.0,36.999815,102035161.0
2881,2022,8,2022-08-01,0.916091,0.029215,0.046502,9,9,1.0,35.381221,98258702.0
2881,2022,9,2022-09-01,0.41028,0.036108,0.048704,9,9,1.0,19.702981,88902747.0
2881,2023,3,2023-03-01,0.01876,0.039119,0.089942,9,9,1.0,24.789515,93671913.0
2881,2023,4,2023-04-01,0.182246,0.034793,0.080464,9,9,1.0,37.768082,98665163.0
2881,2023,5,2023-05-01,0.493343,0.027851,0.040621,9,9,1.0,37.966191,95301562.0
2881,2023,6,2023-06-01,1.115621,0.029772,0.065231,9,9,1.0,40.038892,96444568.0
2881,2023,7,2023-07-01,1.065919,0.036989,0.037319,9,9,1.0,25.086347,101753881.0
2881,2023,8,2023-08-01,0.73575,0.029856,0.042632,9,9,1.0,36.878671,96968132.0
2881,2023,9,2023-09-01,0.491925,0.032618,0.053996,9,9,1.0,21.226507,90239324.0
2881,2024,3,2024-03-01,0.150179,0.037759,0.059586,9,9,1.0,22.892339,86372445.0
2881,2024,4,2024-04-01,0.074399,0.044562,0.053874,9,9,1.0,19.960788,95332509.0
2881,2024,5,2024-05-01,0.425601,0.024967,0.040323,9,9,1.0,45.007721,89883638.0
2881,2024,6,2024-06-01,1.142479,0.03436,0.068575,9,9,1.0,31.593659,84217408.0
2881,2024,7,2024-07-01,1.058384,0.035982,0.082846,9,9,1.0,29.365878,95425695.0
2881,2024,8,2024-08-01,0.807121,0.029841,0.056546,9,9,1.0,32.983596,91425313.0
2881,2024,9,2024-09-01,0.562915,0.025422,0.050632,9,9,1.0,36.648278,85979995.0
2881,2025,3,2025-03-01,0.120141,0.032302,0.069326,9,9,1.0,34.355235,87368194.0
2881,2025,4,2025-04-01,0.127404,0.02462,0.036342,9,9,1.0,42.144564,96861891.0
2881,2025,5,2025-05-01,0.332019,0.031163,0.029591,9,9,1.0,26.99418,89188846.0
2881,2025,6,2025-06-01,0.973255,0.036647,0.099188,9,9,1.0,25.217237,91704495.0
2881,2025,7,2025-07-01,1.177522,0.027812,0.085346,9,9,1.0,43.904213,94751856.0
2881,2025,8,2025-08-01,0.811674,0.028361,0.087127,9,9,1.0,37.25193,94948426.0
2881,2025,9,2025-09-01,0.468965,0.025051,0.037159,9,9,1.0,35.360177,89061648.0
2925,2019,3,2019-03-01,0.195314,0.040981,0.041901,9,9,1.0,14.399693,73511224.0
2925,2019,4,2019-04-01,0.182558,0.023149,0.023697,9,9,1.0,37.793795,74389486.0
2925,2019,5,2019-05-01,0.340866,0.02835,0.088754,9,9,1.0,30.059954,73985614.0
2925,2019,6,2019-06-01,0.9981,0.027238,0.063182,9,9,1.0,39.726928,76811205.0
2925,2019,7,2019-07-01,1.228552,0.028481,0.092225,9,9,1.0,42.788381,76826548.0
2925,2019,8,2019-08-01,0.823453,0.027951,0.084505,9,9,1.0,34.628103,95194713.0
2925,2019,9,2019-09-01,0.444497,0.028377,0.0451,9,9,1.0,28.964191,91974497.0
2925,2020,3,2020-03-01,0.059092,0.024196,0.042297,9,9,1.0,28.833625,94604585.0
2925,2020,4,2020-04-01,0.138032,0.026497,0.048632,9,9,1.0,34.305671,96808107.0
2925,2020,5,2020-05-01,0.2419,0.024695,0.053978,9,9,1.0,41.135022,93035456.0
2925,2020,6,2020-06-01,1.126292,0.026605,0.065971,9,9,1.0,44.151285,96006563.0
2925,2020,7,2020-07-01,1.027397,0.033018,0.085416,9,9,1.0,33.641165,99686529.0
2925,2020,8,2020-08-01,0.94545,0.026742,0.102134,9,9,1.0,38.464099,97684078.0
2925,2020,9,2020-09-01,0.519341,0.027961,0.034,9,9,1.0,27.643313,91237630.0
2925,2021,3,2021-03-01,0.169699,0.03366,0.047193,9,9,1.0,22.671089,94409616.0
2925,2021,4,2021-04-01,0.15063,0.02439,0.041283,9,9,1.0,36.137301,98410821.0
2925,2021,5,2021-05-01,0.383829,0.0283,0.062432,9,9,1.0,34.523977,91970868.0
2925,2021,6,2021-06-01,1.086735,0.028152,0.08503,9,9,1.0,37.185923,95947119.0
2925,2021,7,2021-07-01,1.217607,0.026696,0.079399,9,9,1.0,47.056028,101406324.0
2925,2021,8,2021-08-01,0.775723,0.029533,0.050657,9,9,1.0,34.393612,97445628.0
2925,2021,9,2021-09-01,0.442199,0.030284,0.040726,9,9,1.0,23.967693,90094126.0
2925,2022,3,2022-03-01,0.17107,0.032549,0.057779,9,9,1.0,22.955467,95748274.0
2925,2022,4,2022-04-01,0.208182,0.029773,0.047158,9,9,1.0,31.280024,97595138.0
2925,2022,5,2022-05-01,0.347142,0.02447,0.071587,9,9,1.0,40.555234,92699999.0
2925,2022,6,2022-06-01,1.13172,0.028799,0.08095,9,9,1.0,40.415576,95901303.0
2925,2022,7,2022-07-01,1.129452,0.029945,0.086813,9,9,1.0,37.238721,102035161.0
2925,2022,8,2022-08-01,0.931993,0.027182,0.076434,9,9,1.0,36.962047,98258702.0
2925,2022,9,2022-09-01,0.441831,0.027386,0.069616,9,9,1.0,29.662834,88902747.0
2925,2023,3,2023-03-01,0.172961,0.03834,0.034365,9,9,1.0,17.918586,93671913.0
2925,2023,4,2023-04-01,0.221292,0.028342,0.062422,9,9,1.0,37.022515,98665163.0
2925,2023,5,2023-05-01,0.445788,0.023378,0.065932,9,9,1.0,46.611789,95301562.0
2925,2023,6,2023-06-01,0.998447,0.027052,0.085515,9,9,1.0,43.675799,96444568.0
2925,2023,7,2023-07-01,1.053047,0.031694,0.098646,9,9,1.0,33.186957,101753881.0
2925,2023,8,2023-08-01,0.884031,0.031263,0.088221,9,9,1.0,30.799909,96968132.0
2925,2023,9,2023-09-01,0.583268,0.030135,0.042787,9,9,1.0,22.24474,90239324.0
2925,2024,3,2024-03-01,0.101774,0.03383,0.075067,9,9,1.0,21.224961,86372445.0
2925,2024,4,2024-04-01,0.08721,0.02806,0.036439,9,9,1.0,26.715383,95332509.0
2925,2024,5,2024-05-01,0.456024,0.023844,0.062827,9,9,1.0,43.833663,89883638.0
2925,2024,6,2024-06-01,1.035157,0.031224,0.053904,9,9,1.0,34.309684,84217408.0
2925,2024,7,2024-07-01,1.121977,0.033852,0.104472,9,9,1.0,30.095721,95425695.0
2925,2024,8,2024-08-01,0.750456,0.029631,0.07068,9,9,1.0,32.081516,91425313.0
2925,2024,9,2024-09-01,0.52051,0.022745,0.040697,9,9,1.0,40.463813,85979995.0
2925,2025,3,2025-03-01,0.140226,0.025108,0.030145,9,9,1.0,30.818428,87368194.0
2925,2025,4,2025-04-01,0.241219,0.024278,0.02433,9,9,1.0,34.585385,96861891.0
2925,2025,5,2025-05-01,0.325354,0.027119,0.076249,9,9,1.0,35.58106,89188846.0
2925,2025,6,2025-06-01,0.942813,0.030624,0.082049,9,9,1.0,34.48922,91704495.0
2925,2025,7,2025-07-01,1.238165,0.027726,0.05654,9,9,1.0,42.673767,94751856.0
2925,2025,8,2025-08-01,0.835164,0.027664,0.07821,9,9,1.0,36.169771,94948426.0
2925,2025,9,2025-09-01,0.539748,0.025795,0.051307,9,9,1.0,31.197549,89061648.0
2926,2019,3,2019-03-01,0.189037,0.039263,0.079925,9,9,1.0,16.03234,73511224.0
2926,2019,4,2019-04-01,0.177207,0.022335,0.01908,9,9,1.0,40.040604,74389486.0
2926,2019,5,2019-05-01,0.476579,0.02744,0.040483,9,9,1.0,29.425751,73985614.0
2926,2019,6,2019-06-01,1.126843,0.026556,0.044615,9,9,1.0,41.631445,76811205.0
2926,2019,7,2019-07-01,1.355908,0.027828,0.088426,9,9,1.0,42.689558,76826548.0
2926,2019,8,2019-08-01,0.825503,0.027071,0.053994,9,9,1.0,36.416742,95194713.0
2926,2019,9,2019-09-01,0.486888,0.02644,0.020184,9,9,1.0,31.158358,91974497.0
2926,2020,3,2020-03-01,0.076717,0.023451,0.021948,9,9,1.0,30.952927,94604585.0
2926,2020,4,2020-04-01,0.093183,0.026606,0.046973,9,9,1.0,32.984179,96808107.0
2926,2020,5,2020-05-01,0.315181,0.024888,0.041315,9,9,1.0,40.114102,93035456.0
2926,2020,6,2020-06-01,1.184158,0.025497,0.059696,9,9,1.0,44.626832,96006563.0
2926,2020,7,2020-07-01,1.11183,0.032847,0.122561,9,9,1.0,31.515463,99686529.0
2926,2020,8,2020-08-01,0.990923,0.026109,0.063751,9,9,1.0,38.90584,97684078.0
2926,2020,9,2020-09-01,0.592647,0.026377,0.048094,9,9,1.0,29.449965,91237630.0
2926,2021,3,2021-03-01,0.195195,0.031787,0.035716,9,9,1.0,24.666973,94409616.0
2926,2021,4,2021-04-01,0.183368,0.024179,0.023739,9,9,1.0,37.508049,98410821.0
2926,2021,5,2021-05-01,0.468396,0.028653,0.048277,9,9,1.0,32.452795,91970868.0
2926,2021,6,2021-06-01,1.203251,0.027828,0.058998,9,9,1.0,36.807337,95947119.0
2926,2021,7,2021-07-01,1.352662,0.026627,0.069812,9,9,1.0,47.048146,101406324.0
2926,2021,8,2021-08-01,0.849015,0.029859,0.029756,9,9,1.0,29.027737,97445628.0
2926,2021,9,2021-09-01,0.49963,0.029873,0.086048,9,9,1.0,25.147257,90094126.0
2926,2022,3,2022-03-01,0.217758,0.031178,0.042495,9,9,1.0,24.204904,95748274.0
2926,2022,4,2022-04-01,0.262364,0.030131,0.043233,9,9,1.0,29.913643,97595138.0
2926,2022,5,2022-05-01,0.408479,0.024208,0.052577,9,9,1.0,39.56827,92699999.0
2926,2022,6,2022-06-01,1.265071,0.029624,0.077351,9,9,1.0,37.3212,95901303.0
2926,2022,7,2022-07-01,1.320544,0.029528,0.104357,9,9,1.0,38.12132,102035161.0
2926,2022,8,2022-08-01,1.05019,0.0267,0.052469,9,9,1.0,37.028344,98258702.0
2926,2022,9,2022-09-01,0.510135,0.027201,0.05299,9,9,1.0,28.483759,88902747.0
2926,2023,3,2023-03-01,0.237171,0.035771,0.078075,9,9,1.0,19.938004,93671913.0
2926,2023,4,2023-04-01,0.20682,0.027077,0.044282,9,9,1.0,38.124165,98665163.0
2926,2023,5,2023-05-01,0.517838,0.023259,0.024733,9,9,1.0,45.674252,95301562.0
2926,2023,6,2023-06-01,1.097586,0.026647,0.04234,9,9,1.0,45.643811,96444568.0
2926,2023,7,2023-07-01,1.123406,0.031128,0.086171,9,9,1.0,33.939087,101753881.0
2926,2023,8,2023-08-01,1.030536,0.03044,0.055912,9,9,1.0,29.78438,96968132.0
2926,2023,9,2023-09-01,0.625815,0.027906,0.034852,9,9,1.0,24.387177,90239324.0
2926,2024,3,2024-03-01,0.186793,0.031672,0.035483,9,9,1.0,23.87368,86372445.0
2926,2024,4,2024-04-01,0.097344,0.028257,0.045286,9,9,1.0,26.704656,95332509.0
2926,2024,5,2024-05-01,0.533742,0.023185,0.053389,9,9,1.0,46.288753,89883638.0
2926,2024,6,2024-06-01,1.217563,0.031141,0.082176,9,9,1.0,32.11308,84217408.0
2926,2024,7,2024-07-01,1.264393,0.032986,0.040589,9,9,1.0,29.387741,95425695.0
2926,2024,8,2024-08-01,0.827848,0.029413,0.034644,9,9,1.0,30.641506,91425313.0
2926,2024,9,2024-09-01,0.552276,0.021514,0.034319,9,9,1.0,43.616466,85979995.0
2926,2025,3,2025-03-01,0.140177,0.024144,0.046162,9,9,1.0,31.555157,87368194.0
2926,2025,4,2025-04-01,0.260659,0.024256,0.031773,9,9,1.0,37.323411,96861891.0
2926,2025,5,2025-05-01,0.401287,0.026871,0.056595,9,9,1.0,36.599698,89188846.0
2926,2025,6,2025-06-01,1.102695,0.03005,0.051651,9,9,1.0,35.331571,91704495.0
2926,2025,7,2025-07-01,1.350957,0.026928,0.07834,9,9,1.0,44.890623,94751856.0
2926,2025,8,2025-08-01,0.980244,0.027161,0.066408,9,9,1.0,36.662643,94948426.0
2926,2025,9,2025-09-01,0.62738,0.025092,0.043072,9,9,1.0,31.304858,89061648.0
2927,2019,3,2019-03-01,0.128025,0.037442,0.023217,9,9,1.0,15.700205,73511224.0
2927,2019,4,2019-04-01,0.165308,0.021985,0.020405,9,9,1.0,40.309026,74389486.0
2927,2019,5,2019-05-01,0.430782,0.028857,0.066317,9,9,1.0,28.314035,73985614.0
2927,2019,6,2019-06-01,1.012206,0.02586,0.084414,9,9,1.0,42.482587,76811205.0
2927,2019,7,2019-07-01,1.186491,0.027356,0.129212,9,9,1.0,41.056269,76826548.0
2927,2019,8,2019-08-01,0.742582,0.027026,0.030769,9,9,1.0,32.537844,95194713.0
2927,2019,9,2019-09-01,0.451171,0.025306,0.068168,9,9,1.0,32.69765,91974497.0
2927,2020,3,2020-03-01,0.064289,0.022884,0.020331,9,9,1.0,31.832316,94604585.0
2927,2020,4,2020-04-01,0.08627,0.027511,0.067267,9,9,1.0,31.607941,96808107.0
2927,2020,5,2020-05-01,0.31821,0.02494,0.033356,9,9,1.0,39.496146,93035456.0
2927,2020,6,2020-06-01,1.068112,0.024684,0.083195,9,9,1.0,45.163324,96006563.0
2927,2020,7,2020-07-01,0.990132,0.03284,0.100045,9,9,1.0,31.261905,99686529.0
2927,2020,8,2020-08-01,0.955802,0.025841,0.097064,9,9,1.0,36.857698,97684078.0
2927,2020,9,2020-09-01,0.557599,0.026215,0.081863,9,9,1.0,29.583111,91237630.0
2927,2021,3,2021-03-01,0.187309,0.031142,0.038529,9,9,1.0,26.225813,94409616.0
2927,2021,4,2021-04-01,0.167525,0.024296,0.033,9,9,1.0,34.311822,98410821.0
2927,2021,5,2021-05-01,0.470203,0.028852,0.044086,9,9,1.0,32.086546,91970868.0
2927,2021,6,2021-06-01,1.071883,0.026698,0.10255,9,9,1.0,37.920826,95947119.0
2927,2021,7,2021-07-01,1.249954,0.02529,0.10922,9,9,1.0,47.003632,101406324.0
2927,2021,8,2021-08-01,0.831504,0.029453,0.046086,9,9,1.0,28.800672,97445628.0
2927,2021,9,2021-09-01,0.522613,0.029152,0.059425,9,9,1.0,23.677894,90094126.0
2927,2022,3,2022-03-01,0.208094,0.030071,0.04032,9,9,1.0,24.500623,95748274.0
2927,2022,4,2022-04-01,0.250759,0.030325,0.041839,9,9,1.0,28.572944,97595138.0
2927,2022,5,2022-05-01,0.401229,0.024346,0.055002,9,9,1.0,38.079196,92699999.0
2927,2022,6,2022-06-01,1.181528,0.029436,0.152612,9,9,1.0,36.368018,95901303.0
2927,2022,7,2022-07-01,1.286051,0.028982,0.067963,9,9,1.0,37.685984,102035161.0
2927,2022,8,2022-08-01,1.031334,0.026285,0.069951,9,9,1.0,38.794462,98258702.0
2927,2022,9,2022-09-01,0.478825,0.027195,0.041332,9,9,1.0,28.644418,88902747.0
2927,2023,3,2023-03-01,0.18741,0.034212,0.070752,9,9,1.0,22.213195,93671913.0
2927,2023,4,2023-04-01,0.17768,0.025714,0.056456,9,9,1.0,41.025345,98665163.0
2927,2023,5,2023-05-01,0.512928,0.023275,0.019771,9,9,1.0,45.011516,95301562.0
2927,2023,6,2023-06-01,0.991263,0.026011,0.097683,9,9,1.0,46.196118,96444568.0
2927,2023,7,2023-07-01,1.11592,0.03072,0.085815,9,9,1.0,34.266824,101753881.0
2927,2023,8,2023-08-01,0.985829,0.029018,0.05254,9,9,1.0,30.385688,96968132.0
2927,2023,9,2023-09-01,0.651689,0.027446,0.044676,9,9,1.0,24.878681,90239324.0
2927,2024,3,2024-03-01,0.181116,0.030701,0.05753,9,9,1.0,24.223181,86372445.0
2927,2024,4,2024-04-01,0.134915,0.029136,0.038068,9,9,1.0,26.051996,95332509.0
2927,2024,5,2024-05-01,0.58655,0.02237,0.028588,9,9,1.0,46.916371,89883638.0
2927,2024,6,2024-06-01,1.175056,0.031429,0.090155,9,9,1.0,30.354683,84217408.0
2927,2024,7,2024-07-01,1.117214,0.032581,0.088017,9,9,1.0,29.301381,95425695.0
2927,2024,8,2024-08-01,0.853429,0.02793,0.043712,9,9,1.0,33.356916,91425313.0
2927,2024,9,2024-09-01,0.540318,0.020774,0.039656,9,9,1.0,45.077603,85979995.0
2927,2025,3,2025-03-01,0.138341,0.024273,0.025802,9,9,1.0,31.606621,87368194.0
2927,2025,4,2025-04-01,0.249676,0.023736,0.043483,9,9,1.0,37.236925,96861891.0
2927,2025,5,2025-05-01,0.334162,0.026025,0.038506,9,9,1.0,34.487711,89188846.0
2927,2025,6,2025-06-01,0.95369,0.029604,0.138649,9,9,1.0,35.601012,91704495.0
2927,2025,7,2025-07-01,1.314594,0.025749,0.114083,9,9,1.0,44.684232,94751856.0
2927,2025,8,2025-08-01,0.920368,0.027039,0.040338,9,9,1.0,35.448439,94948426.0
2927,2025,9,2025-09-01,0.600449,0.024452,0.035852,9,9,1.0,31.884116,89061648.0
2958,2019,3,2019-03-01,0.006855,0.033624,0.028712,7,7,1.0,27.666553,73511224.0
2958,2019,4,2019-04-01,0.293147,0.026606,0.020563,7,7,1.0,42.993734,74389486.0
2958,2019,5,2019-05-01,0.296664,0.036724,0.055082,7,7,1.0,21.794416,73985614.0
2958,2019,6,2019-06-01,0.854018,0.031014,0.084119,7,7,1.0,36.110362,76811205.0
2958,2019,7,2019-07-01,0.872758,0.03409,0.063165,7,7,1.0,32.290458,76826548.0
2958,2019,8,2019-08-01,0.640282,0.029765,0.058901,7,7,1.0,36.484867,95194713.0
2958,2019,9,2019-09-01,0.377036,0.028039,0.04671,7,7,1.0,31.356819,91974497.0
2958,2020,3,2020-03-01,0.087083,0.028919,0.026609,7,7,1.0,38.846317,94604585.0
2958,2020,4,2020-04-01,0.142936,0.037462,0.077547,7,7,1.0,26.553582,96808107.0
2958,2020,5,2020-05-01,0.225706,0.029142,0.024976,7,7,1.0,37.694558,93035456.0
2958,2020,6,2020-06-01,0.882877,0.029214,0.068409,7,7,1.0,40.235576,96006563.0
2958,2020,7,2020-07-01,0.839463,0.034562,0.054114,7,7,1.0,32.664793,99686529.0
2958,2020,8,2020-08-01,0.747847,0.029131,0.071938,7,7,1.0,36.939371,97684078.0
2958,2020,9,2020-09-01,0.427302,0.026978,0.048877,7,7,1.0,34.47138,91237630.0
2958,2021,3,2021-03-01,0.103776,0.02852,0.046558,7,7,1.0,35.802404,94409616.0
2958,2021,4,2021-04-01,0.235741,0.034571,0.06425,7,7,1.0,27.238793,98410821.0
2958,2021,5,2021-05-01,0.337797,0.033368,0.077222,7,7,1.0,26.3843,91970868.0
2958,2021,6,2021-06-01,0.987331,0.02773,0.082709,7,7,1.0,43.393356,95947119.0
2958,2021,7,2021-07-01,1.028388,0.028802,0.073402,7,7,1.0,43.440024,101406324.0
2958,2021,8,2021-08-01,0.720305,0.031362,0.066204,7,7,1.0,32.021595,97445628.0
2958,2021,9,2021-09-01,0.34819,0.029476,0.028914,7,7,1.0,24.36528,90094126.0
2958,2022,3,2022-03-01,0.148343,0.028638,0.034996,7,7,1.0,38.200842,95748274.0
2958,2022,4,2022-04-01,0.295558,0.038717,0.035733,7,7,1.0,25.671099,97595138.0
2958,2022,5,2022-05-01,0.260608,0.031973,0.015961,7,7,1.0,31.683044,92699999.0
2958,2022,6,2022-06-01,0.942155,0.032709,0.078098,7,7,1.0,33.763565,95901303.0
2958,2022,7,2022-07-01,0.993244,0.03342,0.109808,7,7,1.0,31.619819,102035161.0
2958,2022,8,2022-08-01,0.799889,0.027606,0.065345,7,7,1.0,38.733254,98258702.0
2958,2022,9,2022-09-01,0.410771,0.03587,0.059849,7,7,1.0,21.148817,88902747.0
2958,2023,3,2023-03-01,0.073194,0.033429,0.05062,7,7,1.0,26.623751,93671913.0
2958,2023,4,2023-04-01,0.212768,0.030461,0.046928,7,7,1.0,41.458155,98665163.0
2958,2023,5,2023-05-01,0.451026,0.030862,0.048963,7,7,1.0,34.218285,95301562.0
2958,2023,6,2023-06-01,1.016401,0.031395,0.106568,7,7,1.0,33.5387,96444568.0
2958,2023,7,2023-07-01,0.95545,0.040911,0.052692,7,7,1.0,23.279828,101753881.0
2958,2023,8,2023-08-01,0.700768,0.028679,0.085942,7,7,1.0,39.305486,96968132.0
2958,2023,9,2023-09-01,0.422929,0.030707,0.052539,7,7,1.0,24.477984,90239324.0
2958,2024,3,2024-03-01,0.132186,0.034015,0.046626,7,7,1.0,24.236285,86372445.0
2958,2024,4,2024-04-01,0.218774,0.04464,0.053759,7,7,1.0,19.954169,95332509.0
2958,2024,5,2024-05-01,0.478034,0.027905,0.021235,7,7,1.0,37.880358,89883638.0
2958,2024,6,2024-06-01,1.059465,0.033011,0.065802,7,7,1.0,29.8946,84217408.0
2958,2024,7,2024-07-01,1.033205,0.03409,0.070706,7,7,1.0,31.326559,95425695.0
2958,2024,8,2024-08-01,0.750144,0.030051,0.097392,7,7,1.0,35.689206,91425313.0
2958,2024,9,2024-09-01,0.522618,0.024112,0.044324,7,7,1.0,38.856458,85979995.0
2958,2025,3,2025-03-01,0.17508,0.031348,0.037909,7,7,1.0,32.930482,87368194.0
2958,2025,4,2025-04-01,0.224416,0.026349,0.024217,7,7,1.0,45.530178,96861891.0
2958,2025,5,2025-05-01,0.271361,0.030999,0.069722,7,7,1.0,27.699857,89188846.0
2958,2025,6,2025-06-01,0.719717,0.036212,0.053934,7,7,1.0,25.926641,91704495.0
2958,2025,7,2025-07-01,1.044658,0.027845,0.045349,7,7,1.0,46.082256,94751856.0
2958,2025,8,2025-08-01,0.733538,0.029531,0.054989,7,7,1.0,35.905321,94948426.0
2958,2025,9,2025-09-01,0.506781,0.025357,0.035506,7,7,1.0,35.653251,89061648.0
3020,2019,3,2019-03-01,0.06135,0.032581,0.039526,7,7,1.0,28.010898,73511224.0
3020,2019,4,2019-04-01,0.182934,0.027864,0.029379,7,7,1.0,40.370678,74389486.0
3020,2019,5,2019-05-01,0.272075,0.037158,0.051575,7,7,1.0,21.550707,73985614.0
3020,2019,6,2019-06-01,0.780654,0.030258,0.066323,7,7,1.0,38.910312,76811205.0
3020,2019,7,2019-07-01,0.753779,0.035518,0.076001,7,7,1.0,29.040209,76826548.0
3020,2019,8,2019-08-01,0.596186,0.029925,0.063937,7,7,1.0,34.065038,95194713.0
3020,2019,9,2019-09-01,0.326587,0.028828,0.034606,7,7,1.0,30.60464,91974497.0
3020,2020,3,2020-03-01,0.070673,0.03105,0.014976,7,7,1.0,31.260731,94604585.0
3020,2020,4,2020-04-01,0.252633,0.040424,0.038576,7,7,1.0,19.757749,96808107.0
3020,2020,5,2020-05-01,0.276728,0.028386,0.039659,7,7,1.0,37.828143,93035456.0
3020,2020,6,2020-06-01,0.839003,0.028447,0.07875,7,7,1.0,41.501498,96006563.0
3020,2020,7,2020-07-01,0.845241,0.033555,0.060975,7,7,1.0,33.982937,99686529.0
3020,2020,8,2020-08-01,0.589898,0.030568,0.06093,7,7,1.0,38.539898,97684078.0
3020,2020,9,2020-09-01,0.39186,0.026594,0.042496,7,7,1.0,37.061029,91237630.0
3020,2021,3,2021-03-01,0.122694,0.030039,0.048491,7,7,1.0,34.567882,94409616.0
3020,2021,4,2021-04-01,0.287751,0.036923,0.049744,7,7,1.0,25.503063,98410821.0
3020,2021,5,2021-05-01,0.399872,0.035135,0.049221,7,7,1.0,25.234018,91970868.0
3020,2021,6,2021-06-01,0.907487,0.028116,0.076436,7,7,1.0,43.079526,95947119.0
3020,2021,7,2021-07-01,0.956662,0.029266,0.076012,7,7,1.0,42.445969,101406324.0
3020,2021,8,2021-08-01,0.618949,0.03266,0.056897,7,7,1.0,31.093631,97445628.0
3020,2021,9,2021-09-01,0.330429,0.031002,0.018725,7,7,1.0,24.968744,90094126.0
3020,2022,3,2022-03-01,0.12866,0.028634,0.018704,7,7,1.0,36.369888,95748274.0
3020,2022,4,2022-04-01,0.313807,0.039298,0.047508,7,7,1.0,22.990395,97595138.0
3020,2022,5,2022-05-01,0.276291,0.032066,0.038006,7,7,1.0,29.740506,92699999.0
3020,2022,6,2022-06-01,0.821145,0.03339,0.112495,7,7,1.0,32.445847,95901303.0
3020,2022,7,2022-07-01,0.981699,0.034944,0.071338,7,7,1.0,29.256611,102035161.0
3020,2022,8,2022-08-01,0.777787,0.029157,0.085217,7,7,1.0,36.45642,98258702.0
3020,2022,9,2022-09-01,0.303689,0.036058,0.08248,7,7,1.0,20.416338,88902747.0
3020,2023,3,2023-03-01,0.076091,0.032957,0.049131,7,7,1.0,26.540573,93671913.0
3020,2023,4,2023-04-01,0.194432,0.031226,0.046277,7,7,1.0,40.446502,98665163.0
3020,2023,5,2023-05-01,0.475103,0.031837,0.012859,7,7,1.0,33.178692,95301562.0
3020,2023,6,2023-06-01,0.937138,0.032069,0.078895,7,7,1.0,34.63031,96444568.0
3020,2023,7,2023-07-01,0.908351,0.041691,0.080676,7,7,1.0,19.822851,101753881.0
3020,2023,8,2023-08-01,0.643371,0.029031,0.059021,7,7,1.0,35.689808,96968132.0
3020,2023,9,2023-09-01,0.397039,0.03284,0.033756,7,7,1.0,21.983248,90239324.0
3020,2024,3,2024-03-01,0.091219,0.032266,0.024615,7,7,1.0,28.049194,86372445.0
3020,2024,4,2024-04-01,0.20383,0.041578,0.069565,7,7,1.0,22.984366,95332509.0
3020,2024,5,2024-05-01,0.421657,0.028201,0.032219,7,7,1.0,39.251534,89883638.0
3020,2024,6,2024-06-01,0.968745,0.033824,0.050456,7,7,1.0,31.764185,84217408.0
3020,2024,7,2024-07-01,0.975166,0.034874,0.055016,7,7,1.0,32.894839,95425695.0
3020,2024,8,2024-08-01,0.770264,0.031687,0.031008,7,7,1.0,32.397039,91425313.0
3020,2024,9,2024-09-01,0.45623,0.025102,0.055227,7,7,1.0,36.192332,85979995.0
3020,2025,3,2025-03-01,0.145897,0.030858,0.026736,7,7,1.0,34.080717,87368194.0
3020,2025,4,2025-04-01,0.249918,0.025496,0.043111,7,7,1.0,47.442153,96861891.0
3020,2025,5,2025-05-01,0.302136,0.031868,0.016352,7,7,1.0,30.573706,89188846.0
3020,2025,6,2025-06-01,0.794671,0.037163,0.056472,7,7,1.0,25.358975,91704495.0
3020,2025,7,2025-07-01,1.020607,0.029202,0.072229,7,7,1.0,42.694181,94751856.0
3020,2025,8,2025-08-01,0.649837,0.028985,0.0667,7,7,1.0,40.439549,94948426.0
3020,2025,9,2025-09-01,0.457026,0.027979,0.035911,7,7,1.0,29.557883,89061648.0
3059,2019,3,2019-03-01,0.129907,0.041148,0.047201,6,6,1.0,14.096299,73511224.0
3059,2019,4,2019-04-01,0.146779,0.022898,0.034651,6,6,1.0,38.03002,74389486.0
3059,2019,5,2019-05-01,0.264345,0.029377,0.068659,6,6,1.0,29.382359,73985614.0
3059,2019,6,2019-06-01,0.909133,0.026856,0.094906,6,6,1.0,41.542213,76811205.0
3059,2019,7,2019-07-01,1.051653,0.026826,0.080737,6,6,1.0,44.535906,76826548.0
3059,2019,8,2019-08-01,0.635401,0.027365,0.050607,6,6,1.0,36.880254,95194713.0
3059,2019,9,2019-09-01,0.455813,0.026646,0.061986,6,6,1.0,30.086548,91974497.0
3059,2020,3,2020-03-01,0.014516,0.023975,0.017286,6,6,1.0,31.015041,94604585.0
3059,2020,4,2020-04-01,0.054383,0.028467,0.045219,6,6,1.0,29.596668,96808107.0
3059,2020,5,2020-05-01,0.223279,0.024493,0.046266,6,6,1.0,36.519901,93035456.0
3059,2020,6,2020-06-01,1.082515,0.025493,0.078094,6,6,1.0,44.666271,96006563.0
3059,2020,7,2020-07-01,0.907033,0.03322,0.124642,6,6,1.0,31.901922,99686529.0
3059,2020,8,2020-08-01,0.830639,0.026251,0.088884,6,6,1.0,41.061738,97684078.0
3059,2020,9,2020-09-01,0.563083,0.028962,0.082561,6,6,1.0,25.874193,91237630.0
3059,2021,3,2021-03-01,0.206836,0.035367,0.064765,6,6,1.0,21.76902,94409616.0
3059,2021,4,2021-04-01,0.123649,0.024806,0.040316,6,6,1.0,35.477827,98410821.0
3059,2021,5,2021-05-01,0.317605,0.028268,0.066736,6,6,1.0,32.424134,91970868.0
3059,2021,6,2021-06-01,1.015921,0.028034,0.099447,6,6,1.0,37.600463,95947119.0
3059,2021,7,2021-07-01,1.201095,0.026038,0.118231,6,6,1.0,47.308879,101406324.0
3059,2021,8,2021-08-01,0.803835,0.030968,0.079696,6,6,1.0,26.329607,97445628.0
3059,2021,9,2021-09-01,0.503284,0.027709,0.070005,6,6,1.0,27.993968,90094126.0
3059,2022,3,2022-03-01,0.147094,0.035602,0.049677,6,6,1.0,19.051197,95748274.0
3059,2022,4,2022-04-01,0.182404,0.032549,0.050809,6,6,1.0,26.504489,97595138.0
3059,2022,5,2022-05-01,0.263031,0.024449,0.040248,6,6,1.0,38.653879,92699999.0
3059,2022,6,2022-06-01,1.145394,0.028807,0.075952,6,6,1.0,38.008794,95901303.0
3059,2022,7,2022-07-01,1.18104,0.029146,0.133542,6,6,1.0,38.079435,102035161.0
3059,2022,8,2022-08-01,0.917172,0.026692,0.109397,6,6,1.0,37.772865,98258702.0
3059,2022,9,2022-09-01,0.418317,0.028873,0.065083,6,6,1.0,24.923636,88902747.0
3059,2023,3,2023-03-01,0.164661,0.042908,0.07525,6,6,1.0,17.724666,93671913.0
3059,2023,4,2023-04-01,0.159838,0.028151,0.068235,6,6,1.0,38.360933,98665163.0
3059,2023,5,2023-05-01,0.402989,0.022844,0.046568,6,6,1.0,45.498143,95301562.0
3059,2023,6,2023-06-01,0.955459,0.026525,0.107524,6,6,1.0,46.244503,96444568.0
3059,2023,7,2023-07-01,1.053197,0.030003,0.13876,6,6,1.0,34.586178,101753881.0
3059,2023,8,2023-08-01,0.855614,0.03043,0.08661,6,6,1.0,28.993479,96968132.0
3059,2023,9,2023-09-01,0.522512,0.031208,0.066927,6,6,1.0,22.537795,90239324.0
3059,2024,3,2024-03-01,0.093034,0.031766,0.046234,6,6,1.0,23.595508,86372445.0
3059,2024,4,2024-04-01,0.083375,0.028795,0.02647,6,6,1.0,26.304213,95332509.0
3059,2024,5,2024-05-01,0.415899,0.022636,0.047752,6,6,1.0,46.788611,89883638.0
3059,2024,6,2024-06-01,0.994287,0.030456,0.107212,6,6,1.0,35.323497,84217408.0
3059,2024,7,2024-07-01,1.126802,0.032126,0.120304,6,6,1.0,33.322202,95425695.0
3059,2024,8,2024-08-01,0.673924,0.029683,0.089379,6,6,1.0,33.000016,91425313.0
3059,2024,9,2024-09-01,0.534701,0.02225,0.056722,6,6,1.0,41.671388,85979995.0
3059,2025,3,2025-03-01,0.132154,0.026097,0.035509,6,6,1.0,29.057995,87368194.0
3059,2025,4,2025-04-01,0.164195,0.023977,0.026309,6,6,1.0,38.329114,96861891.0
3059,2025,5,2025-05-01,0.245067,0.026028,0.063923,6,6,1.0,36.054114,89188846.0
3059,2025,6,2025-06-01,0.863267,0.029673,0.086577,6,6,1.0,35.281329,91704495.0
3059,2025,7,2025-07-01,1.220196,0.026053,0.104155,6,6,1.0,46.510195,94751856.0
3059,2025,8,2025-08-01,0.771488,0.02782,0.097265,6,6,1.0,36.876584,94948426.0
3059,2025,9,2025-09-01,0.550424,0.023918,0.063421,6,6,1.0,33.903516,89061648.0
3060,2019,3,2019-03-01,0.133623,0.038943,0.035864,7,7,1.0,15.898484,73511224.0
3060,2019,4,2019-04-01,0.16689,0.023498,0.029716,7,7,1.0,39.621557,74389486.0
3060,2019,5,2019-05-01,0.409159,0.030705,0.037833,7,7,1.0,30.35131,73985614.0
3060,2019,6,2019-06-01,1.114746,0.027871,0.07595,7,7,1.0,41.240677,76811205.0
3060,2019,7,2019-07-01,1.141538,0.027923,0.072948,7,7,1.0,44.643326,76826548.0
3060,2019,8,2019-08-01,0.715577,0.028175,0.03641,7,7,1.0,37.056157,95194713.0
3060,2019,9,2019-09-01,0.478034,0.026217,0.05211,7,7,1.0,32.056118,91974497.0
3060,2020,3,2020-03-01,0.041745,0.024047,0.028114,7,7,1.0,30.6943,94604585.0
3060,2020,4,2020-04-01,0.100413,0.028216,0.057409,7,7,1.0,31.596825,96808107.0
3060,2020,5,2020-05-01,0.283293,0.025405,0.032836,7,7,1.0,38.215623,93035456.0
3060,2020,6,2020-06-01,1.144173,0.025849,0.046915,7,7,1.0,47.125769,96006563.0
3060,2020,7,2020-07-01,1.127808,0.033313,0.091828,7,7,1.0,34.428964,99686529.0
3060,2020,8,2020-08-01,0.958048,0.026432,0.03148,7,7,1.0,42.777314,97684078.0
3060,2020,9,2020-09-01,0.640243,0.029108,0.04793,7,7,1.0,24.871312,91237630.0
3060,2021,3,2021-03-01,0.149135,0.033713,0.046651,7,7,1.0,23.761093,94409616.0
3060,2021,4,2021-04-01,0.145604,0.025566,0.050175,7,7,1.0,36.056192,98410821.0
3060,2021,5,2021-05-01,0.399336,0.028954,0.036535,7,7,1.0,34.444678,91970868.0
3060,2021,6,2021-06-01,1.123151,0.028611,0.043183,7,7,1.0,38.888594,95947119.0
3060,2021,7,2021-07-01,1.336216,0.026516,0.058898,7,7,1.0,48.368523,101406324.0
3060,2021,8,2021-08-01,0.868804,0.032352,0.061927,7,7,1.0,26.47639,97445628.0
3060,2021,9,2021-09-01,0.517593,0.02749,0.035819,7,7,1.0,29.242106,90094126.0
3060,2022,3,2022-03-01,0.191211,0.033505,0.052091,7,7,1.0,22.250211,95748274.0
3060,2022,4,2022-04-01,0.268599,0.033527,0.060284,7,7,1.0,26.126536,97595138.0
3060,2022,5,2022-05-01,0.347763,0.02513,0.039212,7,7,1.0,39.671629,92699999.0
3060,2022,6,2022-06-01,1.276217,0.030741,0.059631,7,7,1.0,35.684306,95901303.0
3060,2022,7,2022-07-01,1.325358,0.030169,0.083432,7,7,1.0,39.604549,102035161.0
3060,2022,8,2022-08-01,1.02142,0.026862,0.066278,7,7,1.0,39.912507,98258702.0
3060,2022,9,2022-09-01,0.541585,0.029352,0.038808,7,7,1.0,25.519543,88902747.0
3060,2023,3,2023-03-01,0.190734,0.036772,0.058709,7,7,1.0,22.06451,93671913.0
3060,2023,4,2023-04-01,0.156896,0.027296,0.042542,7,7,1.0,41.095137,98665163.0
3060,2023,5,2023-05-01,0.491985,0.023677,0.0331,7,7,1.0,46.1784,95301562.0
3060,2023,6,2023-06-01,1.035565,0.02698,0.043252,7,7,1.0,47.814489,96444568.0
3060,2023,7,2023-07-01,1.181645,0.031904,0.120579,7,7,1.0,36.832585,101753881.0
3060,2023,8,2023-08-01,0.95584,0.030891,0.039391,7,7,1.0,31.622356,96968132.0
3060,2023,9,2023-09-01,0.617709,0.030033,0.014879,7,7,1.0,24.445186,90239324.0
3060,2024,3,2024-03-01,0.16961,0.030906,0.053154,7,7,1.0,26.404275,86372445.0
3060,2024,4,2024-04-01,0.131041,0.030199,0.032662,7,7,1.0,25.505765,95332509.0
3060,2024,5,2024-05-01,0.492049,0.023109,0.028526,7,7,1.0,48.180618,89883638.0
3060,2024,6,2024-06-01,1.24525,0.032055,0.108255,7,7,1.0,31.680893,84217408.0
3060,2024,7,2024-07-01,1.228496,0.034255,0.095223,7,7,1.0,31.752045,95425695.0
3060,2024,8,2024-08-01,0.813901,0.029414,0.034358,7,7,1.0,35.225339,91425313.0
3060,2024,9,2024-09-01,0.61372,0.022678,0.026569,7,7,1.0,43.402688,85979995.0
3060,2025,3,2025-03-01,0.186542,0.026,0.027977,7,7,1.0,31.929448,87368194.0
3060,2025,4,2025-04-01,0.22442,0.025011,0.022027,7,7,1.0,38.469211,96861891.0
3060,2025,5,2025-05-01,0.387917,0.026777,0.056059,7,7,1.0,36.23422,89188846.0
3060,2025,6,2025-06-01,1.040812,0.029898,0.047176,7,7,1.0,37.095394,91704495.0
3060,2025,7,2025-07-01,1.39093,0.027253,0.091634,7,7,1.0,46.325428,94751856.0
3060,2025,8,2025-08-01,0.883552,0.027826,0.039381,7,7,1.0,40.501911,94948426.0
3060,2025,9,2025-09-01,0.591066,0.024221,0.026629,7,7,1.0,35.910673,89061648.0
3072,2019,3,2019-03-01,0.1563,0.037673,0.059185,6,6,1.0,20.240178,73511224.0
3072,2019,4,2019-04-01,0.190894,0.026876,0.018504,6,6,1.0,41.51844,74389486.0
3072,2019,5,2019-05-01,0.344585,0.037299,0.045629,6,6,1.0,22.783606,73985614.0
3072,2019,6,2019-06-01,0.84632,0.030258,0.046979,6,6,1.0,41.313015,76811205.0
3072,2019,7,2019-07-01,0.944271,0.032257,0.027094,6,6,1.0,35.02469,76826548.0
3072,2019,8,2019-08-01,0.584578,0.030448,0.053213,6,6,1.0,34.283896,95194713.0
3072,2019,9,2019-09-01,0.384988,0.029622,0.042351,6,6,1.0,26.777356,91974497.0
3072,2020,3,2020-03-01,-0.025615,0.031392,0.052412,6,6,1.0,28.113985,94604585.0
3072,2020,4,2020-04-01,0.145909,0.037895,0.045804,6,6,1.0,21.859681,96808107.0
3072,2020,5,2020-05-01,0.254459,0.031977,0.02887,6,6,1.0,29.586026,93035456.0
3072,2020,6,2020-06-01,0.958359,0.027931,0.021064,6,6,1.0,46.645774,96006563.0
3072,2020,7,2020-07-01,1.024735,0.035103,0.015502,6,6,1.0,29.737642,99686529.0
3072,2020,8,2020-08-01,0.75975,0.028505,0.048267,6,6,1.0,40.667451,97684078.0
3072,2020,9,2020-09-01,0.401494,0.02809,0.031174,6,6,1.0,31.201048,91237630.0
3072,2021,3,2021-03-01,0.136775,0.034256,0.032285,6,6,1.0,26.12257,94409616.0
3072,2021,4,2021-04-01,0.236269,0.031202,0.046817,6,6,1.0,31.264914,98410821.0
3072,2021,5,2021-05-01,0.305759,0.032686,0.046664,6,6,1.0,25.557318,91970868.0
3072,2021,6,2021-06-01,1.024941,0.028624,0.036869,6,6,1.0,41.977627,95947119.0
3072,2021,7,2021-07-01,1.101005,0.027982,0.020109,6,6,1.0,46.081875,101406324.0
3072,2021,8,2021-08-01,0.830831,0.032702,0.07094,6,6,1.0,26.457225,97445628.0
3072,2021,9,2021-09-01,0.376249,0.029642,0.022192,6,6,1.0,28.310754,90094126.0
3072,2022,3,2022-03-01,0.173995,0.031173,0.039851,6,6,1.0,32.262923,95748274.0
3072,2022,4,2022-04-01,0.272052,0.041216,0.061584,6,6,1.0,23.441221,97595138.0
3072,2022,5,2022-05-01,0.283022,0.031746,0.053746,6,6,1.0,29.524976,92699999.0
3072,2022,6,2022-06-01,1.048148,0.032986,0.041068,6,6,1.0,32.160176,95901303.0
3072,2022,7,2022-07-01,1.079125,0.034855,0.047815,6,6,1.0,30.608714,102035161.0
3072,2022,8,2022-08-01,0.876684,0.027586,0.019234,6,6,1.0,35.819348,98258702.0
3072,2022,9,2022-09-01,0.353645,0.030358,0.018463,6,6,1.0,25.706137,88902747.0
3072,2023,3,2023-03-01,0.093005,0.034435,0.088047,6,6,1.0,25.723081,93671913.0
3072,2023,4,2023-04-01,0.17969,0.031277,0.053636,6,6,1.0,40.689429,98665163.0
3072,2023,5,2023-05-01,0.414629,0.027665,0.021885,6,6,1.0,39.20629,95301562.0
3072,2023,6,2023-06-01,0.899387,0.030916,0.048369,6,6,1.0,40.605202,96444568.0
3072,2023,7,2023-07-01,0.987263,0.0383,0.059306,6,6,1.0,26.624974,101753881.0
3072,2023,8,2023-08-01,0.739604,0.029849,0.062607,6,6,1.0,35.532776,96968132.0
3072,2023,9,2023-09-01,0.426658,0.032629,0.038557,6,6,1.0,20.767084,90239324.0
3072,2024,3,2024-03-01,0.135678,0.033459,0.056896,6,6,1.0,26.768871,86372445.0
3072,2024,4,2024-04-01,0.135836,0.036075,0.06457,6,6,1.0,27.678873,95332509.0
3072,2024,5,2024-05-01,0.45441,0.026085,0.029188,6,6,1.0,40.877788,89883638.0
3072,2024,6,2024-06-01,1.010685,0.034998,0.080803,6,6,1.0,29.275147,84217408.0
3072,2024,7,2024-07-01,0.944111,0.034629,0.050691,6,6,1.0,31.683247,95425695.0
3072,2024,8,2024-08-01,0.77721,0.0308,0.047887,6,6,1.0,32.887104,91425313.0
3072,2024,9,2024-09-01,0.428319,0.026215,0.034751,6,6,1.0,34.658637,85979995.0
3072,2025,3,2025-03-01,0.191225,0.031662,0.042111,6,6,1.0,29.544203,87368194.0
3072,2025,4,2025-04-01,0.179177,0.025527,0.031578,6,6,1.0,40.584233,96861891.0
3072,2025,5,2025-05-01,0.265291,0.031906,0.060923,6,6,1.0,26.791671,89188846.0
3072,2025,6,2025-06-01,0.851881,0.036135,0.027353,6,6,1.0,26.214442,91704495.0
3072,2025,7,2025-07-01,1.029688,0.027735,0.049556,6,6,1.0,46.017111,94751856.0
3072,2025,8,2025-08-01,0.832795,0.027999,0.061296,6,6,1.0,40.321382,94948426.0
3072,2025,9,2025-09-01,0.470336,0.024676,0.033951,6,6,1.0,36.231448,89061648.0
3073,2019,3,2019-03-01,0.074179,0.036549,0.077128,6,6,1.0,20.363791,73511224.0
3073,2019,4,2019-04-01,0.198227,0.026817,0.039676,6,6,1.0,40.832567,74389486.0
3073,2019,5,2019-05-01,0.301892,0.036666,0.041072,6,6,1.0,22.199954,73985614.0
3073,2019,6,2019-06-01,0.883346,0.03067,0.050589,6,6,1.0,40.740563,76811205.0
3073,2019,7,2019-07-01,0.989357,0.033263,0.022606,6,6,1.0,34.410087,76826548.0
3073,2019,8,2019-08-01,0.677541,0.030631,0.036816,6,6,1.0,35.439418,95194713.0
3073,2019,9,2019-09-01,0.472558,0.029745,0.055551,6,6,1.0,28.56131,91974497.0
3073,2020,3,2020-03-01,-0.034378,0.030897,0.038263,6,6,1.0,29.138679,94604585.0
3073,2020,4,2020-04-01,0.112452,0.04264,0.028899,6,6,1.0,17.246266,96808107.0
3073,2020,5,2020-05-01,0.271498,0.032681,0.034828,6,6,1.0,30.63712,93035456.0
3073,2020,6,2020-06-01,0.997003,0.028482,0.034138,6,6,1.0,43.261694,96006563.0
3073,2020,7,2020-07-01,0.989385,0.035912,0.020936,6,6,1.0,30.56996,99686529.0
3073,2020,8,2020-08-01,0.792464,0.029283,0.028343,6,6,1.0,40.379318,97684078.0
3073,2020,9,2020-09-01,0.420518,0.028454,0.029232,6,6,1.0,31.077017,91237630.0
3073,2021,3,2021-03-01,0.118866,0.034087,0.028915,6,6,1.0,26.238042,94409616.0
3073,2021,4,2021-04-01,0.211575,0.031368,0.050014,6,6,1.0,31.700414,98410821.0
3073,2021,5,2021-05-01,0.314978,0.034376,0.029883,6,6,1.0,24.592261,91970868.0
3073,2021,6,2021-06-01,1.079513,0.029193,0.034435,6,6,1.0,44.862666,95947119.0
3073,2021,7,2021-07-01,1.078562,0.027744,0.017708,6,6,1.0,46.727559,101406324.0
3073,2021,8,2021-08-01,0.774135,0.031926,0.041044,6,6,1.0,29.782714,97445628.0
3073,2021,9,2021-09-01,0.345019,0.029399,0.019488,6,6,1.0,30.276,90094126.0
3073,2022,3,2022-03-01,0.141072,0.031385,0.033521,6,6,1.0,31.322334,95748274.0
3073,2022,4,2022-04-01,0.282078,0.038267,0.05377,6,6,1.0,24.253664,97595138.0
3073,2022,5,2022-05-01,0.357453,0.033485,0.019574,6,6,1.0,27.289583,92699999.0
3073,2022,6,2022-06-01,1.10613,0.033188,0.051625,6,6,1.0,34.040995,95901303.0
3073,2022,7,2022-07-01,1.167818,0.03413,0.081177,6,6,1.0,31.925676,102035161.0
3073,2022,8,2022-08-01,0.878376,0.027589,0.019979,6,6,1.0,37.105464,98258702.0
3073,2022,9,2022-09-01,0.414487,0.031485,0.051727,6,6,1.0,26.952311,88902747.0
3073,2023,3,2023-03-01,0.064195,0.03293,0.040974,6,6,1.0,26.098032,93671913.0
3073,2023,4,2023-04-01,0.183875,0.031408,0.043716,6,6,1.0,39.128089,98665163.0
3073,2023,5,2023-05-01,0.464287,0.028853,0.025983,6,6,1.0,37.959576,95301562.0
3073,2023,6,2023-06-01,0.962503,0.031318,0.03882,6,6,1.0,40.021033,96444568.0
3073,2023,7,2023-07-01,0.950467,0.038442,0.013277,6,6,1.0,26.694195,101753881.0
3073,2023,8,2023-08-01,0.75089,0.030493,0.039326,6,6,1.0,38.287407,96968132.0
3073,2023,9,2023-09-01,0.519264,0.034538,0.04045,6,6,1.0,20.014339,90239324.0
3073,2024,3,2024-03-01,0.1097,0.032574,0.052048,6,6,1.0,27.420272,86372445.0
3073,2024,4,2024-04-01,0.150566,0.037298,0.050965,6,6,1.0,25.430366,95332509.0
3073,2024,5,2024-05-01,0.474105,0.026574,0.022812,6,6,1.0,42.744449,89883638.0
3073,2024,6,2024-06-01,1.059905,0.036321,0.071343,6,6,1.0,27.016526,84217408.0
3073,2024,7,2024-07-01,1.04419,0.034551,0.043739,6,6,1.0,30.791261,95425695.0
3073,2024,8,2024-08-01,0.769227,0.031185,0.061959,6,6,1.0,32.961052,91425313.0
3073,2024,9,2024-09-01,0.519161,0.025871,0.028382,6,6,1.0,36.139291,85979995.0
3073,2025,3,2025-03-01,0.205758,0.031711,0.037991,6,6,1.0,30.069944,87368194.0
3073,2025,4,2025-04-01,0.228328,0.026073,0.027338,6,6,1.0,40.799545,96861891.0
3073,2025,5,2025-05-01,0.325337,0.031132,0.057043,6,6,1.0,28.257606,89188846.0
3073,2025,6,2025-06-01,0.881536,0.036928,0.050259,6,6,1.0,25.796778,91704495.0
3073,2025,7,2025-07-01,1.068881,0.028323,0.057443,6,6,1.0,46.312961,94751856.0
3073,2025,8,2025-08-01,0.822537,0.027855,0.044323,6,6,1.0,44.442483,94948426.0
3073,2025,9,2025-09-01,0.477886,0.024783,0.022845,6,6,1.0,37.707113,89061648.0
3085,2019,3,2019-03-01,0.041743,0.033494,0.0163,6,6,1.0,27.151386,73511224.0
3085,2019,4,2019-04-01,0.259278,0.027486,0.027014,6,6,1.0,44.318917,74389486.0
3085,2019,5,2019-05-01,0.307697,0.039668,0.063205,6,6,1.0,18.69524,73985614.0
3085,2019,6,2019-06-01,0.630467,0.030815,0.067653,6,6,1.0,40.512178,76811205.0
3085,2019,7,2019-07-01,0.801626,0.035613,0.02748,6,6,1.0,30.711667,76826548.0
3085,2019,8,2019-08-01,0.545783,0.029275,0.049087,6,6,1.0,36.513625,95194713.0
3085,2019,9,2019-09-01,0.293372,0.027029,0.036042,6,6,1.0,32.430242,91974497.0
3085,2020,3,2020-03-01,0.128055,0.030724,0.032175,6,6,1.0,31.335566,94604585.0
3085,2020,4,2020-04-01,0.166453,0.042139,0.049039,6,6,1.0,19.772778,96808107.0
3085,2020,5,2020-05-01,0.267605,0.029137,0.037331,6,6,1.0,39.891982,93035456.0
3085,2020,6,2020-06-01,0.740839,0.027602,0.03783,6,6,1.0,41.35194,96006563.0
3085,2020,7,2020-07-01,0.810326,0.034347,0.062881,6,6,1.0,30.447849,99686529.0
3085,2020,8,2020-08-01,0.596425,0.030342,0.073553,6,6,1.0,38.770359,97684078.0
3085,2020,9,2020-09-01,0.393376,0.026757,0.039909,6,6,1.0,34.285716,91237630.0
3085,2021,3,2021-03-01,0.070649,0.029487,0.043212,6,6,1.0,34.844017,94409616.0
3085,2021,4,2021-04-01,0.313083,0.036098,0.038891,6,6,1.0,28.887373,98410821.0
3085,2021,5,2021-05-01,0.294253,0.035715,0.052109,6,6,1.0,26.318903,91970868.0
3085,2021,6,2021-06-01,0.837714,0.028224,0.047897,6,6,1.0,43.449156,95947119.0
3085,2021,7,2021-07-01,0.909999,0.029546,0.0369,6,6,1.0,43.884089,101406324.0
3085,2021,8,2021-08-01,0.59735,0.031745,0.062963,6,6,1.0,30.410012,97445628.0
3085,2021,9,2021-09-01,0.29777,0.03107,0.045252,6,6,1.0,24.490425,90094126.0
3085,2022,3,2022-03-01,0.146901,0.028815,0.015454,6,6,1.0,38.296499,95748274.0
3085,2022,4,2022-04-01,0.324813,0.037465,0.027223,6,6,1.0,28.837093,97595138.0
3085,2022,5,2022-05-01,0.314871,0.032199,0.032062,6,6,1.0,31.302863,92699999.0
3085,2022,6,2022-06-01,0.863809,0.032955,0.069777,6,6,1.0,31.119117,95901303.0
3085,2022,7,2022-07-01,1.027256,0.032864,0.055187,6,6,1.0,34.563521,102035161.0
3085,2022,8,2022-08-01,0.809742,0.028407,0.065917,6,6,1.0,37.574575,98258702.0
3085,2022,9,2022-09-01,0.324216,0.03706,0.028558,6,6,1.0,18.385488,88902747.0
3085,2023,3,2023-03-01,0.102628,0.032397,0.046169,6,6,1.0,29.475873,93671913.0
3085,2023,4,2023-04-01,0.186755,0.030725,0.03979,6,6,1.0,42.597746,98665163.0
3085,2023,5,2023-05-01,0.449884,0.030523,0.038089,6,6,1.0,35.422072,95301562.0
3085,2023,6,2023-06-01,0.807316,0.031567,0.042443,6,6,1.0,34.755026,96444568.0
3085,2023,7,2023-07-01,0.807176,0.039187,0.036044,6,6,1.0,20.767539,101753881.0
3085,2023,8,2023-08-01,0.637156,0.029555,0.012952,6,6,1.0,33.843963,96968132.0
3085,2023,9,2023-09-01,0.391919,0.034412,0.04543,6,6,1.0,20.119325,90239324.0
3085,2024,3,2024-03-01,0.116793,0.033951,0.039641,6,6,1.0,25.897504,86372445.0
3085,2024,4,2024-04-01,0.192842,0.043955,0.071778,6,6,1.0,21.535068,95332509.0
3085,2024,5,2024-05-01,0.389372,0.027674,0.013851,6,6,1.0,40.63149,89883638.0
3085,2024,6,2024-06-01,0.860749,0.033217,0.057315,6,6,1.0,33.292776,84217408.0
3085,2024,7,2024-07-01,0.990717,0.033331,0.070744,6,6,1.0,31.880433,95425695.0
3085,2024,8,2024-08-01,0.679287,0.03115,0.038409,6,6,1.0,34.449592,91425313.0
3085,2024,9,2024-09-01,0.377478,0.02486,0.043222,6,6,1.0,37.03983,85979995.0
3085,2025,3,2025-03-01,0.128672,0.032029,0.029819,6,6,1.0,33.371785,87368194.0
3085,2025,4,2025-04-01,0.23991,0.026501,0.017719,6,6,1.0,47.650713,96861891.0
3085,2025,5,2025-05-01,0.288344,0.030541,0.041612,6,6,1.0,29.384526,89188846.0
3085,2025,6,2025-06-01,0.755915,0.039246,0.075975,6,6,1.0,22.645261,91704495.0
3085,2025,7,2025-07-01,0.968702,0.028957,0.063463,6,6,1.0,41.76694,94751856.0
3085,2025,8,2025-08-01,0.759635,0.028047,0.03108,6,6,1.0,38.88695,94948426.0
3085,2025,9,2025-09-01,0.432947,0.027435,0.035137,6,6,1.0,30.065247,89061648.0
3086,2019,3,2019-03-01,0.060177,0.033083,0.019081,9,9,1.0,25.232312,73511224.0
3086,2019,4,2019-04-01,0.192139,0.026852,0.024451,9,9,1.0,42.393686,74389486.0
3086,2019,5,2019-05-01,0.401522,0.036978,0.04779,9,9,1.0,18.788124,73985614.0
3086,2019,6,2019-06-01,0.81423,0.030806,0.074986,9,9,1.0,36.128298,76811205.0
3086,2019,7,2019-07-01,0.830132,0.033842,0.025655,9,9,1.0,29.676802,76826548.0
3086,2019,8,2019-08-01,0.637277,0.029732,0.05736,9,9,1.0,34.229002,95194713.0
3086,2019,9,2019-09-01,0.318156,0.027922,0.053439,9,9,1.0,31.528899,91974497.0
3086,2020,3,2020-03-01,0.096042,0.03095,0.046082,9,9,1.0,30.610409,94604585.0
3086,2020,4,2020-04-01,0.225224,0.038255,0.056133,9,9,1.0,21.082726,96808107.0
3086,2020,5,2020-05-01,0.265207,0.028599,0.021145,9,9,1.0,37.883326,93035456.0
3086,2020,6,2020-06-01,0.880223,0.028064,0.085663,9,9,1.0,40.787975,96006563.0
3086,2020,7,2020-07-01,0.844571,0.034515,0.049673,9,9,1.0,29.672884,99686529.0
3086,2020,8,2020-08-01,0.705984,0.030802,0.066014,9,9,1.0,37.436155,97684078.0
3086,2020,9,2020-09-01,0.397253,0.026413,0.032524,9,9,1.0,34.65671,91237630.0
3086,2021,3,2021-03-01,0.113665,0.029664,0.041626,9,9,1.0,33.236914,94409616.0
3086,2021,4,2021-04-01,0.31006,0.035738,0.056072,9,9,1.0,25.38093,98410821.0
3086,2021,5,2021-05-01,0.337545,0.035633,0.02137,9,9,1.0,23.900549,91970868.0
3086,2021,6,2021-06-01,0.948617,0.028205,0.100744,9,9,1.0,40.43913,95947119.0
3086,2021,7,2021-07-01,0.978126,0.029508,0.117322,9,9,1.0,43.347325,101406324.0
3086,2021,8,2021-08-01,0.662795,0.031978,0.037659,9,9,1.0,29.726008,97445628.0
3086,2021,9,2021-09-01,0.360399,0.030388,0.0199,9,9,1.0,25.962159,90094126.0
3086,2022,3,2022-03-01,0.114264,0.028175,0.048658,9,9,1.0,35.705912,95748274.0
3086,2022,4,2022-04-01,0.264656,0.037448,0.034124,9,9,1.0,25.488068,97595138.0
3086,2022,5,2022-05-01,0.287418,0.032585,0.059565,9,9,1.0,29.024075,92699999.0
3086,2022,6,2022-06-01,0.880465,0.033023,0.113477,9,9,1.0,30.560486,95901303.0
3086,2022,7,2022-07-01,1.082125,0.033941,0.0627,9,9,1.0,31.39304,102035161.0
3086,2022,8,2022-08-01,0.844112,0.028022,0.061645,9,9,1.0,36.182853,98258702.0
3086,2022,9,2022-09-01,0.387904,0.038011,0.038438,9,9,1.0,17.129668,88902747.0
3086,2023,3,2023-03-01,0.056368,0.032105,0.017795,9,9,1.0,26.574543,93671913.0
3086,2023,4,2023-04-01,0.182617,0.030984,0.034519,9,9,1.0,39.350971,98665163.0
3086,2023,5,2023-05-01,0.537872,0.0313,0.033644,9,9,1.0,31.003638,95301562.0
3086,2023,6,2023-06-01,0.954317,0.031603,0.083215,9,9,1.0,34.76,96444568.0
3086,2023,7,2023-07-01,0.883184,0.041519,0.119089,9,9,1.0,18.509974,101753881.0
3086,2023,8,2023-08-01,0.67243,0.029455,0.061184,9,9,1.0,32.586796,96968132.0
3086,2023,9,2023-09-01,0.372758,0.033079,0.039037,9,9,1.0,21.980358,90239324.0
3086,2024,3,2024-03-01,0.138689,0.032501,0.025654,9,9,1.0,26.602343,86372445.0
3086,2024,4,2024-04-01,0.2267,0.044791,0.068856,9,9,1.0,19.085014,95332509.0
3086,2024,5,2024-05-01,0.458002,0.028183,0.047357,9,9,1.0,37.635644,89883638.0
3086,2024,6,2024-06-01,0.937666,0.033016,0.054192,9,9,1.0,30.653255,84217408.0
3086,2024,7,2024-07-01,1.011211,0.034703,0.040556,9,9,1.0,30.078542,95425695.0
3086,2024,8,2024-08-01,0.764543,0.030542,0.068848,9,9,1.0,32.5145,91425313.0
3086,2024,9,2024-09-01,0.485289,0.025398,0.035828,9,9,1.0,32.975907,85979995.0
3086,2025,3,2025-03-01,0.167696,0.031123,0.05106,9,9,1.0,33.091322,87368194.0
3086,2025,4,2025-04-01,0.214595,0.025205,0.031718,9,9,1.0,45.629935,96861891.0
3086,2025,5,2025-05-01,0.369223,0.031759,0.039724,9,9,1.0,27.244164,89188846.0
3086,2025,6,2025-06-01,0.861857,0.037914,0.05433,9,9,1.0,24.308822,91704495.0
3086,2025,7,2025-07-01,1.07866,0.028132,0.074231,9,9,1.0,43.35429,94751856.0
3086,2025,8,2025-08-01,0.750997,0.028686,0.026522,9,9,1.0,38.256829,94948426.0
3086,2025,9,2025-09-01,0.443326,0.026486,0.059163,9,9,1.0,31.196063,89061648.0
3124,2019,3,2019-03-01,0.195939,0.043501,0.110231,9,9,1.0,7.1455,73511224.0
3124,2019,4,2019-04-01,0.101185,0.023445,0.03868,9,9,1.0,23.0751,74389486.0
3124,2019,5,2019-05-01,0.043783,0.025136,0.058297,9,9,1.0,21.196726,73985614.0
3124,2019,6,2019-06-01,0.410104,0.023115,0.115755,9,9,1.0,26.909693,76811205.0
3124,2019,7,2019-07-01,0.394063,0.022912,0.150323,9,9,1.0,28.894914,76826548.0
3124,2019,8,2019-08-01,0.239379,0.024512,0.125943,9,9,1.0,23.585729,95194713.0
3124,2019,9,2019-09-01,0.237006,0.023358,0.051233,9,9,1.0,20.247714,91974497.0
3124,2020,3,2020-03-01,-0.032072,0.023378,0.042431,9,9,1.0,19.097817,94604585.0
3124,2020,4,2020-04-01,-0.079046,0.02483,0.095359,9,9,1.0,20.300207,96808107.0
3124,2020,5,2020-05-01,0.041494,0.021365,0.054711,9,9,1.0,25.997883,93035456.0
3124,2020,6,2020-06-01,0.485407,0.021487,0.134498,9,9,1.0,29.138619,96006563.0
3124,2020,7,2020-07-01,0.39371,0.026951,0.115072,9,9,1.0,20.268623,99686529.0
3124,2020,8,2020-08-01,0.399861,0.022068,0.076547,9,9,1.0,27.314494,97684078.0
3124,2020,9,2020-09-01,0.301479,0.024251,0.055016,9,9,1.0,19.00457,91237630.0
3124,2021,3,2021-03-01,0.198272,0.036669,0.07729,9,9,1.0,12.661621,94409616.0
3124,2021,4,2021-04-01,0.03904,0.022667,0.041222,9,9,1.0,23.371788,98410821.0
3124,2021,5,2021-05-01,0.101986,0.02396,0.073424,9,9,1.0,22.934703,91970868.0
3124,2021,6,2021-06-01,0.479102,0.023022,0.099095,9,9,1.0,24.546457,95947119.0
3124,2021,7,2021-07-01,0.538596,0.02181,0.119698,9,9,1.0,30.259348,101406324.0
3124,2021,8,2021-08-01,0.375058,0.025891,0.096278,9,9,1.0,19.411845,97445628.0
3124,2021,9,2021-09-01,0.198279,0.02517,0.065247,9,9,1.0,17.377338,90094126.0
3124,2022,3,2022-03-01,0.264739,0.035418,0.102263,9,9,1.0,12.01937,95748274.0
3124,2022,4,2022-04-01,0.210919,0.02956,0.058435,9,9,1.0,18.542613,97595138.0
3124,2022,5,2022-05-01,0.069382,0.021536,0.060841,9,9,1.0,26.250508,92699999.0
3124,2022,6,2022-06-01,0.52303,0.023977,0.154104,9,9,1.0,24.200828,95901303.0
3124,2022,7,2022-07-01,0.45738,0.024985,0.165038,9,9,1.0,28.6386,102035161.0
3124,2022,8,2022-08-01,0.438737,0.023313,0.133572,9,9,1.0,23.249534,98258702.0
3124,2022,9,2022-09-01,0.266133,0.02613,0.036412,9,9,1.0,17.823178,88902747.0
3124,2023,3,2023-03-01,0.338291,0.041936,0.104219,9,9,1.0,11.300102,93671913.0
3124,2023,4,2023-04-01,0.204905,0.029769,0.068993,9,9,1.0,23.457776,98665163.0
3124,2023,5,2023-05-01,0.196274,0.019797,0.064262,9,9,1.0,30.971919,95301562.0
3124,2023,6,2023-06-01,0.482901,0.022494,0.098858,9,9,1.0,28.942167,96444568.0
3124,2023,7,2023-07-01,0.363362,0.024473,0.124178,9,9,1.0,26.323627,101753881.0
3124,2023,8,2023-08-01,0.375625,0.026862,0.100118,9,9,1.0,19.278226,96968132.0
3124,2023,9,2023-09-01,0.252711,0.028363,0.105899,9,9,1.0,13.955137,90239324.0
3124,2024,3,2024-03-01,0.086473,0.031133,0.058968,9,9,1.0,15.260032,86372445.0
3124,2024,4,2024-04-01,-0.001607,0.027839,0.054016,9,9,1.0,17.637576,95332509.0
3124,2024,5,2024-05-01,0.175025,0.019584,0.092064,9,9,1.0,31.838793,89883638.0
3124,2024,6,2024-06-01,0.446187,0.025479,0.197108,9,9,1.0,24.418901,84217408.0
3124,2024,7,2024-07-01,0.372122,0.026123,0.154562,9,9,1.0,25.161954,95425695.0
3124,2024,8,2024-08-01,0.306333,0.025752,0.126064,9,9,1.0,21.50148,91425313.0
3124,2024,9,2024-09-01,0.286445,0.02018,0.115301,9,9,1.0,25.243578,85979995.0
3124,2025,3,2025-03-01,-0.017604,0.026354,0.099377,9,9,1.0,17.008482,87368194.0
3124,2025,4,2025-04-01,0.099636,0.02192,0.018323,9,9,1.0,24.928815,96861891.0
3124,2025,5,2025-05-01,0.050549,0.021676,0.062928,9,9,1.0,27.57722,89188846.0
3124,2025,6,2025-06-01,0.366503,0.025145,0.08981,9,9,1.0,22.942154,91704495.0
3124,2025,7,2025-07-01,0.564186,0.02202,0.132451,9,9,1.0,29.4384,94751856.0
3124,2025,8,2025-08-01,0.429959,0.023948,0.082488,9,9,1.0,24.978172,94948426.0
3124,2025,9,2025-09-01,0.333241,0.022846,0.049622,9,9,1.0,21.217762,89061648.0
3126,2019,3,2019-03-01,0.138329,0.039155,0.078559,9,9,1.0,13.222046,73511224.0
3126,2019,4,2019-04-01,0.099781,0.023175,0.042263,9,9,1.0,37.171538,74389486.0
3126,2019,5,2019-05-01,0.232815,0.028866,0.044379,9,9,1.0,30.111985,73985614.0
3126,2019,6,2019-06-01,0.835783,0.026848,0.175391,9,9,1.0,38.280286,76811205.0
3126,2019,7,2019-07-01,0.900812,0.026611,0.183687,9,9,1.0,42.101523,76826548.0
3126,2019,8,2019-08-01,0.520742,0.027293,0.170909,9,9,1.0,35.757739,95194713.0
3126,2019,9,2019-09-01,0.433097,0.026951,0.104879,9,9,1.0,28.666965,91974497.0
3126,2020,3,2020-03-01,0.031882,0.023282,0.047947,9,9,1.0,30.698832,94604585.0
3126,2020,4,2020-04-01,0.030934,0.026755,0.057377,9,9,1.0,29.535995,96808107.0
3126,2020,5,2020-05-01,0.167063,0.024137,0.063668,9,9,1.0,37.31891,93035456.0
3126,2020,6,2020-06-01,0.946178,0.025408,0.145685,9,9,1.0,45.047736,96006563.0
3126,2020,7,2020-07-01,0.803553,0.032518,0.210225,9,9,1.0,31.204963,99686529.0
3126,2020,8,2020-08-01,0.773901,0.02527,0.126186,9,9,1.0,40.569141,97684078.0
3126,2020,9,2020-09-01,0.472915,0.028297,0.068224,9,9,1.0,24.052766,91237630.0
3126,2021,3,2021-03-01,0.165327,0.033908,0.081726,9,9,1.0,22.561936,94409616.0
3126,2021,4,2021-04-01,0.061091,0.024267,0.062853,9,9,1.0,34.425263,98410821.0
3126,2021,5,2021-05-01,0.236579,0.027902,0.078308,9,9,1.0,30.959992,91970868.0
3126,2021,6,2021-06-01,0.913101,0.027313,0.126379,9,9,1.0,38.092586,95947119.0
3126,2021,7,2021-07-01,1.065473,0.025649,0.187636,9,9,1.0,45.097007,101406324.0
3126,2021,8,2021-08-01,0.649451,0.030088,0.144507,9,9,1.0,27.054668,97445628.0
3126,2021,9,2021-09-01,0.390814,0.026223,0.124948,9,9,1.0,27.749297,90094126.0
3126,2022,3,2022-03-01,0.265237,0.033459,0.109304,9,9,1.0,19.589173,95748274.0
3126,2022,4,2022-04-01,0.196157,0.0315,0.061569,9,9,1.0,28.592699,97595138.0
3126,2022,5,2022-05-01,0.243673,0.024533,0.103532,9,9,1.0,38.518531,92699999.0
3126,2022,6,2022-06-01,1.072754,0.02928,0.205268,9,9,1.0,35.768753,95901303.0
3126,2022,7,2022-07-01,1.054663,0.028952,0.241165,9,9,1.0,37.347538,102035161.0
3126,2022,8,2022-08-01,0.838697,0.026216,0.166166,9,9,1.0,36.108737,98258702.0
3126,2022,9,2022-09-01,0.449612,0.028879,0.077704,9,9,1.0,23.316853,88902747.0
3126,2023,3,2023-03-01,0.249566,0.038653,0.133028,9,9,1.0,18.965128,93671913.0
3126,2023,4,2023-04-01,0.222393,0.02713,0.028488,9,9,1.0,37.705903,98665163.0
3126,2023,5,2023-05-01,0.368787,0.02312,0.097369,9,9,1.0,43.766267,95301562.0
3126,2023,6,2023-06-01,0.888043,0.0262,0.134649,9,9,1.0,46.234283,96444568.0
3126,2023,7,2023-07-01,0.922569,0.029419,0.156802,9,9,1.0,36.670169,101753881.0
3126,2023,8,2023-08-01,0.765701,0.029709,0.143634,9,9,1.0,29.870501,96968132.0
3126,2023,9,2023-09-01,0.575768,0.03011,0.086294,9,9,1.0,21.841167,90239324.0
3126,2024,3,2024-03-01,0.130898,0.030558,0.031059,9,9,1.0,24.767611,86372445.0
3126,2024,4,2024-04-01,0.039517,0.028755,0.029264,9,9,1.0,25.955215,95332509.0
3126,2024,5,2024-05-01,0.349116,0.022205,0.102234,9,9,1.0,45.586651,89883638.0
3126,2024,6,2024-06-01,0.939519,0.030006,0.157896,9,9,1.0,34.03626,84217408.0
3126,2024,7,2024-07-01,0.956217,0.031297,0.148744,9,9,1.0,33.387583,95425695.0
3126,2024,8,2024-08-01,0.666396,0.028745,0.110588,9,9,1.0,33.821511,91425313.0
3126,2024,9,2024-09-01,0.457323,0.022495,0.086613,9,9,1.0,40.302661,85979995.0
3126,2025,3,2025-03-01,0.129959,0.026269,0.033363,9,9,1.0,29.174226,87368194.0
3126,2025,4,2025-04-01,0.171344,0.023238,0.087882,9,9,1.0,39.497908,96861891.0
3126,2025,5,2025-05-01,0.222032,0.025706,0.097037,9,9,1.0,36.547116,89188846.0
3126,2025,6,2025-06-01,0.843158,0.028645,0.196407,9,9,1.0,36.417069,91704495.0
3126,2025,7,2025-07-01,1.118915,0.025968,0.193637,9,9,1.0,43.807093,94751856.0
3126,2025,8,2025-08-01,0.722198,0.026672,0.136168,9,9,1.0,37.258234,94948426.0
3126,2025,9,2025-09-01,0.481576,0.02344,0.081062,9,9,1.0,34.00275,89061648.0
3127,2019,3,2019-03-01,0.161964,0.039212,0.052071,6,6,1.0,14.149364,73511224.0
3127,2019,4,2019-04-01,0.160492,0.023476,0.022065,6,6,1.0,38.43805,74389486.0
3127,2019,5,2019-05-01,0.363613,0.029964,0.088286,6,6,1.0,30.065109,73985614.0
3127,2019,6,2019-06-01,0.989976,0.027565,0.074618,6,6,1.0,41.748254,76811205.0
3127,2019,7,2019-07-01,1.068957,0.027705,0.065347,6,6,1.0,44.697197,76826548.0
3127,2019,8,2019-08-01,0.656666,0.028012,0.048007,6,6,1.0,38.424826,95194713.0
3127,2019,9,2019-09-01,0.543295,0.027388,0.057413,6,6,1.0,29.211771,91974497.0
3127,2020,3,2020-03-01,0.047858,0.023684,0.020373,6,6,1.0,30.622307,94604585.0
3127,2020,4,2020-04-01,0.059037,0.027822,0.027859,6,6,1.0,30.553812,96808107.0
3127,2020,5,2020-05-01,0.273792,0.02583,0.041561,6,6,1.0,35.982455,93035456.0
3127,2020,6,2020-06-01,1.109177,0.026215,0.044691,6,6,1.0,45.356153,96006563.0
3127,2020,7,2020-07-01,1.023021,0.034868,0.09691,6,6,1.0,31.663664,99686529.0
3127,2020,8,2020-08-01,0.854957,0.026145,0.06313,6,6,1.0,41.622344,97684078.0
3127,2020,9,2020-09-01,0.575444,0.0288,0.046085,6,6,1.0,25.587151,91237630.0
3127,2021,3,2021-03-01,0.167209,0.033292,0.035441,6,6,1.0,23.993076,94409616.0
3127,2021,4,2021-04-01,0.15093,0.025195,0.032039,6,6,1.0,35.23457,98410821.0
3127,2021,5,2021-05-01,0.377257,0.028337,0.033385,6,6,1.0,35.510036,91970868.0
3127,2021,6,2021-06-01,1.075469,0.028481,0.068873,6,6,1.0,39.37869,95947119.0
3127,2021,7,2021-07-01,1.232554,0.026416,0.056976,6,6,1.0,49.728663,101406324.0
3127,2021,8,2021-08-01,0.748025,0.030333,0.02889,6,6,1.0,30.132451,97445628.0
3127,2021,9,2021-09-01,0.529466,0.026802,0.070659,6,6,1.0,29.675502,90094126.0
3127,2022,3,2022-03-01,0.204758,0.033223,0.05291,6,6,1.0,21.801441,95748274.0
3127,2022,4,2022-04-01,0.262406,0.032816,0.024088,6,6,1.0,28.976858,97595138.0
3127,2022,5,2022-05-01,0.36412,0.025108,0.050232,6,6,1.0,41.025161,92699999.0
3127,2022,6,2022-06-01,1.237775,0.031107,0.070912,6,6,1.0,35.739726,95901303.0
3127,2022,7,2022-07-01,1.236545,0.030493,0.067168,6,6,1.0,40.075145,102035161.0
3127,2022,8,2022-08-01,0.992636,0.026628,0.041488,6,6,1.0,38.808134,98258702.0
3127,2022,9,2022-09-01,0.52922,0.029126,0.066595,6,6,1.0,22.958489,88902747.0
3127,2023,3,2023-03-01,0.114357,0.035705,0.041828,6,6,1.0,22.272997,93671913.0
3127,2023,4,2023-04-01,0.198033,0.02742,0.018,6,6,1.0,41.957627,98665163.0
3127,2023,5,2023-05-01,0.510354,0.023969,0.039766,6,6,1.0,44.976971,95301562.0
3127,2023,6,2023-06-01,1.070848,0.026542,0.068684,6,6,1.0,47.102285,96444568.0
3127,2023,7,2023-07-01,1.1089,0.031508,0.089097,6,6,1.0,36.081336,101753881.0
3127,2023,8,2023-08-01,0.969526,0.030381,0.05343,6,6,1.0,30.728675,96968132.0
3127,2023,9,2023-09-01,0.66141,0.030427,0.047769,6,6,1.0,24.513508,90239324.0
3127,2024,3,2024-03-01,0.162819,0.031287,0.02347,6,6,1.0,27.375443,86372445.0
3127,2024,4,2024-04-01,0.065359,0.030137,0.036181,6,6,1.0,26.615989,95332509.0
3127,2024,5,2024-05-01,0.467388,0.023365,0.06199,6,6,1.0,47.246143,89883638.0
3127,2024,6,2024-06-01,1.106412,0.031215,0.050209,6,6,1.0,33.939012,84217408.0
3127,2024,7,2024-07-01,1.053889,0.033111,0.064888,6,6,1.0,34.1829,95425695.0
3127,2024,8,2024-08-01,0.822569,0.030386,0.046113,6,6,1.0,33.735802,91425313.0
3127,2024,9,2024-09-01,0.571647,0.022972,0.031397,6,6,1.0,42.760419,85979995.0
3127,2025,3,2025-03-01,0.173073,0.02698,0.023992,6,6,1.0,30.900389,87368194.0
3127,2025,4,2025-04-01,0.23481,0.02372,0.03574,6,6,1.0,42.275212,96861891.0
3127,2025,5,2025-05-01,0.318875,0.026576,0.053041,6,6,1.0,34.719995,89188846.0
3127,2025,6,2025-06-01,1.086291,0.030525,0.045471,6,6,1.0,33.776507,91704495.0
3127,2025,7,2025-07-01,1.33664,0.027229,0.06316,6,6,1.0,42.771611,94751856.0
3127,2025,8,2025-08-01,0.948792,0.028396,0.039965,6,6,1.0,36.681485,94948426.0
3127,2025,9,2025-09-01,0.588317,0.024312,0.053347,6,6,1.0,35.312655,89061648.0
3138,2019,3,2019-03-01,0.182995,0.033864,0.039642,9,9,1.0,21.30324,73511224.0
3138,2019,4,2019-04-01,0.159998,0.023885,0.025952,9,9,1.0,43.118569,74389486.0
3138,2019,5,2019-05-01,0.389385,0.032923,0.023391,9,9,1.0,21.266416,73985614.0
3138,2019,6,2019-06-01,0.974982,0.027728,0.078938,9,9,1.0,43.391892,76811205.0
3138,2019,7,2019-07-01,1.050149,0.029923,0.053118,9,9,1.0,37.916318,76826548.0
3138,2019,8,2019-08-01,0.581542,0.027971,0.055145,9,9,1.0,35.293719,95194713.0
3138,2019,9,2019-09-01,0.414197,0.026695,0.053219,9,9,1.0,29.957491,91974497.0
3138,2020,3,2020-03-01,-0.006012,0.027558,0.030405,9,9,1.0,27.40786,94604585.0
3138,2020,4,2020-04-01,0.182951,0.033933,0.086164,9,9,1.0,22.753882,96808107.0
3138,2020,5,2020-05-01,0.268991,0.029684,0.027782,9,9,1.0,29.353557,93035456.0
3138,2020,6,2020-06-01,1.078867,0.025877,0.060231,9,9,1.0,45.67901,96006563.0
3138,2020,7,2020-07-01,1.113179,0.033474,0.042967,9,9,1.0,31.207082,99686529.0
3138,2020,8,2020-08-01,0.746018,0.027235,0.062719,9,9,1.0,39.849122,97684078.0
3138,2020,9,2020-09-01,0.424826,0.02674,0.047095,9,9,1.0,30.082354,91237630.0
3138,2021,3,2021-03-01,0.113793,0.031309,0.045163,9,9,1.0,25.042619,94409616.0
3138,2021,4,2021-04-01,0.187853,0.028007,0.030033,9,9,1.0,30.415425,98410821.0
3138,2021,5,2021-05-01,0.358989,0.02908,0.031776,9,9,1.0,26.201836,91970868.0
3138,2021,6,2021-06-01,1.147366,0.026926,0.060382,9,9,1.0,42.451334,95947119.0
3138,2021,7,2021-07-01,1.189184,0.025766,0.06959,9,9,1.0,46.325382,101406324.0
3138,2021,8,2021-08-01,0.809196,0.030107,0.042245,9,9,1.0,29.282382,97445628.0
3138,2021,9,2021-09-01,0.418658,0.026402,0.042143,9,9,1.0,30.387621,90094126.0
3138,2022,3,2022-03-01,0.177238,0.028104,0.035446,9,9,1.0,30.56443,95748274.0
3138,2022,4,2022-04-01,0.330731,0.03683,0.065451,9,9,1.0,23.094003,97595138.0
3138,2022,5,2022-05-01,0.315026,0.0293,0.035639,9,9,1.0,29.160411,92699999.0
3138,2022,6,2022-06-01,1.161377,0.03129,0.082918,9,9,1.0,33.064276,95901303.0
3138,2022,7,2022-07-01,1.205803,0.032168,0.087746,9,9,1.0,30.880163,102035161.0
3138,2022,8,2022-08-01,0.947511,0.025836,0.04609,9,9,1.0,35.610476,98258702.0
3138,2022,9,2022-09-01,0.445829,0.02837,0.05794,9,9,1.0,26.41277,88902747.0
3138,2023,3,2023-03-01,0.11787,0.030598,0.033807,9,9,1.0,27.183113,93671913.0
3138,2023,4,2023-04-01,0.198938,0.028181,0.076715,9,9,1.0,40.347359,98665163.0
3138,2023,5,2023-05-01,0.434024,0.025797,0.034479,9,9,1.0,40.955896,95301562.0
3138,2023,6,2023-06-01,1.061744,0.028346,0.05731,9,9,1.0,39.937375,96444568.0
3138,2023,7,2023-07-01,1.122198,0.035015,0.112049,9,9,1.0,27.195979,101753881.0
3138,2023,8,2023-08-01,0.76665,0.028393,0.045348,9,9,1.0,36.846456,96968132.0
3138,2023,9,2023-09-01,0.509509,0.030698,0.054633,9,9,1.0,20.418029,90239324.0
3138,2024,3,2024-03-01,0.129642,0.030698,0.048713,9,9,1.0,25.403691,86372445.0
3138,2024,4,2024-04-01,0.192925,0.033851,0.024468,9,9,1.0,25.780427,95332509.0
3138,2024,5,2024-05-01,0.446274,0.024038,0.036189,9,9,1.0,44.909633,89883638.0
3138,2024,6,2024-06-01,1.130019,0.032022,0.071137,9,9,1.0,29.859266,84217408.0
3138,2024,7,2024-07-01,1.214628,0.033057,0.105729,9,9,1.0,30.111208,95425695.0
3138,2024,8,2024-08-01,0.825893,0.028566,0.033513,9,9,1.0,32.391628,91425313.0
3138,2024,9,2024-09-01,0.496111,0.024088,0.07191,9,9,1.0,35.555267,85979995.0
3138,2025,3,2025-03-01,0.191331,0.029054,0.054559,9,9,1.0,28.673991,87368194.0
3138,2025,4,2025-04-01,0.252099,0.023124,0.04374,9,9,1.0,40.805563,96861891.0
3138,2025,5,2025-05-01,0.318136,0.028965,0.055709,9,9,1.0,27.83466,89188846.0
3138,2025,6,2025-06-01,0.901492,0.032536,0.067806,9,9,1.0,27.896539,91704495.0
3138,2025,7,2025-07-01,1.207719,0.026141,0.120735,9,9,1.0,45.742672,94751856.0
3138,2025,8,2025-08-01,0.796476,0.026266,0.068743,9,9,1.0,39.521868,94948426.0
3138,2025,9,2025-09-01,0.497192,0.023264,0.022909,9,9,1.0,35.07839,89061648.0
3143,2019,3,2019-03-01,0.084468,0.036178,0.023981,9,9,1.0,21.575241,73511224.0
3143,2019,4,2019-04-01,0.185372,0.028035,0.027049,9,9,1.0,42.839403,74389486.0
3143,2019,5,2019-05-01,0.192472,0.039001,0.0465,9,9,1.0,21.098294,73985614.0
3143,2019,6,2019-06-01,0.840399,0.031811,0.044833,9,9,1.0,39.446568,76811205.0
3143,2019,7,2019-07-01,0.881134,0.035461,0.041884,9,9,1.0,31.506554,76826548.0
3143,2019,8,2019-08-01,0.666868,0.031605,0.056745,9,9,1.0,32.83207,95194713.0
3143,2019,9,2019-09-01,0.412909,0.029448,0.062614,9,9,1.0,37.11532,91974497.0
3143,2020,3,2020-03-01,0.08491,0.034353,0.042587,9,9,1.0,27.399972,94604585.0
3143,2020,4,2020-04-01,0.264192,0.045953,0.064249,9,9,1.0,17.120592,96808107.0
3143,2020,5,2020-05-01,0.280913,0.031081,0.033029,9,9,1.0,35.296663,93035456.0
3143,2020,6,2020-06-01,0.955979,0.028453,0.036756,9,9,1.0,43.907724,96006563.0
3143,2020,7,2020-07-01,0.917443,0.034893,0.060954,9,9,1.0,34.685415,99686529.0
3143,2020,8,2020-08-01,0.759407,0.029522,0.069065,9,9,1.0,42.025901,97684078.0
3143,2020,9,2020-09-01,0.380757,0.030955,0.027268,9,9,1.0,28.396108,91237630.0
3143,2021,3,2021-03-01,0.148705,0.033469,0.055773,9,9,1.0,26.173664,94409616.0
3143,2021,4,2021-04-01,0.290198,0.035794,0.03006,9,9,1.0,27.545966,98410821.0
3143,2021,5,2021-05-01,0.288863,0.033196,0.05105,9,9,1.0,27.415133,91970868.0
3143,2021,6,2021-06-01,1.023269,0.029613,0.05103,9,9,1.0,45.68419,95947119.0
3143,2021,7,2021-07-01,1.037475,0.028966,0.053721,9,9,1.0,49.985844,101406324.0
3143,2021,8,2021-08-01,0.736762,0.034613,0.024634,9,9,1.0,30.581644,97445628.0
3143,2021,9,2021-09-01,0.354445,0.031315,0.062619,9,9,1.0,30.161349,90094126.0
3143,2022,3,2022-03-01,0.177404,0.03126,0.03394,9,9,1.0,30.043383,95748274.0
3143,2022,4,2022-04-01,0.348392,0.042214,0.073725,9,9,1.0,19.893425,97595138.0
3143,2022,5,2022-05-01,0.33154,0.032987,0.067525,9,9,1.0,29.707818,92699999.0
3143,2022,6,2022-06-01,1.000827,0.033955,0.074846,9,9,1.0,33.986338,95901303.0
3143,2022,7,2022-07-01,1.167039,0.036305,0.029837,9,9,1.0,28.764111,102035161.0
3143,2022,8,2022-08-01,0.923019,0.030368,0.029024,9,9,1.0,35.438848,98258702.0
3143,2022,9,2022-09-01,0.368691,0.033157,0.040578,9,9,1.0,27.300516,88902747.0
3143,2023,3,2023-03-01,0.04471,0.033627,0.041424,9,9,1.0,27.341015,93671913.0
3143,2023,4,2023-04-01,0.241568,0.032509,0.060621,9,9,1.0,40.655722,98665163.0
3143,2023,5,2023-05-01,0.494091,0.029923,0.057147,9,9,1.0,41.093008,95301562.0
3143,2023,6,2023-06-01,0.994799,0.033074,0.06184,9,9,1.0,34.15255,96444568.0
3143,2023,7,2023-07-01,1.029327,0.041576,0.076785,9,9,1.0,23.328165,101753881.0
3143,2023,8,2023-08-01,0.715633,0.031916,0.046931,9,9,1.0,39.780261,96968132.0
3143,2023,9,2023-09-01,0.488899,0.032087,0.058843,9,9,1.0,23.783935,90239324.0
3143,2024,3,2024-03-01,0.149464,0.032758,0.023737,9,9,1.0,29.885253,86372445.0
3143,2024,4,2024-04-01,0.185469,0.042583,0.062994,9,9,1.0,22.091396,95332509.0
3143,2024,5,2024-05-01,0.449044,0.027184,0.032399,9,9,1.0,42.953186,89883638.0
3143,2024,6,2024-06-01,1.049589,0.036074,0.056472,9,9,1.0,28.524753,84217408.0
3143,2024,7,2024-07-01,0.986708,0.036892,0.028738,9,9,1.0,29.421179,95425695.0
3143,2024,8,2024-08-01,0.781105,0.03548,0.085985,9,9,1.0,27.284854,91425313.0
3143,2024,9,2024-09-01,0.441155,0.025101,0.017282,9,9,1.0,38.205655,85979995.0
3143,2025,3,2025-03-01,0.211685,0.034116,0.070449,9,9,1.0,29.792137,87368194.0
3143,2025,4,2025-04-01,0.186849,0.026697,0.025332,9,9,1.0,46.36433,96861891.0
3143,2025,5,2025-05-01,0.333947,0.03339,0.027526,9,9,1.0,25.941707,89188846.0
3143,2025,6,2025-06-01,0.894722,0.038318,0.108405,9,9,1.0,26.130157,91704495.0
3143,2025,7,2025-07-01,1.094007,0.02987,0.032622,9,9,1.0,42.733457,94751856.0
3143,2025,8,2025-08-01,0.734337,0.030442,0.085587,9,9,1.0,36.982187,94948426.0
3143,2025,9,2025-09-01,0.496991,0.025617,0.043162,9,9,1.0,34.361311,89061648.0
3144,2019,3,2019-03-01,0.032797,0.03972,0.047385,9,9,1.0,21.649367,73511224.0
3144,2019,4,2019-04-01,0.205105,0.028667,0.033807,9,9,1.0,43.45392,74389486.0
3144,2019,5,2019-05-01,0.237675,0.040796,0.072985,9,9,1.0,19.260592,73985614.0
3144,2019,6,2019-06-01,0.806208,0.03118,0.101427,9,9,1.0,38.673163,76811205.0
3144,2019,7,2019-07-01,0.909603,0.036038,0.10632,9,9,1.0,30.781628,76826548.0
3144,2019,8,2019-08-01,0.719757,0.030736,0.115225,9,9,1.0,33.455676,95194713.0
3144,2019,9,2019-09-01,0.380782,0.029715,0.061151,9,9,1.0,32.829737,91974497.0
3144,2020,3,2020-03-01,0.049942,0.034345,0.055415,9,9,1.0,28.592216,94604585.0
3144,2020,4,2020-04-01,0.161857,0.044848,0.032597,9,9,1.0,19.070868,96808107.0
3144,2020,5,2020-05-01,0.23298,0.031418,0.088402,9,9,1.0,36.118926,93035456.0
3144,2020,6,2020-06-01,0.980458,0.029259,0.042291,9,9,1.0,42.634525,96006563.0
3144,2020,7,2020-07-01,0.867682,0.036255,0.06377,9,9,1.0,32.593342,99686529.0
3144,2020,8,2020-08-01,0.69468,0.03011,0.094622,9,9,1.0,39.334966,97684078.0
3144,2020,9,2020-09-01,0.377668,0.029788,0.038389,9,9,1.0,29.871401,91237630.0
3144,2021,3,2021-03-01,0.09813,0.034244,0.019331,9,9,1.0,28.153673,94409616.0
3144,2021,4,2021-04-01,0.256845,0.035907,0.036631,9,9,1.0,28.066288,98410821.0
3144,2021,5,2021-05-01,0.302159,0.034056,0.034667,9,9,1.0,25.557338,91970868.0
3144,2021,6,2021-06-01,0.99969,0.029351,0.08188,9,9,1.0,45.833568,95947119.0
3144,2021,7,2021-07-01,1.024275,0.029404,0.077276,9,9,1.0,47.727646,101406324.0
3144,2021,8,2021-08-01,0.641484,0.034853,0.097772,9,9,1.0,28.896241,97445628.0
3144,2021,9,2021-09-01,0.325094,0.030412,0.038522,9,9,1.0,28.064202,90094126.0
3144,2022,3,2022-03-01,0.153547,0.033565,0.033762,9,9,1.0,30.388316,95748274.0
3144,2022,4,2022-04-01,0.2598,0.045402,0.057328,9,9,1.0,17.452749,97595138.0
3144,2022,5,2022-05-01,0.230683,0.033781,0.042671,9,9,1.0,27.139447,92699999.0
3144,2022,6,2022-06-01,0.988437,0.033892,0.096128,9,9,1.0,33.229446,95901303.0
3144,2022,7,2022-07-01,1.03887,0.036686,0.09971,9,9,1.0,28.53103,102035161.0
3144,2022,8,2022-08-01,0.855849,0.031469,0.079463,9,9,1.0,32.70224,98258702.0
3144,2022,9,2022-09-01,0.294988,0.034363,0.024205,9,9,1.0,21.75618,88902747.0
3144,2023,3,2023-03-01,0.078602,0.03612,0.06578,9,9,1.0,26.455454,93671913.0
3144,2023,4,2023-04-01,0.209724,0.034904,0.059,9,9,1.0,38.278055,98665163.0
3144,2023,5,2023-05-01,0.499233,0.029757,0.019423,9,9,1.0,41.229533,95301562.0
3144,2023,6,2023-06-01,0.981285,0.031752,0.055934,9,9,1.0,37.675001,96444568.0
3144,2023,7,2023-07-01,0.947089,0.041048,0.071547,9,9,1.0,24.100928,101753881.0
3144,2023,8,2023-08-01,0.750755,0.031774,0.023166,9,9,1.0,35.238157,96968132.0
3144,2023,9,2023-09-01,0.429007,0.034974,0.041653,9,9,1.0,20.908469,90239324.0
3144,2024,3,2024-03-01,0.135794,0.036025,0.038152,9,9,1.0,28.228843,86372445.0
3144,2024,4,2024-04-01,0.162571,0.045681,0.048811,9,9,1.0,21.384282,95332509.0
3144,2024,5,2024-05-01,0.436918,0.027346,0.020162,9,9,1.0,44.078946,89883638.0
3144,2024,6,2024-06-01,0.995645,0.037943,0.06989,9,9,1.0,26.983376,84217408.0
3144,2024,7,2024-07-01,1.035258,0.038127,0.052836,9,9,1.0,27.992988,95425695.0
3144,2024,8,2024-08-01,0.821511,0.03421,0.064383,9,9,1.0,27.430765,91425313.0
3144,2024,9,2024-09-01,0.485095,0.025931,0.036405,9,9,1.0,36.959371,85979995.0
3144,2025,3,2025-03-01,0.150922,0.036194,0.058525,9,9,1.0,27.29355,87368194.0
3144,2025,4,2025-04-01,0.196158,0.02763,0.046248,9,9,1.0,42.126166,96861891.0
3144,2025,5,2025-05-01,0.283553,0.033274,0.049982,9,9,1.0,25.939328,89188846.0
3144,2025,6,2025-06-01,0.882236,0.038918,0.075042,9,9,1.0,26.655409,91704495.0
3144,2025,7,2025-07-01,1.068615,0.029563,0.118347,9,9,1.0,44.777695,94751856.0
3144,2025,8,2025-08-01,0.757283,0.029674,0.057814,9,9,1.0,40.073411,94948426.0
3144,2025,9,2025-09-01,0.453738,0.025728,0.013316,9,9,1.0,37.474742,89061648.0
3151,2019,3,2019-03-01,-0.050004,0.031187,0.06447,9,9,1.0,26.536211,73511224.0
3151,2019,4,2019-04-01,0.192511,0.024462,0.043298,9,9,1.0,43.109645,74389486.0
3151,2019,5,2019-05-01,0.292375,0.036835,0.040458,9,9,1.0,16.539968,73985614.0
3151,2019,6,2019-06-01,0.682772,0.027804,0.039965,9,9,1.0,41.584812,76811205.0
3151,2019,7,2019-07-01,0.757831,0.032497,0.044183,9,9,1.0,29.860499,76826548.0
3151,2019,8,2019-08-01,0.56974,0.027188,0.025083,9,9,1.0,35.119224,95194713.0
3151,2019,9,2019-09-01,0.337622,0.02506,0.036923,9,9,1.0,33.759627,91974497.0
3151,2020,3,2020-03-01,0.052738,0.028543,0.095283,9,9,1.0,30.747761,94604585.0
3151,2020,4,2020-04-01,0.184845,0.034577,0.067266,9,9,1.0,22.645454,96808107.0
3151,2020,5,2020-05-01,0.268931,0.026391,0.020281,9,9,1.0,39.557645,93035456.0
3151,2020,6,2020-06-01,0.799766,0.025767,0.041511,9,9,1.0,40.233387,96006563.0
3151,2020,7,2020-07-01,0.732238,0.032045,0.045868,9,9,1.0,30.846278,99686529.0
3151,2020,8,2020-08-01,0.620597,0.027446,0.050197,9,9,1.0,38.443476,97684078.0
3151,2020,9,2020-09-01,0.367596,0.02433,0.034812,9,9,1.0,33.722568,91237630.0
3151,2021,3,2021-03-01,0.052622,0.026768,0.066584,9,9,1.0,34.788825,94409616.0
3151,2021,4,2021-04-01,0.268984,0.032125,0.059218,9,9,1.0,29.221648,98410821.0
3151,2021,5,2021-05-01,0.285293,0.032807,0.056944,9,9,1.0,24.751305,91970868.0
3151,2021,6,2021-06-01,0.852377,0.026001,0.034037,9,9,1.0,44.493731,95947119.0
3151,2021,7,2021-07-01,0.931428,0.027458,0.066598,9,9,1.0,42.618455,101406324.0
3151,2021,8,2021-08-01,0.572341,0.030176,0.037327,9,9,1.0,30.026916,97445628.0
3151,2021,9,2021-09-01,0.324173,0.028365,0.024929,9,9,1.0,26.018657,90094126.0
3151,2022,3,2022-03-01,0.110779,0.02607,0.028961,9,9,1.0,37.650994,95748274.0
3151,2022,4,2022-04-01,0.222739,0.033123,0.069009,9,9,1.0,27.348059,97595138.0
3151,2022,5,2022-05-01,0.26965,0.030548,0.042819,9,9,1.0,29.617882,92699999.0
3151,2022,6,2022-06-01,0.848526,0.029726,0.033446,9,9,1.0,31.957366,95901303.0
3151,2022,7,2022-07-01,0.96931,0.029756,0.055853,9,9,1.0,35.406986,102035161.0
3151,2022,8,2022-08-01,0.805811,0.026345,0.020612,9,9,1.0,36.427289,98258702.0
3151,2022,9,2022-09-01,0.28922,0.032923,0.046321,9,9,1.0,20.54559,88902747.0
3151,2023,3,2023-03-01,0.043334,0.029884,0.028244,9,9,1.0,28.229655,93671913.0
3151,2023,4,2023-04-01,0.164362,0.028027,0.065376,9,9,1.0,41.454263,98665163.0
3151,2023,5,2023-05-01,0.394467,0.028577,0.045732,9,9,1.0,33.87034,95301562.0
3151,2023,6,2023-06-01,0.864634,0.030691,0.034526,9,9,1.0,30.442408,96444568.0
3151,2023,7,2023-07-01,0.856798,0.036933,0.038247,9,9,1.0,20.662113,101753881.0
3151,2023,8,2023-08-01,0.592011,0.027111,0.038513,9,9,1.0,34.882399,96968132.0
3151,2023,9,2023-09-01,0.390954,0.031749,0.051811,9,9,1.0,19.92643,90239324.0
3151,2024,3,2024-03-01,0.138293,0.031553,0.038345,9,9,1.0,25.625036,86372445.0
3151,2024,4,2024-04-01,0.262864,0.04276,0.044005,9,9,1.0,18.938563,95332509.0
3151,2024,5,2024-05-01,0.379225,0.02567,0.022917,9,9,1.0,40.225034,89883638.0
3151,2024,6,2024-06-01,0.906501,0.029962,0.065709,9,9,1.0,30.461409,84217408.0
3151,2024,7,2024-07-01,0.91958,0.031479,0.075552,9,9,1.0,30.208697,95425695.0
3151,2024,8,2024-08-01,0.696896,0.027755,0.037476,9,9,1.0,33.657765,91425313.0
3151,2024,9,2024-09-01,0.387252,0.022848,0.047188,9,9,1.0,35.900434,85979995.0
3151,2025,3,2025-03-01,0.174405,0.028532,0.036176,9,9,1.0,34.16218,87368194.0
3151,2025,4,2025-04-01,0.214961,0.02393,0.009313,9,9,1.0,47.106236,96861891.0
3151,2025,5,2025-05-01,0.296447,0.028524,0.034915,9,9,1.0,30.192628,89188846.0
3151,2025,6,2025-06-01,0.768314,0.036963,0.0515,9,9,1.0,21.344746,91704495.0
3151,2025,7,2025-07-01,0.934897,0.026371,0.042072,9,9,1.0,42.584974,94751856.0
3151,2025,8,2025-08-01,0.751782,0.026824,0.040158,9,9,1.0,35.604029,94948426.0
3151,2025,9,2025-09-01,0.448313,0.024799,0.043539,9,9,1.0,30.905792,89061648.0
3193,2019,3,2019-03-01,0.171739,0.048593,0.086772,9,9,1.0,8.790151,73511224.0
3193,2019,4,2019-04-01,0.118907,0.024376,0.027045,9,9,1.0,26.22508,74389486.0
3193,2019,5,2019-05-01,0.283999,0.029702,0.059056,9,9,1.0,23.930009,73985614.0
3193,2019,6,2019-06-01,0.845446,0.02698,0.152657,9,9,1.0,30.94928,76811205.0
3193,2019,7,2019-07-01,1.002677,0.028001,0.140172,9,9,1.0,33.329604,76826548.0
3193,2019,8,2019-08-01,0.490401,0.027182,0.093603,9,9,1.0,28.63343,95194713.0
3193,2019,9,2019-09-01,0.433006,0.028241,0.072125,9,9,1.0,19.424777,91974497.0
3193,2020,3,2020-03-01,0.00929,0.024944,0.038245,9,9,1.0,21.101091,94604585.0
3193,2020,4,2020-04-01,-0.015231,0.027997,0.038196,9,9,1.0,20.20671,96808107.0
3193,2020,5,2020-05-01,0.214943,0.025124,0.02092,9,9,1.0,25.18705,93035456.0
3193,2020,6,2020-06-01,0.954745,0.026108,0.171335,9,9,1.0,30.988316,96006563.0
3193,2020,7,2020-07-01,0.922538,0.033184,0.126324,9,9,1.0,22.373625,99686529.0
3193,2020,8,2020-08-01,0.77392,0.026183,0.139038,9,9,1.0,30.621534,97684078.0
3193,2020,9,2020-09-01,0.448567,0.027407,0.08448,9,9,1.0,23.550651,91237630.0
3193,2021,3,2021-03-01,0.124116,0.041016,0.126041,9,9,1.0,13.823526,94409616.0
3193,2021,4,2021-04-01,0.077646,0.024358,0.041355,9,9,1.0,26.3078,98410821.0
3193,2021,5,2021-05-01,0.246969,0.028173,0.111914,9,9,1.0,24.361335,91970868.0
3193,2021,6,2021-06-01,0.954813,0.027726,0.171983,9,9,1.0,29.59453,95947119.0
3193,2021,7,2021-07-01,1.169756,0.026117,0.173247,9,9,1.0,35.480178,101406324.0
3193,2021,8,2021-08-01,0.708318,0.029756,0.093542,9,9,1.0,22.915996,97445628.0
3193,2021,9,2021-09-01,0.439617,0.027332,0.081531,9,9,1.0,20.459383,90094126.0
3193,2022,3,2022-03-01,0.276646,0.039718,0.111165,9,9,1.0,10.366754,95748274.0
3193,2022,4,2022-04-01,0.271455,0.034283,0.103307,9,9,1.0,20.451668,97595138.0
3193,2022,5,2022-05-01,0.261256,0.026876,0.099917,9,9,1.0,28.010446,92699999.0
3193,2022,6,2022-06-01,1.069078,0.03074,0.155864,9,9,1.0,25.883776,95901303.0
3193,2022,7,2022-07-01,1.072162,0.031991,0.11921,9,9,1.0,27.745114,102035161.0
3193,2022,8,2022-08-01,0.798864,0.03023,0.159906,9,9,1.0,26.794615,98258702.0
3193,2022,9,2022-09-01,0.506437,0.031951,0.062058,9,9,1.0,16.115898,88902747.0
3193,2023,3,2023-03-01,0.227039,0.043331,0.114529,9,9,1.0,12.166274,93671913.0
3193,2023,4,2023-04-01,0.186415,0.030948,0.034153,9,9,1.0,27.976151,98665163.0
3193,2023,5,2023-05-01,0.344217,0.024981,0.11704,9,9,1.0,28.585237,95301562.0
3193,2023,6,2023-06-01,0.879061,0.027851,0.140222,9,9,1.0,30.549086,96444568.0
3193,2023,7,2023-07-01,0.983683,0.03105,0.192421,9,9,1.0,26.445547,101753881.0
3193,2023,8,2023-08-01,0.755494,0.029975,0.112856,9,9,1.0,23.814178,96968132.0
3193,2023,9,2023-09-01,0.564786,0.031932,0.057008,9,9,1.0,17.539017,90239324.0
3193,2024,3,2024-03-01,0.15644,0.035705,0.072178,9,9,1.0,18.128343,86372445.0
3193,2024,4,2024-04-01,0.05704,0.032134,0.024892,9,9,1.0,17.646773,95332509.0
3193,2024,5,2024-05-01,0.297017,0.024042,0.132222,9,9,1.0,34.61053,89883638.0
3193,2024,6,2024-06-01,0.900266,0.031093,0.198007,9,9,1.0,25.907495,84217408.0
3193,2024,7,2024-07-01,1.025665,0.032073,0.142913,9,9,1.0,25.195063,95425695.0
3193,2024,8,2024-08-01,0.632533,0.030031,0.188066,9,9,1.0,25.323419,91425313.0
3193,2024,9,2024-09-01,0.507949,0.024247,0.097724,9,9,1.0,29.134643,85979995.0
3193,2025,3,2025-03-01,0.145674,0.030796,0.074259,9,9,1.0,21.137936,87368194.0
3193,2025,4,2025-04-01,0.126412,0.024839,0.037362,9,9,1.0,27.57567,96861891.0
3193,2025,5,2025-05-01,0.200392,0.02721,0.05592,9,9,1.0,24.887272,89188846.0
3193,2025,6,2025-06-01,0.79847,0.031856,0.168403,9,9,1.0,23.750951,91704495.0
3193,2025,7,2025-07-01,1.101086,0.027766,0.242859,9,9,1.0,31.451116,94751856.0
3193,2025,8,2025-08-01,0.792701,0.02962,0.135436,9,9,1.0,26.220066,94948426.0
3193,2025,9,2025-09-01,0.479127,0.025419,0.121969,9,9,1.0,24.429278,89061648.0
3205,2019,3,2019-03-01,0.127569,0.032744,0.062276,9,9,1.0,23.529434,73511224.0
3205,2019,4,2019-04-01,0.164228,0.02299,0.023205,9,9,1.0,44.111972,74389486.0
3205,2019,5,2019-05-01,0.339043,0.032791,0.046988,9,9,1.0,20.911641,73985614.0
3205,2019,6,2019-06-01,1.001756,0.027779,0.057013,9,9,1.0,40.070436,76811205.0
3205,2019,7,2019-07-01,1.045875,0.02903,0.04763,9,9,1.0,37.885303,76826548.0
3205,2019,8,2019-08-01,0.751591,0.026961,0.058599,9,9,1.0,37.003731,95194713.0
3205,2019,9,2019-09-01,0.475289,0.025509,0.022841,9,9,1.0,30.515279,91974497.0
3205,2020,3,2020-03-01,-0.001766,0.026701,0.036568,9,9,1.0,28.302489,94604585.0
3205,2020,4,2020-04-01,0.061418,0.033713,0.039423,9,9,1.0,20.943163,96808107.0
3205,2020,5,2020-05-01,0.254693,0.028884,0.062243,9,9,1.0,30.415695,93035456.0
3205,2020,6,2020-06-01,1.063073,0.025623,0.062502,9,9,1.0,45.11278,96006563.0
3205,2020,7,2020-07-01,1.161547,0.033331,0.109141,9,9,1.0,29.075826,99686529.0
3205,2020,8,2020-08-01,0.793907,0.025851,0.024788,9,9,1.0,38.937511,97684078.0
3205,2020,9,2020-09-01,0.422974,0.025251,0.05449,9,9,1.0,32.457353,91237630.0
3205,2021,3,2021-03-01,0.111749,0.031899,0.049049,9,9,1.0,25.262047,94409616.0
3205,2021,4,2021-04-01,0.169825,0.027141,0.016362,9,9,1.0,31.246551,98410821.0
3205,2021,5,2021-05-01,0.308092,0.029665,0.046582,9,9,1.0,25.525528,91970868.0
3205,2021,6,2021-06-01,1.163464,0.026616,0.068323,9,9,1.0,42.097453,95947119.0
3205,2021,7,2021-07-01,1.202982,0.025503,0.07225,9,9,1.0,45.912481,101406324.0
3205,2021,8,2021-08-01,0.776084,0.02885,0.036878,9,9,1.0,30.524009,97445628.0
3205,2021,9,2021-09-01,0.365618,0.026345,0.02654,9,9,1.0,30.610242,90094126.0
3205,2022,3,2022-03-01,0.082984,0.029767,0.066153,9,9,1.0,28.38306,95748274.0
3205,2022,4,2022-04-01,0.270533,0.037709,0.056346,9,9,1.0,21.119622,97595138.0
3205,2022,5,2022-05-01,0.273674,0.02904,0.044088,9,9,1.0,27.867324,92699999.0
3205,2022,6,2022-06-01,1.233406,0.03025,0.130064,9,9,1.0,34.362355,95901303.0
3205,2022,7,2022-07-01,1.260158,0.030713,0.07506,9,9,1.0,33.011787,102035161.0
3205,2022,8,2022-08-01,0.968506,0.025113,0.070188,9,9,1.0,36.312941,98258702.0
3205,2022,9,2022-09-01,0.402231,0.027957,0.066827,9,9,1.0,24.583832,88902747.0
3205,2023,3,2023-03-01,0.087666,0.030495,0.038581,9,9,1.0,28.058955,93671913.0
3205,2023,4,2023-04-01,0.144973,0.028475,0.042271,9,9,1.0,39.595001,98665163.0
3205,2023,5,2023-05-01,0.455359,0.024523,0.022202,9,9,1.0,40.129,95301562.0
3205,2023,6,2023-06-01,1.09537,0.027212,0.060861,9,9,1.0,40.02652,96444568.0
3205,2023,7,2023-07-01,1.153523,0.034706,0.090505,9,9,1.0,26.311103,101753881.0
3205,2023,8,2023-08-01,0.833094,0.027039,0.014447,9,9,1.0,37.79967,96968132.0
3205,2023,9,2023-09-01,0.477859,0.029002,0.055665,9,9,1.0,22.11745,90239324.0
3205,2024,3,2024-03-01,0.144712,0.03063,0.055488,9,9,1.0,24.3726,86372445.0
3205,2024,4,2024-04-01,0.156009,0.034777,0.024491,9,9,1.0,23.614003,95332509.0
3205,2024,5,2024-05-01,0.42435,0.022962,0.027826,9,9,1.0,45.677103,89883638.0
3205,2024,6,2024-06-01,1.167052,0.031389,0.097917,9,9,1.0,29.321872,84217408.0
3205,2024,7,2024-07-01,1.088443,0.032943,0.071436,9,9,1.0,29.921339,95425695.0
3205,2024,8,2024-08-01,0.846532,0.028549,0.065632,9,9,1.0,31.504349,91425313.0
3205,2024,9,2024-09-01,0.562594,0.022885,0.02941,9,9,1.0,35.847685,85979995.0
3205,2025,3,2025-03-01,0.13502,0.029804,0.033222,9,9,1.0,26.848773,87368194.0
3205,2025,4,2025-04-01,0.19889,0.022567,0.037047,9,9,1.0,39.828827,96861891.0
3205,2025,5,2025-05-01,0.329773,0.03003,0.039417,9,9,1.0,26.374963,89188846.0
3205,2025,6,2025-06-01,0.930415,0.033281,0.070438,9,9,1.0,27.812609,91704495.0
3205,2025,7,2025-07-01,1.153761,0.025957,0.115536,9,9,1.0,49.231746,94751856.0
3205,2025,8,2025-08-01,0.807958,0.026154,0.057453,9,9,1.0,39.528717,94948426.0
3205,2025,9,2025-09-01,0.516791,0.022083,0.021733,9,9,1.0,37.681348,89061648.0
3259,2019,3,2019-03-01,0.019079,0.057123,0.108371,9,9,1.0,4.92165,73511224.0
3259,2019,4,2019-04-01,0.130735,0.029726,0.071621,9,9,1.0,16.654699,74389486.0
3259,2019,5,2019-05-01,0.280857,0.030857,0.064543,9,9,1.0,16.668589,73985614.0
3259,2019,6,2019-06-01,0.394754,0.02775,0.222391,9,9,1.0,22.06761,76811205.0
3259,2019,7,2019-07-01,0.552364,0.028688,0.193722,9,9,1.0,21.776442,76826548.0
3259,2019,8,2019-08-01,0.242963,0.028504,0.136726,9,9,1.0,19.358521,95194713.0
3259,2019,9,2019-09-01,0.330643,0.028905,0.056104,9,9,1.0,13.824799,91974497.0
3259,2020,3,2020-03-01,-0.079753,0.027522,0.045336,9,9,1.0,12.521934,94604585.0
3259,2020,4,2020-04-01,-0.044552,0.027052,0.043609,9,9,1.0,14.214396,96808107.0
3259,2020,5,2020-05-01,0.009297,0.027513,0.134191,9,9,1.0,14.261056,93035456.0
3259,2020,6,2020-06-01,0.495787,0.025853,0.186505,9,9,1.0,20.235932,96006563.0
3259,2020,7,2020-07-01,0.500363,0.033949,0.260666,9,9,1.0,16.140548,99686529.0
3259,2020,8,2020-08-01,0.381051,0.028836,0.231676,9,9,1.0,20.938316,97684078.0
3259,2020,9,2020-09-01,0.267744,0.029,0.148885,9,9,1.0,15.061646,91237630.0
3259,2021,3,2021-03-01,0.08767,0.045753,0.083204,9,9,1.0,8.950025,94409616.0
3259,2021,4,2021-04-01,-0.010131,0.028768,0.044195,9,9,1.0,16.777799,98410821.0
3259,2021,5,2021-05-01,0.045389,0.029513,0.178399,9,9,1.0,17.552509,91970868.0
3259,2021,6,2021-06-01,0.504311,0.027787,0.23389,9,9,1.0,19.243518,95947119.0
3259,2021,7,2021-07-01,0.646446,0.027532,0.310936,9,9,1.0,22.451387,101406324.0
3259,2021,8,2021-08-01,0.421345,0.032771,0.15889,9,9,1.0,15.221555,97445628.0
3259,2021,9,2021-09-01,0.210906,0.030853,0.09544,9,9,1.0,13.876231,90094126.0
3259,2022,3,2022-03-01,0.307646,0.04963,0.108378,9,9,1.0,7.102944,95748274.0
3259,2022,4,2022-04-01,0.260244,0.039538,0.135876,9,9,1.0,12.609356,97595138.0
3259,2022,5,2022-05-01,0.126828,0.030502,0.06338,9,9,1.0,19.411509,92699999.0
3259,2022,6,2022-06-01,0.613432,0.029713,0.283259,9,9,1.0,17.409639,95901303.0
3259,2022,7,2022-07-01,0.696938,0.031399,0.22407,9,9,1.0,20.131444,102035161.0
3259,2022,8,2022-08-01,0.465807,0.034098,0.176082,9,9,1.0,17.613426,98258702.0
3259,2022,9,2022-09-01,0.247877,0.03583,0.175996,9,9,1.0,10.885714,88902747.0
3259,2023,3,2023-03-01,0.102799,0.049808,0.197362,9,9,1.0,6.72095,93671913.0
3259,2023,4,2023-04-01,0.10878,0.035431,0.20364,9,9,1.0,19.633417,98665163.0
3259,2023,5,2023-05-01,0.167991,0.024311,0.104642,9,9,1.0,19.496456,95301562.0
3259,2023,6,2023-06-01,0.478801,0.028785,0.233792,9,9,1.0,18.726839,96444568.0
3259,2023,7,2023-07-01,0.301374,0.032287,0.341562,9,9,1.0,17.632842,101753881.0
3259,2023,8,2023-08-01,0.409791,0.030649,0.18507,9,9,1.0,16.189393,96968132.0
3259,2023,9,2023-09-01,0.334488,0.030033,0.131579,9,9,1.0,12.085369,90239324.0
3259,2024,3,2024-03-01,0.046992,0.038957,0.048113,9,9,1.0,11.965397,86372445.0
3259,2024,4,2024-04-01,-0.078274,0.034213,0.095995,9,9,1.0,11.561547,95332509.0
3259,2024,5,2024-05-01,0.095564,0.023741,0.102026,9,9,1.0,24.285288,89883638.0
3259,2024,6,2024-06-01,0.511863,0.030334,0.234127,9,9,1.0,17.859392,84217408.0
3259,2024,7,2024-07-01,0.535321,0.031138,0.293177,9,9,1.0,17.546406,95425695.0
3259,2024,8,2024-08-01,0.333031,0.029851,0.169273,9,9,1.0,16.514399,91425313.0
3259,2024,9,2024-09-01,0.331751,0.025404,0.109295,9,9,1.0,18.991005,85979995.0
3259,2025,3,2025-03-01,0.043127,0.038256,0.088817,9,9,1.0,14.67399,87368194.0
3259,2025,4,2025-04-01,0.054359,0.026105,0.043023,9,9,1.0,19.328885,96861891.0
3259,2025,5,2025-05-01,0.070128,0.027262,0.067201,9,9,1.0,16.828769,89188846.0
3259,2025,6,2025-06-01,0.397334,0.029705,0.203807,9,9,1.0,16.641107,91704495.0
3259,2025,7,2025-07-01,0.682868,0.026268,0.276191,9,9,1.0,23.714406,94751856.0
3259,2025,8,2025-08-01,0.398926,0.030611,0.231134,9,9,1.0,18.993453,94948426.0
3259,2025,9,2025-09-01,0.26857,0.02952,0.10443,9,9,1.0,14.840155,89061648.0
3267,2019,3,2019-03-01,0.063355,0.035123,0.050655,9,9,1.0,21.003043,73511224.0
3267,2019,4,2019-04-01,0.165995,0.023027,0.041751,9,9,1.0,40.971212,74389486.0
3267,2019,5,2019-05-01,0.335161,0.031391,0.036792,9,9,1.0,23.965742,73985614.0
3267,2019,6,2019-06-01,1.011157,0.027155,0.027297,9,9,1.0,46.420219,76811205.0
3267,2019,7,2019-07-01,1.107225,0.029724,0.047475,9,9,1.0,40.574808,76826548.0
3267,2019,8,2019-08-01,0.6787,0.028846,0.046681,9,9,1.0,34.630743,95194713.0
3267,2019,9,2019-09-01,0.402876,0.026401,0.01798,9,9,1.0,35.357969,91974497.0
3267,2020,3,2020-03-01,0.037261,0.027488,0.033966,9,9,1.0,27.267942,94604585.0
3267,2020,4,2020-04-01,0.082802,0.030085,0.053919,9,9,1.0,24.725911,96808107.0
3267,2020,5,2020-05-01,0.252151,0.028124,0.045802,9,9,1.0,30.728289,93035456.0
3267,2020,6,2020-06-01,1.003113,0.025728,0.045723,9,9,1.0,43.339468,96006563.0
3267,2020,7,2020-07-01,1.034292,0.03548,0.037721,9,9,1.0,25.867519,99686529.0
3267,2020,8,2020-08-01,0.871394,0.027007,0.056496,9,9,1.0,36.950196,97684078.0
3267,2020,9,2020-09-01,0.427229,0.025824,0.025686,9,9,1.0,32.296478,91237630.0
3267,2021,3,2021-03-01,0.18679,0.030834,0.03187,9,9,1.0,26.342524,94409616.0
3267,2021,4,2021-04-01,0.121333,0.029915,0.041255,9,9,1.0,26.99402,98410821.0
3267,2021,5,2021-05-01,0.336604,0.030259,0.033987,9,9,1.0,27.213265,91970868.0
3267,2021,6,2021-06-01,1.104972,0.027712,0.047215,9,9,1.0,39.444454,95947119.0
3267,2021,7,2021-07-01,1.215729,0.025751,0.041578,9,9,1.0,48.020588,101406324.0
3267,2021,8,2021-08-01,0.799324,0.030359,0.053421,9,9,1.0,30.112973,97445628.0
3267,2021,9,2021-09-01,0.375334,0.027244,0.028368,9,9,1.0,33.245915,90094126.0
3267,2022,3,2022-03-01,0.234544,0.029384,0.051653,9,9,1.0,27.144354,95748274.0
3267,2022,4,2022-04-01,0.279805,0.035091,0.090849,9,9,1.0,24.058308,97595138.0
3267,2022,5,2022-05-01,0.313151,0.028675,0.04408,9,9,1.0,31.704233,92699999.0
3267,2022,6,2022-06-01,1.070092,0.031809,0.057102,9,9,1.0,35.304577,95901303.0
3267,2022,7,2022-07-01,1.156286,0.032846,0.094391,9,9,1.0,31.65201,102035161.0
3267,2022,8,2022-08-01,0.888506,0.025584,0.046682,9,9,1.0,38.416271,98258702.0
3267,2022,9,2022-09-01,0.413238,0.029674,0.031044,9,9,1.0,24.542046,88902747.0
3267,2023,3,2023-03-01,0.148698,0.031621,0.035431,9,9,1.0,26.299427,93671913.0
3267,2023,4,2023-04-01,0.196985,0.029331,0.044147,9,9,1.0,36.989201,98665163.0
3267,2023,5,2023-05-01,0.403806,0.025583,0.02919,9,9,1.0,36.600477,95301562.0
3267,2023,6,2023-06-01,0.958843,0.02806,0.037241,9,9,1.0,40.472712,96444568.0
3267,2023,7,2023-07-01,1.092822,0.035182,0.078243,9,9,1.0,25.203445,101753881.0
3267,2023,8,2023-08-01,0.814041,0.028833,0.036942,9,9,1.0,35.685652,96968132.0
3267,2023,9,2023-09-01,0.443346,0.025955,0.042444,9,9,1.0,24.917264,90239324.0
3267,2024,3,2024-03-01,0.159781,0.032232,0.038888,9,9,1.0,23.400279,86372445.0
3267,2024,4,2024-04-01,0.187803,0.037146,0.034865,9,9,1.0,20.716346,95332509.0
3267,2024,5,2024-05-01,0.497408,0.024215,0.028173,9,9,1.0,44.094825,89883638.0
3267,2024,6,2024-06-01,1.110988,0.032469,0.035661,9,9,1.0,29.9007,84217408.0
3267,2024,7,2024-07-01,1.193323,0.032664,0.084097,9,9,1.0,29.584535,95425695.0
3267,2024,8,2024-08-01,0.808988,0.028841,0.038271,9,9,1.0,30.893985,91425313.0
3267,2024,9,2024-09-01,0.507624,0.022423,0.022421,9,9,1.0,38.344715,85979995.0
3267,2025,3,2025-03-01,0.222809,0.029332,0.029155,9,9,1.0,29.619841,87368194.0
3267,2025,4,2025-04-01,0.220341,0.023925,0.037686,9,9,1.0,38.181772,96861891.0
3267,2025,5,2025-05-01,0.260205,0.028097,0.061485,9,9,1.0,32.00672,89188846.0
3267,2025,6,2025-06-01,0.865614,0.032363,0.091134,9,9,1.0,30.028884,91704495.0
3267,2025,7,2025-07-01,1.228567,0.026018,0.077018,9,9,1.0,44.088915,94751856.0
3267,2025,8,2025-08-01,0.845859,0.027025,0.052407,9,9,1.0,37.65588,94948426.0
3267,2025,9,2025-09-01,0.504261,0.023583,0.025793,9,9,1.0,33.771441,89061648.0
3281,2019,3,2019-03-01,0.029138,0.030761,0.052672,9,9,1.0,25.859125,73511224.0
3281,2019,4,2019-04-01,0.192812,0.022823,0.031131,9,9,1.0,45.136465,74389486.0
3281,2019,5,2019-05-01,0.180631,0.033357,0.046951,9,9,1.0,19.632586,73985614.0
3281,2019,6,2019-06-01,0.631698,0.026457,0.056713,9,9,1.0,42.348241,76811205.0
3281,2019,7,2019-07-01,0.66377,0.028949,0.063893,9,9,1.0,35.229766,76826548.0
3281,2019,8,2019-08-01,0.486412,0.026469,0.059919,9,9,1.0,33.129835,95194713.0
3281,2019,9,2019-09-01,0.251706,0.02381,0.020982,9,9,1.0,36.48039,91974497.0
3281,2020,3,2020-03-01,0.097618,0.026752,0.043782,9,9,1.0,32.810792,94604585.0
3281,2020,4,2020-04-01,0.161548,0.032662,0.052217,9,9,1.0,24.40434,96808107.0
3281,2020,5,2020-05-01,0.226496,0.026434,0.02378,9,9,1.0,38.265999,93035456.0
3281,2020,6,2020-06-01,0.771978,0.024104,0.055957,9,9,1.0,45.100274,96006563.0
3281,2020,7,2020-07-01,0.749554,0.031652,0.075813,9,9,1.0,29.85291,99686529.0
3281,2020,8,2020-08-01,0.624161,0.025854,0.041024,9,9,1.0,41.654667,97684078.0
3281,2020,9,2020-09-01,0.348592,0.024824,0.031883,9,9,1.0,32.546913,91237630.0
3281,2021,3,2021-03-01,0.1508,0.026605,0.049539,9,9,1.0,34.923214,94409616.0
3281,2021,4,2021-04-01,0.208206,0.0293,0.025981,9,9,1.0,31.37425,98410821.0
3281,2021,5,2021-05-01,0.258371,0.03111,0.043493,9,9,1.0,25.857197,91970868.0
3281,2021,6,2021-06-01,0.824684,0.024892,0.060051,9,9,1.0,43.471417,95947119.0
3281,2021,7,2021-07-01,0.906747,0.025044,0.067378,9,9,1.0,47.815311,101406324.0
3281,2021,8,2021-08-01,0.59257,0.027658,0.058626,9,9,1.0,32.283305,97445628.0
3281,2021,9,2021-09-01,0.342374,0.02628,0.027667,9,9,1.0,29.351435,90094126.0
3281,2022,3,2022-03-01,0.13512,0.025334,0.0351,9,9,1.0,37.094207,95748274.0
3281,2022,4,2022-04-01,0.259251,0.031394,0.049417,9,9,1.0,27.183634,97595138.0
3281,2022,5,2022-05-01,0.317934,0.027718,0.048651,9,9,1.0,30.037348,92699999.0
3281,2022,6,2022-06-01,0.852148,0.030137,0.066479,9,9,1.0,29.610881,95901303.0
3281,2022,7,2022-07-01,0.858923,0.029896,0.065014,9,9,1.0,30.160797,102035161.0
3281,2022,8,2022-08-01,0.685791,0.025922,0.050734,9,9,1.0,35.256497,98258702.0
3281,2022,9,2022-09-01,0.26532,0.030836,0.044655,9,9,1.0,21.097978,88902747.0
3281,2023,3,2023-03-01,0.044524,0.028092,0.04125,9,9,1.0,30.642199,93671913.0
3281,2023,4,2023-04-01,0.224126,0.026394,0.074167,9,9,1.0,41.095975,98665163.0
3281,2023,5,2023-05-01,0.427954,0.026825,0.051709,9,9,1.0,37.022261,95301562.0
3281,2023,6,2023-06-01,0.756202,0.029127,0.045795,9,9,1.0,31.837304,96444568.0
3281,2023,7,2023-07-01,0.859221,0.035425,0.073786,9,9,1.0,19.756793,101753881.0
3281,2023,8,2023-08-01,0.530491,0.025978,0.030425,9,9,1.0,37.900633,96968132.0
3281,2023,9,2023-09-01,0.368807,0.030141,0.040324,9,9,1.0,23.036205,90239324.0
3281,2024,3,2024-03-01,0.096069,0.029429,0.023587,9,9,1.0,28.829882,86372445.0
3281,2024,4,2024-04-01,0.12567,0.035843,0.044499,9,9,1.0,24.13099,95332509.0
3281,2024,5,2024-05-01,0.386257,0.023878,0.033003,9,9,1.0,44.876201,89883638.0
3281,2024,6,2024-06-01,0.84152,0.029239,0.077303,9,9,1.0,33.729599,84217408.0
3281,2024,7,2024-07-01,0.806373,0.03126,0.042611,9,9,1.0,29.986861,95425695.0
3281,2024,8,2024-08-01,0.68542,0.027261,0.056732,9,9,1.0,33.425401,91425313.0
3281,2024,9,2024-09-01,0.418111,0.021464,0.042065,9,9,1.0,37.436308,85979995.0
3281,2025,3,2025-03-01,0.164209,0.027793,0.035273,9,9,1.0,29.173392,87368194.0
3281,2025,4,2025-04-01,0.188167,0.022566,0.034861,9,9,1.0,50.230492,96861891.0
3281,2025,5,2025-05-01,0.250913,0.029023,0.065959,9,9,1.0,25.034314,89188846.0
3281,2025,6,2025-06-01,0.573607,0.034421,0.065119,9,9,1.0,23.378466,91704495.0
3281,2025,7,2025-07-01,0.846579,0.025558,0.061465,9,9,1.0,42.47021,94751856.0
3281,2025,8,2025-08-01,0.7072,0.026015,0.073076,9,9,1.0,37.021246,94948426.0
3281,2025,9,2025-09-01,0.419321,0.023163,0.035287,9,9,1.0,33.81906,89061648.0
3325,2019,3,2019-03-01,0.277505,0.163025,0.216272,11,7,0.87012,1.155367,73511224.0
3325,2019,4,2019-04-01,-0.042172,0.055978,0.100787,11,7,0.87012,3.703688,74389486.0
3325,2019,5,2019-05-01,0.244574,0.062119,0.072661,11,8,0.870583,3.14432,73985614.0
3325,2019,6,2019-06-01,0.10366,0.050375,0.1167,11,7,0.87012,5.014522,76811205.0
3325,2019,7,2019-07-01,0.246974,0.056635,0.172545,11,7,0.87012,3.248523,76826548.0
3325,2019,8,2019-08-01,-0.004467,0.07142,0.162914,11,6,0.867487,3.507136,95194713.0
3325,2019,9,2019-09-01,0.230975,0.072266,0.039187,11,7,0.938358,2.35805,91974497.0
3325,2020,3,2020-03-01,-0.082916,0.046732,0.021244,11,5,0.332467,4.133279,94604585.0
3325,2020,4,2020-04-01,-0.114066,0.067257,0.110493,11,7,0.87012,2.972043,96808107.0
3325,2020,5,2020-05-01,-0.108875,0.086185,0.068433,11,7,0.87012,1.254637,93035456.0
3325,2020,6,2020-06-01,0.147185,0.081548,0.180345,11,7,0.87012,3.62442,96006563.0
3325,2020,7,2020-07-01,0.094667,0.088757,0.061989,11,7,0.87012,3.565303,99686529.0
3325,2020,8,2020-08-01,-0.1294,0.06847,0.168227,11,7,0.87012,4.346541,97684078.0
3325,2020,9,2020-09-01,-0.318449,0.099392,0.293086,11,7,0.87012,1.78954,91237630.0
3325,2021,3,2021-03-01,0.199986,0.108799,0.267884,11,6,0.867487,1.907555,94409616.0
3325,2021,4,2021-04-01,0.037136,0.067134,0.119049,11,7,0.87012,3.550502,98410821.0
3325,2021,5,2021-05-01,-0.24564,0.062596,0.087995,11,7,0.87012,3.962575,91970868.0
3325,2021,6,2021-06-01,-0.027387,0.056235,0.185065,11,7,0.87012,2.989473,95947119.0
3325,2021,7,2021-07-01,0.139511,0.055491,0.23546,11,7,0.87012,4.286805,101406324.0
3325,2021,8,2021-08-01,0.143461,0.061546,0.126019,11,7,0.87012,2.261785,97445628.0
3325,2021,9,2021-09-01,0.120922,0.063903,0.085132,11,7,0.87012,2.205024,90094126.0
3325,2022,3,2022-03-01,-0.079339,0.12757,0.206631,11,6,0.867487,1.659366,95748274.0
3325,2022,4,2022-04-01,-0.190237,0.091928,0.238496,11,7,0.87012,2.082578,97595138.0
3325,2022,5,2022-05-01,-0.069215,0.075785,0.120272,11,7,0.87012,3.376447,92699999.0
3325,2022,6,2022-06-01,0.175567,0.082705,0.101258,11,7,0.87012,2.813205,95901303.0
3325,2022,7,2022-07-01,0.241597,0.052699,0.134604,11,7,0.87012,4.231899,102035161.0
3325,2022,8,2022-08-01,0.026303,0.088579,0.225681,11,7,0.87012,2.539408,98258702.0
3325,2022,9,2022-09-01,0.034897,0.066769,0.102817,11,7,0.87012,2.133428,88902747.0
3325,2023,3,2023-03-01,-0.463192,0.091169,0.20363,11,7,0.87012,1.998554,93671913.0
3325,2023,4,2023-04-01,-0.45944,0.060178,0.298191,11,8,0.870583,5.403963,98665163.0
3325,2023,5,2023-05-01,-0.05558,0.075484,0.084806,11,7,0.87012,3.41383,95301562.0
3325,2023,6,2023-06-01,-0.158192,0.074809,0.303153,11,7,0.87012,2.838862,96444568.0
3325,2023,7,2023-07-01,-0.263151,0.075816,0.324358,11,7,0.87012,3.067643,101753881.0
3325,2023,8,2023-08-01,0.202244,0.069816,0.090596,11,8,0.870583,4.024684,96968132.0
3325,2023,9,2023-09-01,-0.231799,0.084246,0.331781,11,7,0.87012,1.663908,90239324.0
3325,2024,3,2024-03-01,-0.320801,0.064958,0.261958,11,7,0.87012,2.567093,86372445.0
3325,2024,4,2024-04-01,-0.20007,0.065489,0.0529,11,7,0.87012,2.91518,95332509.0
3325,2024,5,2024-05-01,0.15699,0.060322,0.094609,11,7,0.87012,4.627697,89883638.0
3325,2024,6,2024-06-01,-0.153796,0.056264,0.314375,11,7,0.87012,3.826351,84217408.0
3325,2024,7,2024-07-01,0.105383,0.050486,0.09967,11,7,0.87012,4.349149,95425695.0
3325,2024,8,2024-08-01,0.100728,0.066794,0.083194,11,7,0.87012,2.479825,91425313.0
3325,2024,9,2024-09-01,-0.009259,0.065361,0.180414,11,7,0.87012,3.9493,85979995.0
3325,2025,3,2025-03-01,-0.079985,0.069009,0.06147,11,6,0.867487,3.537677,87368194.0
3325,2025,4,2025-04-01,0.027082,0.064378,0.028306,11,7,0.87012,3.414283,96861891.0
3325,2025,5,2025-05-01,0.123926,0.084691,0.097884,11,6,0.867487,3.104615,89188846.0
3325,2025,6,2025-06-01,0.210295,0.052993,0.086477,11,7,0.87012,3.148649,91704495.0
3325,2025,7,2025-07-01,0.219713,0.064773,0.115268,11,7,0.87012,3.880183,94751856.0
3325,2025,8,2025-08-01,-0.053575,0.072219,0.184144,11,8,0.870583,4.530763,94948426.0
3325,2025,9,2025-09-01,0.296108,0.101106,0.146175,11,7,0.87012,2.337831,89061648.0
3331,2019,3,2019-03-01,0.193401,0.037137,0.03557,9,9,1.0,18.560267,73511224.0
3331,2019,4,2019-04-01,0.198253,0.022467,0.036559,9,9,1.0,42.997535,74389486.0
3331,2019,5,2019-05-01,0.281268,0.031415,0.048692,9,9,1.0,28.84421,73985614.0
3331,2019,6,2019-06-01,1.038328,0.026018,0.041288,9,9,1.0,47.839644,76811205.0
3331,2019,7,2019-07-01,1.009737,0.028442,0.047288,9,9,1.0,44.567511,76826548.0
3331,2019,8,2019-08-01,0.677711,0.028277,0.060759,9,9,1.0,35.31405,95194713.0
3331,2019,9,2019-09-01,0.457305,0.027239,0.023824,9,9,1.0,33.944802,91974497.0
3331,2020,3,2020-03-01,0.090407,0.026204,0.039682,9,9,1.0,28.760484,94604585.0
3331,2020,4,2020-04-01,0.122182,0.029396,0.055972,9,9,1.0,25.513021,96808107.0
3331,2020,5,2020-05-01,0.233482,0.02708,0.025187,9,9,1.0,33.578148,93035456.0
3331,2020,6,2020-06-01,1.009757,0.026728,0.043051,9,9,1.0,44.558654,96006563.0
3331,2020,7,2020-07-01,1.038071,0.034496,0.023495,9,9,1.0,28.293423,99686529.0
3331,2020,8,2020-08-01,0.871669,0.02728,0.034337,9,9,1.0,40.602235,97684078.0
3331,2020,9,2020-09-01,0.454331,0.027207,0.033082,9,9,1.0,30.527003,91237630.0
3331,2021,3,2021-03-01,0.230973,0.033232,0.043988,9,9,1.0,23.341264,94409616.0
3331,2021,4,2021-04-01,0.208752,0.028581,0.047873,9,9,1.0,30.813014,98410821.0
3331,2021,5,2021-05-01,0.344321,0.030294,0.03976,9,9,1.0,29.812242,91970868.0
3331,2021,6,2021-06-01,1.043274,0.0273,0.023386,9,9,1.0,43.243217,95947119.0
3331,2021,7,2021-07-01,1.168791,0.025799,0.024859,9,9,1.0,51.601821,101406324.0
3331,2021,8,2021-08-01,0.79515,0.029527,0.048356,9,9,1.0,29.906716,97445628.0
3331,2021,9,2021-09-01,0.387544,0.026234,0.036594,9,9,1.0,34.706325,90094126.0
3331,2022,3,2022-03-01,0.230879,0.031245,0.03832,9,9,1.0,24.96425,95748274.0
3331,2022,4,2022-04-01,0.300928,0.03263,0.058192,9,9,1.0,27.368431,97595138.0
3331,2022,5,2022-05-01,0.313985,0.028013,0.022862,9,9,1.0,35.22555,92699999.0
3331,2022,6,2022-06-01,1.070239,0.030846,0.037531,9,9,1.0,35.050156,95901303.0
3331,2022,7,2022-07-01,1.118274,0.031793,0.050192,9,9,1.0,35.368008,102035161.0
3331,2022,8,2022-08-01,0.873466,0.026211,0.039721,9,9,1.0,40.716603,98258702.0
3331,2022,9,2022-09-01,0.45833,0.029751,0.031813,9,9,1.0,22.70944,88902747.0
3331,2023,3,2023-03-01,0.165363,0.032388,0.052886,9,9,1.0,24.260234,93671913.0
3331,2023,4,2023-04-01,0.21282,0.02757,0.031269,9,9,1.0,38.920766,98665163.0
3331,2023,5,2023-05-01,0.451466,0.024372,0.02672,9,9,1.0,46.238209,95301562.0
3331,2023,6,2023-06-01,0.930883,0.027958,0.018854,9,9,1.0,44.697155,96444568.0
3331,2023,7,2023-07-01,1.015182,0.035908,0.073318,9,9,1.0,29.676449,101753881.0
3331,2023,8,2023-08-01,0.842546,0.028127,0.041454,9,9,1.0,37.562111,96968132.0
3331,2023,9,2023-09-01,0.489838,0.029101,0.039351,9,9,1.0,22.983108,90239324.0
3331,2024,3,2024-03-01,0.213084,0.030527,0.03568,9,9,1.0,25.016305,86372445.0
3331,2024,4,2024-04-01,0.142906,0.033576,0.051463,9,9,1.0,24.537274,95332509.0
3331,2024,5,2024-05-01,0.442042,0.023601,0.033021,9,9,1.0,47.927072,89883638.0
3331,2024,6,2024-06-01,1.168689,0.031819,0.042951,9,9,1.0,28.566608,84217408.0
3331,2024,7,2024-07-01,1.108402,0.03265,0.033629,9,9,1.0,30.459521,95425695.0
3331,2024,8,2024-08-01,0.831082,0.02828,0.04013,9,9,1.0,35.582543,91425313.0
3331,2024,9,2024-09-01,0.494605,0.023681,0.029175,9,9,1.0,38.364418,85979995.0
3331,2025,3,2025-03-01,0.196369,0.028743,0.022075,9,9,1.0,31.509085,87368194.0
3331,2025,4,2025-04-01,0.260673,0.023654,0.027382,9,9,1.0,42.333325,96861891.0
3331,2025,5,2025-05-01,0.313387,0.026855,0.046686,9,9,1.0,36.646511,89188846.0
3331,2025,6,2025-06-01,0.883742,0.033171,0.025631,9,9,1.0,31.316244,91704495.0
3331,2025,7,2025-07-01,1.252903,0.026258,0.058147,9,9,1.0,46.624814,94751856.0
3331,2025,8,2025-08-01,0.835661,0.027735,0.046937,9,9,1.0,32.817246,94948426.0
3331,2025,9,2025-09-01,0.496163,0.024025,0.043533,9,9,1.0,37.425474,89061648.0
3336,2019,3,2019-03-01,0.089047,0.037387,0.05813,8,8,1.0,21.605298,73511224.0
3336,2019,4,2019-04-01,0.166478,0.024547,0.013108,8,8,1.0,44.635316,74389486.0
3336,2019,5,2019-05-01,0.42567,0.035473,0.027238,8,8,1.0,21.52502,73985614.0
3336,2019,6,2019-06-01,0.991922,0.028206,0.048443,8,8,1.0,44.505521,76811205.0
3336,2019,7,2019-07-01,1.115558,0.031324,0.027887,8,8,1.0,35.942394,76826548.0
3336,2019,8,2019-08-01,0.7145,0.028873,0.032962,8,8,1.0,36.901293,95194713.0
3336,2019,9,2019-09-01,0.48083,0.027391,0.034154,8,8,1.0,31.785782,91974497.0
3336,2020,3,2020-03-01,-0.024577,0.028945,0.021419,8,8,1.0,29.577653,94604585.0
3336,2020,4,2020-04-01,0.031517,0.033723,0.034797,8,8,1.0,22.796271,96808107.0
3336,2020,5,2020-05-01,0.278691,0.028379,0.033588,8,8,1.0,36.465008,93035456.0
3336,2020,6,2020-06-01,1.078247,0.026962,0.041335,8,8,1.0,47.152287,96006563.0
3336,2020,7,2020-07-01,1.262005,0.037495,0.07951,8,8,1.0,25.579671,99686529.0
3336,2020,8,2020-08-01,0.958281,0.028259,0.06586,8,8,1.0,40.781064,97684078.0
3336,2020,9,2020-09-01,0.442443,0.027737,0.032836,8,8,1.0,30.057157,91237630.0
3336,2021,3,2021-03-01,0.053346,0.035635,0.042521,8,8,1.0,24.25909,94409616.0
3336,2021,4,2021-04-01,0.136846,0.028582,0.048013,8,8,1.0,33.053939,98410821.0
3336,2021,5,2021-05-01,0.356222,0.03023,0.044608,8,8,1.0,28.964718,91970868.0
3336,2021,6,2021-06-01,1.221684,0.028032,0.082681,8,8,1.0,44.082588,95947119.0
3336,2021,7,2021-07-01,1.301805,0.027289,0.047648,8,8,1.0,47.300439,101406324.0
3336,2021,8,2021-08-01,0.795587,0.030875,0.018719,8,8,1.0,29.302294,97445628.0
3336,2021,9,2021-09-01,0.437647,0.028226,0.016823,8,8,1.0,30.841792,90094126.0
3336,2022,3,2022-03-01,0.148985,0.032422,0.063382,8,8,1.0,29.066765,95748274.0
3336,2022,4,2022-04-01,0.16324,0.04063,0.074595,8,8,1.0,20.878983,97595138.0
3336,2022,5,2022-05-01,0.32294,0.030115,0.048715,8,8,1.0,32.515991,92699999.0
3336,2022,6,2022-06-01,1.218207,0.032205,0.071852,8,8,1.0,33.783896,95901303.0
3336,2022,7,2022-07-01,1.258327,0.03285,0.056303,8,8,1.0,34.262525,102035161.0
3336,2022,8,2022-08-01,0.962557,0.02685,0.031809,8,8,1.0,40.412515,98258702.0
3336,2022,9,2022-09-01,0.441744,0.031681,0.034283,8,8,1.0,23.037573,88902747.0
3336,2023,3,2023-03-01,0.045497,0.035556,0.042396,8,8,1.0,24.590223,93671913.0
3336,2023,4,2023-04-01,0.154017,0.030705,0.05089,8,8,1.0,41.425098,98665163.0
3336,2023,5,2023-05-01,0.454092,0.025939,0.034406,8,8,1.0,42.8369,95301562.0
3336,2023,6,2023-06-01,1.092272,0.029716,0.02525,8,8,1.0,42.246977,96444568.0
3336,2023,7,2023-07-01,1.222503,0.037343,0.072532,8,8,1.0,26.481306,101753881.0
3336,2023,8,2023-08-01,0.900361,0.029189,0.050959,8,8,1.0,36.473128,96968132.0
3336,2023,9,2023-09-01,0.485797,0.02846,0.025652,8,8,1.0,27.230091,90239324.0
3336,2024,3,2024-03-01,0.089874,0.033684,0.033715,8,8,1.0,27.648522,86372445.0
3336,2024,4,2024-04-01,0.150056,0.038921,0.070293,8,8,1.0,22.220721,95332509.0
3336,2024,5,2024-05-01,0.454192,0.024282,0.041998,8,8,1.0,47.996991,89883638.0
3336,2024,6,2024-06-01,1.207229,0.033247,0.082232,8,8,1.0,30.213574,84217408.0
3336,2024,7,2024-07-01,1.224981,0.034772,0.115071,8,8,1.0,31.083083,95425695.0
3336,2024,8,2024-08-01,0.906076,0.030913,0.066404,8,8,1.0,31.835902,91425313.0
3336,2024,9,2024-09-01,0.548944,0.024297,0.037893,8,8,1.0,36.523368,85979995.0
3336,2025,3,2025-03-01,0.179699,0.03145,0.034378,8,8,1.0,29.127929,87368194.0
3336,2025,4,2025-04-01,0.221971,0.024454,0.022009,8,8,1.0,42.7054,96861891.0
3336,2025,5,2025-05-01,0.265824,0.030243,0.037017,8,8,1.0,31.409491,89188846.0
3336,2025,6,2025-06-01,0.975207,0.035546,0.074817,8,8,1.0,26.27173,91704495.0
3336,2025,7,2025-07-01,1.301984,0.027647,0.093318,8,8,1.0,49.337792,94751856.0
3336,2025,8,2025-08-01,0.835298,0.027917,0.061522,8,8,1.0,40.514201,94948426.0
3336,2025,9,2025-09-01,0.499819,0.024044,0.020242,8,8,1.0,37.878154,89061648.0
3343,2019,3,2019-03-01,0.026984,0.039083,0.053112,9,9,1.0,18.545966,73511224.0
3343,2019,4,2019-04-01,0.140092,0.027335,0.039519,9,9,1.0,33.6018,74389486.0
3343,2019,5,2019-05-01,0.208353,0.035921,0.05692,9,9,1.0,19.36451,73985614.0
3343,2019,6,2019-06-01,0.595885,0.029115,0.150173,9,9,1.0,34.36287,76811205.0
3343,2019,7,2019-07-01,0.764627,0.031871,0.091106,9,9,1.0,26.465138,76826548.0
3343,2019,8,2019-08-01,0.464984,0.031789,0.115008,9,9,1.0,24.033281,95194713.0
3343,2019,9,2019-09-01,0.252271,0.026939,0.055248,9,9,1.0,26.725869,91974497.0
3343,2020,3,2020-03-01,0.092502,0.034326,0.04076,9,9,1.0,23.594595,94604585.0
3343,2020,4,2020-04-01,0.129864,0.043848,0.076746,9,9,1.0,17.321115,96808107.0
3343,2020,5,2020-05-01,0.107441,0.030741,0.064147,9,9,1.0,25.902476,93035456.0
3343,2020,6,2020-06-01,0.731113,0.02583,0.144155,9,9,1.0,37.81719,96006563.0
3343,2020,7,2020-07-01,0.799213,0.037537,0.112754,9,9,1.0,19.664642,99686529.0
3343,2020,8,2020-08-01,0.579933,0.028706,0.108849,9,9,1.0,31.228163,97684078.0
3343,2020,9,2020-09-01,0.286824,0.029058,0.085887,9,9,1.0,24.245266,91237630.0
3343,2021,3,2021-03-01,0.188379,0.035261,0.066778,9,9,1.0,23.851987,94409616.0
3343,2021,4,2021-04-01,0.210751,0.034279,0.025142,9,9,1.0,26.493797,98410821.0
3343,2021,5,2021-05-01,0.154717,0.031621,0.077358,9,9,1.0,22.801462,91970868.0
3343,2021,6,2021-06-01,0.812323,0.028069,0.075277,9,9,1.0,35.074452,95947119.0
3343,2021,7,2021-07-01,0.921379,0.027856,0.124385,9,9,1.0,37.008748,101406324.0
3343,2021,8,2021-08-01,0.601824,0.031133,0.081151,9,9,1.0,25.074862,97445628.0
3343,2021,9,2021-09-01,0.263786,0.030304,0.114236,9,9,1.0,22.318514,90094126.0
3343,2022,3,2022-03-01,0.144514,0.034377,0.089532,9,9,1.0,27.3292,95748274.0
3343,2022,4,2022-04-01,0.24949,0.052008,0.046636,9,9,1.0,13.37485,97595138.0
3343,2022,5,2022-05-01,0.202515,0.033547,0.056505,9,9,1.0,20.867604,92699999.0
3343,2022,6,2022-06-01,0.82419,0.032186,0.135951,9,9,1.0,25.962351,95901303.0
3343,2022,7,2022-07-01,0.804299,0.033517,0.194068,9,9,1.0,26.38982,102035161.0
3343,2022,8,2022-08-01,0.752938,0.030414,0.097391,9,9,1.0,25.437728,98258702.0
3343,2022,9,2022-09-01,0.327257,0.031626,0.055253,9,9,1.0,18.91746,88902747.0
3343,2023,3,2023-03-01,0.105191,0.038803,0.097668,9,9,1.0,21.123474,93671913.0
3343,2023,4,2023-04-01,0.271377,0.038081,0.081288,9,9,1.0,28.656219,98665163.0
3343,2023,5,2023-05-01,0.349691,0.02981,0.064159,9,9,1.0,32.359426,95301562.0
3343,2023,6,2023-06-01,0.789863,0.030233,0.153715,9,9,1.0,30.271377,96444568.0
3343,2023,7,2023-07-01,0.794321,0.036512,0.081577,9,9,1.0,20.655574,101753881.0
3343,2023,8,2023-08-01,0.512057,0.028846,0.069977,9,9,1.0,30.907826,96968132.0
3343,2023,9,2023-09-01,0.330401,0.032866,0.069497,9,9,1.0,16.588441,90239324.0
3343,2024,3,2024-03-01,0.122532,0.038087,0.045332,9,9,1.0,21.838114,86372445.0
3343,2024,4,2024-04-01,0.234673,0.043922,0.094055,9,9,1.0,19.256071,95332509.0
3343,2024,5,2024-05-01,0.326812,0.026905,0.040656,9,9,1.0,33.211582,89883638.0
3343,2024,6,2024-06-01,0.84461,0.035706,0.203061,9,9,1.0,22.91157,84217408.0
3343,2024,7,2024-07-01,0.778778,0.034649,0.174478,9,9,1.0,25.242645,95425695.0
3343,2024,8,2024-08-01,0.588098,0.031249,0.145112,9,9,1.0,24.725784,91425313.0
3343,2024,9,2024-09-01,0.287153,0.024663,0.1,9,9,1.0,32.339403,85979995.0
3343,2025,3,2025-03-01,0.194498,0.035503,0.049978,9,9,1.0,24.299336,87368194.0
3343,2025,4,2025-04-01,0.137892,0.025294,0.052083,9,9,1.0,36.736358,96861891.0
3343,2025,5,2025-05-01,0.119601,0.028819,0.055762,9,9,1.0,26.644231,89188846.0
3343,2025,6,2025-06-01,0.715844,0.034546,0.139802,9,9,1.0,22.368328,91704495.0
3343,2025,7,2025-07-01,0.831038,0.027523,0.135849,9,9,1.0,36.869862,94751856.0
3343,2025,8,2025-08-01,0.626862,0.028573,0.113974,9,9,1.0,27.843102,94948426.0
3343,2025,9,2025-09-01,0.33498,0.024845,0.079498,9,9,1.0,28.925443,89061648.0
3393,2019,3,2019-03-01,0.221216,0.051476,0.086054,11,10,0.998888,7.146707,73511224.0
3393,2019,4,2019-04-01,0.082455,0.027102,0.06479,11,11,1.0,24.743659,74389486.0
3393,2019,5,2019-05-01,0.08642,0.032008,0.094705,11,10,0.998888,20.716121,73985614.0
3393,2019,6,2019-06-01,0.48499,0.026403,0.209587,11,10,0.998888,31.296649,76811205.0
3393,2019,7,2019-07-01,0.6187,0.027649,0.190657,11,10,0.998888,30.167971,76826548.0
3393,2019,8,2019-08-01,0.315369,0.029526,0.137405,11,10,0.998888,23.112271,95194713.0
3393,2019,9,2019-09-01,0.23253,0.028544,0.098947,11,10,0.998888,21.056359,91974497.0
3393,2020,3,2020-03-01,-0.066069,0.030152,0.061621,11,10,0.998888,16.802041,94604585.0
3393,2020,4,2020-04-01,-0.058843,0.030298,0.069061,11,10,0.998888,19.754209,96808107.0
3393,2020,5,2020-05-01,-0.009265,0.025245,0.069707,11,10,0.998888,25.444693,93035456.0
3393,2020,6,2020-06-01,0.621623,0.027713,0.212847,11,11,1.0,31.312804,96006563.0
3393,2020,7,2020-07-01,0.62181,0.034734,0.23693,11,10,0.998888,18.911871,99686529.0
3393,2020,8,2020-08-01,0.443464,0.026617,0.231591,11,10,0.998888,28.971379,97684078.0
3393,2020,9,2020-09-01,0.358543,0.029615,0.082151,11,10,0.998888,18.802682,91237630.0
3393,2021,3,2021-03-01,0.319487,0.045676,0.09369,11,11,1.0,11.00936,94409616.0
3393,2021,4,2021-04-01,-0.009961,0.028877,0.067829,11,10,0.998888,20.759621,98410821.0
3393,2021,5,2021-05-01,0.123419,0.030474,0.053216,11,10,0.998888,20.984089,91970868.0
3393,2021,6,2021-06-01,0.636914,0.029217,0.219987,11,10,0.998888,25.897854,95947119.0
3393,2021,7,2021-07-01,0.712698,0.026379,0.225386,11,10,0.998888,31.381417,101406324.0
3393,2021,8,2021-08-01,0.380415,0.030673,0.128514,11,10,0.998888,18.690118,97445628.0
3393,2021,9,2021-09-01,0.267302,0.027551,0.077133,11,10,0.998888,19.379065,90094126.0
3393,2022,3,2022-03-01,0.369838,0.046806,0.120061,11,11,1.0,12.364637,95748274.0
3393,2022,4,2022-04-01,0.375865,0.037883,0.134716,11,10,0.998888,18.305098,97595138.0
3393,2022,5,2022-05-01,0.139189,0.029878,0.105257,11,10,0.998888,20.792174,92699999.0
3393,2022,6,2022-06-01,0.709616,0.030032,0.230464,11,11,1.0,24.483619,95901303.0
3393,2022,7,2022-07-01,0.735004,0.031773,0.226221,11,10,0.998888,24.178515,102035161.0
3393,2022,8,2022-08-01,0.470458,0.027692,0.226866,11,10,0.998888,26.613301,98258702.0
3393,2022,9,2022-09-01,0.289458,0.032331,0.071277,11,10,0.998888,16.218729,88902747.0
3393,2023,3,2023-03-01,0.448921,0.05076,0.183429,11,10,0.998888,10.41116,93671913.0
3393,2023,4,2023-04-01,0.2766,0.031194,0.100851,11,10,0.998888,26.107624,98665163.0
3393,2023,5,2023-05-01,0.183115,0.02532,0.096038,11,10,0.998888,30.596943,95301562.0
3393,2023,6,2023-06-01,0.553935,0.026782,0.157573,11,10,0.998888,31.418009,96444568.0
3393,2023,7,2023-07-01,0.650478,0.031714,0.210784,11,11,1.0,23.737057,101753881.0
3393,2023,8,2023-08-01,0.453817,0.028069,0.117694,11,10,0.998888,26.97878,96968132.0
3393,2023,9,2023-09-01,0.423613,0.029694,0.082339,11,10,0.998888,15.891977,90239324.0
3393,2024,3,2024-03-01,0.240645,0.037658,0.037041,11,10,0.998888,15.52068,86372445.0
3393,2024,4,2024-04-01,0.020854,0.037102,0.100712,11,10,0.998888,16.123736,95332509.0
3393,2024,5,2024-05-01,0.170618,0.023983,0.098568,11,10,0.998888,32.375401,89883638.0
3393,2024,6,2024-06-01,0.573271,0.030593,0.197414,11,10,0.998888,21.647333,84217408.0
3393,2024,7,2024-07-01,0.573633,0.036846,0.302731,11,10,0.998888,21.132163,95425695.0
3393,2024,8,2024-08-01,0.452913,0.031419,0.116449,11,10,0.998888,21.800764,91425313.0
3393,2024,9,2024-09-01,0.349844,0.024829,0.06678,11,10,0.998888,25.47918,85979995.0
3393,2025,3,2025-03-01,0.159677,0.030205,0.064034,11,10,0.998888,19.581172,87368194.0
3393,2025,4,2025-04-01,0.116955,0.025652,0.020574,11,10,0.998888,28.036479,96861891.0
3393,2025,5,2025-05-01,0.060993,0.028376,0.082156,11,10,0.998888,25.301016,89188846.0
3393,2025,6,2025-06-01,0.59239,0.031134,0.157657,11,10,0.998888,24.921728,91704495.0
3393,2025,7,2025-07-01,0.865163,0.02714,0.216253,11,10,0.998888,30.817411,94751856.0
3393,2025,8,2025-08-01,0.417899,0.029405,0.173608,11,10,0.998888,24.292621,94948426.0
3393,2025,9,2025-09-01,0.370136,0.028712,0.108087,11,10,0.998888,21.868133,89061648.0
3409,2019,3,2019-03-01,-0.098737,0.077591,0.100945,6,6,1.0,3.244411,73511224.0
3409,2019,4,2019-04-01,0.052349,0.043879,0.079056,6,6,1.0,8.246997,74389486.0
3409,2019,5,2019-05-01,0.130323,0.046446,0.04213,6,6,1.0,4.832132,73985614.0
3409,2019,6,2019-06-01,0.360815,0.0404,0.147956,6,6,1.0,10.373648,76811205.0
3409,2019,7,2019-07-01,0.454532,0.044221,0.173477,6,6,1.0,6.765145,76826548.0
3409,2019,8,2019-08-01,0.252384,0.040424,0.080985,6,6,1.0,6.426291,95194713.0
3409,2019,9,2019-09-01,0.156801,0.040415,0.057984,6,6,1.0,5.918448,91974497.0
3409,2020,3,2020-03-01,-0.009874,0.05101,0.11232,6,6,1.0,5.232307,94604585.0
3409,2020,4,2020-04-01,0.042998,0.079299,0.17736,6,5,0.983997,3.629008,96808107.0
3409,2020,5,2020-05-01,0.047209,0.042617,0.09108,6,6,1.0,7.622988,93035456.0
3409,2020,6,2020-06-01,0.469557,0.056216,0.122964,6,6,1.0,7.987279,96006563.0
3409,2020,7,2020-07-01,0.524758,0.048412,0.10486,6,6,1.0,4.994346,99686529.0
3409,2020,8,2020-08-01,0.399805,0.041442,0.069981,6,6,1.0,8.753255,97684078.0
3409,2020,9,2020-09-01,0.148638,0.041082,0.135456,6,6,1.0,5.985076,91237630.0
3409,2021,3,2021-03-01,0.199822,0.065241,0.141788,6,6,1.0,5.145778,94409616.0
3409,2021,4,2021-04-01,0.153,0.068985,0.090974,6,6,1.0,5.584309,98410821.0
3409,2021,5,2021-05-01,-0.113695,0.043243,0.112029,6,6,1.0,5.348963,91970868.0
3409,2021,6,2021-06-01,0.499555,0.043291,0.183429,6,6,1.0,9.286469,95947119.0
3409,2021,7,2021-07-01,0.620844,0.034596,0.148227,6,6,1.0,9.633174,101406324.0
3409,2021,8,2021-08-01,0.413181,0.044833,0.074575,6,6,1.0,6.079121,97445628.0
3409,2021,9,2021-09-01,0.167256,0.04471,0.098433,6,6,1.0,5.178328,90094126.0
3409,2022,3,2022-03-01,0.111262,0.058461,0.130084,6,6,1.0,7.116505,95748274.0
3409,2022,4,2022-04-01,0.217737,0.089762,0.141082,6,6,1.0,3.045786,97595138.0
3409,2022,5,2022-05-01,0.159043,0.052185,0.1312,6,6,1.0,4.907518,92699999.0
3409,2022,6,2022-06-01,0.55366,0.05076,0.165394,6,6,1.0,6.463316,95901303.0
3409,2022,7,2022-07-01,0.547312,0.040496,0.111775,6,6,1.0,7.905116,102035161.0
3409,2022,8,2022-08-01,0.460372,0.041908,0.235626,6,6,1.0,7.856959,98258702.0
3409,2022,9,2022-09-01,0.176047,0.055248,0.023924,6,6,1.0,4.567906,88902747.0
3409,2023,3,2023-03-01,0.109625,0.073256,0.189836,6,6,1.0,3.938198,93671913.0
3409,2023,4,2023-04-01,0.310869,0.064163,0.077305,6,6,1.0,6.514603,98665163.0
3409,2023,5,2023-05-01,0.231513,0.044906,0.073722,6,6,1.0,7.51638,95301562.0
3409,2023,6,2023-06-01,0.453718,0.044698,0.15994,6,6,1.0,6.83018,96444568.0
3409,2023,7,2023-07-01,0.562065,0.048547,0.207632,6,6,1.0,5.709616,101753881.0
3409,2023,8,2023-08-01,0.329945,0.039836,0.149288,6,6,1.0,8.354698,96968132.0
3409,2023,9,2023-09-01,0.283267,0.065725,0.131713,6,6,1.0,3.881136,90239324.0
3409,2024,3,2024-03-01,0.07881,0.071657,0.139229,6,6,1.0,5.38538,86372445.0
3409,2024,4,2024-04-01,0.131706,0.071344,0.069846,6,6,1.0,4.36186,95332509.0
3409,2024,5,2024-05-01,0.180006,0.038831,0.138302,6,6,1.0,7.842787,89883638.0
3409,2024,6,2024-06-01,0.280342,0.046975,0.265169,6,6,1.0,5.383991,84217408.0
3409,2024,7,2024-07-01,0.367678,0.04967,0.12242,6,6,1.0,6.418961,95425695.0
3409,2024,8,2024-08-01,0.314745,0.044433,0.146429,6,6,1.0,5.547155,91425313.0
3409,2024,9,2024-09-01,0.172692,0.038556,0.106362,6,6,1.0,6.553695,85979995.0
3409,2025,3,2025-03-01,0.163552,0.071797,0.089896,6,6,1.0,5.516367,87368194.0
3409,2025,4,2025-04-01,-0.044813,0.04253,0.213629,6,6,1.0,9.368441,96861891.0
3409,2025,5,2025-05-01,-0.070072,0.052156,0.092009,6,5,0.983997,5.589499,89188846.0
3409,2025,6,2025-06-01,0.232173,0.048495,0.242672,6,6,1.0,6.372137,91704495.0
3409,2025,7,2025-07-01,0.594592,0.036684,0.116295,6,6,1.0,9.785567,94751856.0
3409,2025,8,2025-08-01,0.411972,0.041815,0.146968,6,6,1.0,7.80417,94948426.0
3409,2025,9,2025-09-01,0.215949,0.040348,0.084891,6,6,1.0,5.340839,89061648.0
3415,2019,3,2019-03-01,0.129382,0.035476,0.04871,8,8,1.0,21.033035,73511224.0
3415,2019,4,2019-04-01,0.248587,0.025823,0.049316,8,8,1.0,45.285524,74389486.0
3415,2019,5,2019-05-01,0.31612,0.034302,0.03584,8,8,1.0,21.056529,73985614.0
3415,2019,6,2019-06-01,0.729869,0.028547,0.005421,8,8,1.0,40.356639,76811205.0
3415,2019,7,2019-07-01,0.824722,0.032329,0.061244,8,8,1.0,32.242103,76826548.0
3415,2019,8,2019-08-01,0.67412,0.027966,0.042418,8,8,1.0,34.783967,95194713.0
3415,2019,9,2019-09-01,0.305277,0.025786,0.021149,8,8,1.0,33.394177,91974497.0
3415,2020,3,2020-03-01,0.063107,0.030017,0.037684,8,8,1.0,30.520693,94604585.0
3415,2020,4,2020-04-01,0.197622,0.037389,0.048234,8,8,1.0,22.568139,96808107.0
3415,2020,5,2020-05-01,0.205636,0.026684,0.070082,8,8,1.0,37.153755,93035456.0
3415,2020,6,2020-06-01,0.896388,0.026985,0.047369,8,8,1.0,43.4478,96006563.0
3415,2020,7,2020-07-01,0.879309,0.033106,0.061212,8,8,1.0,30.607918,99686529.0
3415,2020,8,2020-08-01,0.714674,0.026407,0.034849,8,8,1.0,42.745487,97684078.0
3415,2020,9,2020-09-01,0.373962,0.027617,0.02972,8,8,1.0,29.635138,91237630.0
3415,2021,3,2021-03-01,0.15195,0.027689,0.061546,8,8,1.0,34.250385,94409616.0
3415,2021,4,2021-04-01,0.256452,0.032938,0.042881,8,8,1.0,28.748364,98410821.0
3415,2021,5,2021-05-01,0.247344,0.032454,0.025704,8,8,1.0,24.141978,91970868.0
3415,2021,6,2021-06-01,0.893833,0.02788,0.08755,8,8,1.0,39.7029,95947119.0
3415,2021,7,2021-07-01,1.008116,0.026971,0.042766,8,8,1.0,48.96359,101406324.0
3415,2021,8,2021-08-01,0.645479,0.03215,0.056808,8,8,1.0,26.480864,97445628.0
3415,2021,9,2021-09-01,0.380336,0.028443,0.039289,8,8,1.0,29.478422,90094126.0
3415,2022,3,2022-03-01,0.166086,0.027765,0.034916,8,8,1.0,35.328776,95748274.0
3415,2022,4,2022-04-01,0.234064,0.03572,0.029448,8,8,1.0,27.77677,97595138.0
3415,2022,5,2022-05-01,0.294266,0.030143,0.044895,8,8,1.0,31.196052,92699999.0
3415,2022,6,2022-06-01,0.954905,0.030987,0.052953,8,8,1.0,33.975173,95901303.0
3415,2022,7,2022-07-01,0.982342,0.033172,0.066467,8,8,1.0,28.032182,102035161.0
3415,2022,8,2022-08-01,0.79064,0.027721,0.029166,8,8,1.0,35.789224,98258702.0
3415,2022,9,2022-09-01,0.38267,0.030087,0.090661,8,8,1.0,24.787372,88902747.0
3415,2023,3,2023-03-01,0.061846,0.03274,0.031112,8,8,1.0,23.478507,93671913.0
3415,2023,4,2023-04-01,0.22783,0.029757,0.054196,8,8,1.0,39.149563,98665163.0
3415,2023,5,2023-05-01,0.457415,0.028896,0.024255,8,8,1.0,38.028168,95301562.0
3415,2023,6,2023-06-01,0.886032,0.030551,0.047218,8,8,1.0,33.042635,96444568.0
3415,2023,7,2023-07-01,0.889749,0.038155,0.054702,8,8,1.0,21.628784,101753881.0
3415,2023,8,2023-08-01,0.625481,0.026514,0.036172,8,8,1.0,41.963659,96968132.0
3415,2023,9,2023-09-01,0.391576,0.030573,0.025421,8,8,1.0,22.643737,90239324.0
3415,2024,3,2024-03-01,0.066516,0.032213,0.029905,8,8,1.0,28.054076,86372445.0
3415,2024,4,2024-04-01,0.179244,0.039487,0.046169,8,8,1.0,22.70828,95332509.0
3415,2024,5,2024-05-01,0.34041,0.026662,0.015019,8,8,1.0,39.615374,89883638.0
3415,2024,6,2024-06-01,0.920561,0.031052,0.068643,8,8,1.0,33.388716,84217408.0
3415,2024,7,2024-07-01,0.975547,0.032575,0.036401,8,8,1.0,29.357304,95425695.0
3415,2024,8,2024-08-01,0.771022,0.02856,0.035437,8,8,1.0,32.785438,91425313.0
3415,2024,9,2024-09-01,0.447929,0.023547,0.029808,8,8,1.0,37.411741,85979995.0
3415,2025,3,2025-03-01,0.185599,0.030713,0.049979,8,8,1.0,27.18191,87368194.0
3415,2025,4,2025-04-01,0.211213,0.024495,0.024845,8,8,1.0,45.739431,96861891.0
3415,2025,5,2025-05-01,0.286269,0.030156,0.021286,8,8,1.0,26.332895,89188846.0
3415,2025,6,2025-06-01,0.708291,0.033555,0.055381,8,8,1.0,27.888064,91704495.0
3415,2025,7,2025-07-01,1.005045,0.026937,0.056033,8,8,1.0,43.610019,94751856.0
3415,2025,8,2025-08-01,0.736907,0.026773,0.034014,8,8,1.0,41.376559,94948426.0
3415,2025,9,2025-09-01,0.370837,0.024001,0.04296,8,8,1.0,35.859828,89061648.0
3459,2019,3,2019-03-01,-0.076785,0.105944,0.24922,9,5,0.950043,1.428036,73511224.0
3459,2019,4,2019-04-01,0.290059,0.066173,0.095209,9,7,0.971151,5.526094,74389486.0
3459,2019,5,2019-05-01,0.09611,0.068179,0.12911,9,6,0.959252,5.675312,73985614.0
3459,2019,6,2019-06-01,0.255433,0.051483,0.177726,9,6,0.959252,6.776163,76811205.0
3459,2019,7,2019-07-01,0.346874,0.057925,0.16299,9,6,0.959252,6.779128,76826548.0
3459,2019,8,2019-08-01,0.152279,0.048272,0.084923,9,5,0.692057,6.441116,95194713.0
3459,2019,9,2019-09-01,0.08784,0.049174,0.013928,9,5,0.692057,6.012113,91974497.0
3459,2020,3,2020-03-01,-0.184481,0.084154,0.066545,9,6,0.959252,4.017941,94604585.0
3459,2020,4,2020-04-01,-0.225768,0.058818,0.064629,9,5,0.692057,5.070595,96808107.0
3459,2020,5,2020-05-01,-0.053921,0.049444,0.030476,9,6,0.959252,6.014773,93035456.0
3459,2020,6,2020-06-01,0.403852,0.048057,0.117978,9,6,0.703956,8.429998,96006563.0
3459,2020,7,2020-07-01,-0.134343,0.08337,0.587563,9,6,0.959252,4.402917,99686529.0
3459,2020,8,2020-08-01,0.216574,0.074524,0.12649,9,6,0.959252,6.742379,97684078.0
3459,2020,9,2020-09-01,0.070146,0.050378,0.123335,9,5,0.692057,4.561582,91237630.0
3459,2021,3,2021-03-01,0.266543,0.079258,0.096135,9,5,0.694747,2.499608,94409616.0
3459,2021,4,2021-04-01,0.023662,0.08016,0.084312,9,6,0.959252,4.534852,98410821.0
3459,2021,5,2021-05-01,0.013416,0.059083,0.053685,9,6,0.959252,4.662608,91970868.0
3459,2021,6,2021-06-01,0.261672,0.077093,0.287612,9,6,0.959252,5.622059,95947119.0
3459,2021,7,2021-07-01,0.627752,0.07006,0.186482,9,6,0.959252,6.304203,101406324.0
3459,2021,8,2021-08-01,0.187307,0.054601,0.142891,9,5,0.692057,4.970844,97445628.0
3459,2021,9,2021-09-01,0.195699,0.058132,0.059158,9,5,0.692057,5.228635,90094126.0
3459,2022,3,2022-03-01,0.401365,0.076985,0.185646,9,5,0.694747,3.335128,95748274.0
3459,2022,4,2022-04-01,-0.029786,0.102726,0.277003,9,6,0.959252,3.789975,97595138.0
3459,2022,5,2022-05-01,0.205576,0.07599,0.206507,9,6,0.959252,4.604927,92699999.0
3459,2022,6,2022-06-01,0.34926,0.088419,0.172498,9,7,0.971151,4.875517,95901303.0
3459,2022,7,2022-07-01,0.537724,0.077829,0.141888,9,6,0.959252,5.355129,102035161.0
3459,2022,8,2022-08-01,0.193111,0.053726,0.119931,9,6,0.959252,6.333563,98258702.0
3459,2022,9,2022-09-01,0.145597,0.079882,0.138825,9,6,0.959252,3.110876,88902747.0
3459,2023,3,2023-03-01,0.504657,0.132419,0.070266,9,5,0.692057,2.406406,93671913.0
3459,2023,4,2023-04-01,0.208451,0.063736,0.068532,9,6,0.959252,6.213192,98665163.0
3459,2023,5,2023-05-01,0.234733,0.082882,0.111271,9,6,0.959252,6.888747,95301562.0
3459,2023,6,2023-06-01,0.316479,0.05991,0.207921,9,6,0.959252,7.122792,96444568.0
3459,2023,7,2023-07-01,0.514274,0.080259,0.090817,9,7,0.971151,5.747273,101753881.0
3459,2023,8,2023-08-01,0.300261,0.051767,0.092487,9,6,0.959252,6.184924,96968132.0
3459,2023,9,2023-09-01,0.23878,0.064956,0.039823,9,5,0.950043,3.067257,90239324.0
3459,2024,3,2024-03-01,0.185813,0.078205,0.152838,9,6,0.959252,2.762041,86372445.0
3459,2024,4,2024-04-01,-0.311529,0.089973,0.172656,9,6,0.959252,3.446341,95332509.0
3459,2024,5,2024-05-01,0.038265,0.054245,0.179876,9,6,0.959252,7.131371,89883638.0
3459,2024,6,2024-06-01,0.559626,0.08624,0.148227,9,6,0.959252,4.296145,84217408.0
3459,2024,7,2024-07-01,0.206566,0.096436,0.163,9,6,0.959252,4.779004,95425695.0
3459,2024,8,2024-08-01,0.358953,0.059655,0.032016,9,6,0.959252,5.529367,91425313.0
3459,2024,9,2024-09-01,0.220476,0.050554,0.128007,9,6,0.959252,6.065561,85979995.0
3459,2025,3,2025-03-01,-0.031436,0.062128,0.072599,9,6,0.959252,4.520053,87368194.0
3459,2025,4,2025-04-01,0.0467,0.061144,0.077392,9,6,0.959252,6.532852,96861891.0
3459,2025,5,2025-05-01,0.015469,0.074422,0.092553,9,6,0.959252,6.023302,89188846.0
3459,2025,6,2025-06-01,0.38227,0.054399,0.068456,9,4,0.682848,6.688678,91704495.0
3459,2025,7,2025-07-01,0.564682,0.057704,0.151169,9,5,0.950043,6.366453,94751856.0
3459,2025,8,2025-08-01,0.20733,0.080039,0.166215,9,6,0.959252,4.669029,94948426.0
3459,2025,9,2025-09-01,0.33718,0.068328,0.20006,9,6,0.959252,4.741384,89061648.0
3463,2019,3,2019-03-01,0.080606,0.036547,0.033722,9,9,1.0,16.700201,73511224.0
3463,2019,4,2019-04-01,0.171551,0.021979,0.03021,9,9,1.0,40.568505,74389486.0
3463,2019,5,2019-05-01,0.245669,0.030958,0.053888,9,9,1.0,26.214857,73985614.0
3463,2019,6,2019-06-01,0.914528,0.025035,0.095208,9,9,1.0,45.111092,76811205.0
3463,2019,7,2019-07-01,0.914721,0.027354,0.058611,9,9,1.0,43.21388,76826548.0
3463,2019,8,2019-08-01,0.670705,0.027392,0.031618,9,9,1.0,36.21718,95194713.0
3463,2019,9,2019-09-01,0.389202,0.025787,0.069913,9,9,1.0,33.947906,91974497.0
3463,2020,3,2020-03-01,0.079412,0.0265,0.023634,9,9,1.0,26.628631,94604585.0
3463,2020,4,2020-04-01,0.022606,0.029579,0.041148,9,9,1.0,24.177268,96808107.0
3463,2020,5,2020-05-01,0.251126,0.025484,0.038147,9,9,1.0,33.620811,93035456.0
3463,2020,6,2020-06-01,0.956631,0.025499,0.094766,9,9,1.0,46.078949,96006563.0
3463,2020,7,2020-07-01,1.027065,0.033772,0.084069,9,9,1.0,24.070224,99686529.0
3463,2020,8,2020-08-01,0.774905,0.025735,0.061546,9,9,1.0,41.543416,97684078.0
3463,2020,9,2020-09-01,0.448164,0.025528,0.033519,9,9,1.0,30.13498,91237630.0
3463,2021,3,2021-03-01,0.122208,0.032191,0.048983,9,9,1.0,21.070882,94409616.0
3463,2021,4,2021-04-01,0.16628,0.026256,0.039085,9,9,1.0,32.696723,98410821.0
3463,2021,5,2021-05-01,0.336837,0.028609,0.056386,9,9,1.0,29.26686,91970868.0
3463,2021,6,2021-06-01,1.063129,0.02634,0.079263,9,9,1.0,38.399875,95947119.0
3463,2021,7,2021-07-01,1.116306,0.024631,0.092254,9,9,1.0,49.710691,101406324.0
3463,2021,8,2021-08-01,0.711384,0.027945,0.076354,9,9,1.0,31.077898,97445628.0
3463,2021,9,2021-09-01,0.354125,0.024132,0.015108,9,9,1.0,33.416779,90094126.0
3463,2022,3,2022-03-01,0.162918,0.028835,0.046087,9,9,1.0,28.298197,95748274.0
3463,2022,4,2022-04-01,0.210018,0.031483,0.033424,9,9,1.0,28.487855,97595138.0
3463,2022,5,2022-05-01,0.322979,0.026174,0.047516,9,9,1.0,36.380204,92699999.0
3463,2022,6,2022-06-01,1.031476,0.028626,0.127032,9,9,1.0,37.451546,95901303.0
3463,2022,7,2022-07-01,1.075905,0.030044,0.073044,9,9,1.0,35.323052,102035161.0
3463,2022,8,2022-08-01,0.828114,0.024101,0.070924,9,9,1.0,41.908509,98258702.0
3463,2022,9,2022-09-01,0.435337,0.029208,0.072564,9,9,1.0,22.166372,88902747.0
3463,2023,3,2023-03-01,0.134903,0.031053,0.051049,9,9,1.0,23.854559,93671913.0
3463,2023,4,2023-04-01,0.189515,0.027962,0.058073,9,9,1.0,36.837412,98665163.0
3463,2023,5,2023-05-01,0.391178,0.023137,0.036501,9,9,1.0,45.225378,95301562.0
3463,2023,6,2023-06-01,0.89223,0.026329,0.037365,9,9,1.0,45.702297,96444568.0
3463,2023,7,2023-07-01,1.068108,0.034207,0.097467,9,9,1.0,29.942197,101753881.0
3463,2023,8,2023-08-01,0.796417,0.026024,0.047645,9,9,1.0,35.685594,96968132.0
3463,2023,9,2023-09-01,0.540652,0.028071,0.042849,9,9,1.0,21.247798,90239324.0
3463,2024,3,2024-03-01,0.160538,0.030564,0.031458,9,9,1.0,25.459472,86372445.0
3463,2024,4,2024-04-01,0.187434,0.033008,0.050819,9,9,1.0,24.493917,95332509.0
3463,2024,5,2024-05-01,0.458847,0.022239,0.042051,9,9,1.0,46.353273,89883638.0
3463,2024,6,2024-06-01,1.015729,0.02956,0.088654,9,9,1.0,32.43015,84217408.0
3463,2024,7,2024-07-01,1.091568,0.031231,0.118,9,9,1.0,31.44664,95425695.0
3463,2024,8,2024-08-01,0.782763,0.028619,0.043165,9,9,1.0,31.799112,91425313.0
3463,2024,9,2024-09-01,0.497034,0.022587,0.072949,9,9,1.0,36.8651,85979995.0
3463,2025,3,2025-03-01,0.178592,0.027313,0.050882,9,9,1.0,31.986878,87368194.0
3463,2025,4,2025-04-01,0.21282,0.022461,0.040018,9,9,1.0,40.90331,96861891.0
3463,2025,5,2025-05-01,0.25937,0.025557,0.0298,9,9,1.0,35.365146,89188846.0
3463,2025,6,2025-06-01,0.849431,0.029887,0.064409,9,9,1.0,33.764602,91704495.0
3463,2025,7,2025-07-01,1.185254,0.024797,0.088698,9,9,1.0,47.791566,94751856.0
3463,2025,8,2025-08-01,0.820677,0.026707,0.069974,9,9,1.0,33.915963,94948426.0
3463,2025,9,2025-09-01,0.510783,0.022537,0.041632,9,9,1.0,34.254582,89061648.0
3466,2019,3,2019-03-01,0.114036,0.034376,0.042128,9,9,1.0,19.08783,73511224.0
3466,2019,4,2019-04-01,0.152683,0.021742,0.01886,9,9,1.0,45.640655,74389486.0
3466,2019,5,2019-05-01,0.358614,0.030189,0.057499,9,9,1.0,23.547812,73985614.0
3466,2019,6,2019-06-01,0.999706,0.024598,0.102545,9,9,1.0,43.239197,76811205.0
3466,2019,7,2019-07-01,1.009481,0.026897,0.052103,9,9,1.0,38.613389,76826548.0
3466,2019,8,2019-08-01,0.68806,0.026373,0.038703,9,9,1.0,36.617243,95194713.0
3466,2019,9,2019-09-01,0.430088,0.023604,0.024568,9,9,1.0,36.449666,91974497.0
3466,2020,3,2020-03-01,0.012253,0.025724,0.041243,9,9,1.0,30.864592,94604585.0
3466,2020,4,2020-04-01,0.156708,0.028978,0.04122,9,9,1.0,25.640352,96808107.0
3466,2020,5,2020-05-01,0.25768,0.025994,0.037938,9,9,1.0,35.245699,93035456.0
3466,2020,6,2020-06-01,0.969236,0.024541,0.051212,9,9,1.0,44.253145,96006563.0
3466,2020,7,2020-07-01,1.037632,0.033285,0.0842,9,9,1.0,23.386718,99686529.0
3466,2020,8,2020-08-01,0.815825,0.024393,0.052064,9,9,1.0,40.245738,97684078.0
3466,2020,9,2020-09-01,0.488071,0.025538,0.044864,9,9,1.0,28.152023,91237630.0
3466,2021,3,2021-03-01,0.151181,0.030159,0.057199,9,9,1.0,25.134457,94409616.0
3466,2021,4,2021-04-01,0.141514,0.027111,0.04914,9,9,1.0,31.332421,98410821.0
3466,2021,5,2021-05-01,0.287851,0.028608,0.02847,9,9,1.0,28.122164,91970868.0
3466,2021,6,2021-06-01,1.05937,0.025327,0.043056,9,9,1.0,41.765218,95947119.0
3466,2021,7,2021-07-01,1.22995,0.024445,0.077032,9,9,1.0,45.708414,101406324.0
3466,2021,8,2021-08-01,0.785351,0.027393,0.070654,9,9,1.0,34.326412,97445628.0
3466,2021,9,2021-09-01,0.340748,0.023297,0.025284,9,9,1.0,36.582555,90094126.0
3466,2022,3,2022-03-01,0.119223,0.026881,0.045949,9,9,1.0,32.130204,95748274.0
3466,2022,4,2022-04-01,0.216017,0.033001,0.047934,9,9,1.0,25.207418,97595138.0
3466,2022,5,2022-05-01,0.214179,0.025999,0.048767,9,9,1.0,34.441467,92699999.0
3466,2022,6,2022-06-01,1.071186,0.029586,0.053151,9,9,1.0,34.370762,95901303.0
3466,2022,7,2022-07-01,1.129949,0.029886,0.059533,9,9,1.0,33.542323,102035161.0
3466,2022,8,2022-08-01,0.941074,0.023647,0.055919,9,9,1.0,40.972086,98258702.0
3466,2022,9,2022-09-01,0.412878,0.027267,0.041032,9,9,1.0,25.563193,88902747.0
3466,2023,3,2023-03-01,0.095393,0.030776,0.032162,9,9,1.0,23.347677,93671913.0
3466,2023,4,2023-04-01,0.180153,0.026971,0.056424,9,9,1.0,41.131934,98665163.0
3466,2023,5,2023-05-01,0.43846,0.022965,0.030891,9,9,1.0,45.586779,95301562.0
3466,2023,6,2023-06-01,0.987574,0.026807,0.069221,9,9,1.0,39.754496,96444568.0
3466,2023,7,2023-07-01,1.016564,0.036045,0.060328,9,9,1.0,25.180659,101753881.0
3466,2023,8,2023-08-01,0.818827,0.025196,0.066409,9,9,1.0,38.667608,96968132.0
3466,2023,9,2023-09-01,0.457581,0.025202,0.023289,9,9,1.0,25.771877,90239324.0
3466,2024,3,2024-03-01,0.148589,0.029914,0.035115,9,9,1.0,26.76476,86372445.0
3466,2024,4,2024-04-01,0.194826,0.033666,0.043043,9,9,1.0,24.588062,95332509.0
3466,2024,5,2024-05-01,0.445075,0.022,0.028166,9,9,1.0,48.06667,89883638.0
3466,2024,6,2024-06-01,1.168886,0.029429,0.099758,9,9,1.0,33.334402,84217408.0
3466,2024,7,2024-07-01,1.107594,0.030402,0.047902,9,9,1.0,31.913879,95425695.0
3466,2024,8,2024-08-01,0.804361,0.027899,0.070364,9,9,1.0,30.748524,91425313.0
3466,2024,9,2024-09-01,0.545314,0.021714,0.026708,9,9,1.0,37.173667,85979995.0
3466,2025,3,2025-03-01,0.169997,0.026666,0.046602,9,9,1.0,32.404575,87368194.0
3466,2025,4,2025-04-01,0.192688,0.02195,0.016921,9,9,1.0,43.026494,96861891.0
3466,2025,5,2025-05-01,0.309778,0.026414,0.035144,9,9,1.0,32.233588,89188846.0
3466,2025,6,2025-06-01,0.929625,0.029924,0.057653,9,9,1.0,29.897703,91704495.0
3466,2025,7,2025-07-01,1.165055,0.024035,0.065658,9,9,1.0,49.38362,94751856.0
3466,2025,8,2025-08-01,0.857248,0.025329,0.06506,9,9,1.0,37.20254,94948426.0
3466,2025,9,2025-09-01,0.491322,0.02175,0.029903,9,9,1.0,36.719995,89061648.0
3538,2019,3,2019-03-01,-0.010613,0.041457,0.110761,9,9,1.0,16.334509,73511224.0
3538,2019,4,2019-04-01,0.086955,0.025301,0.054374,9,9,1.0,41.365359,74389486.0
3538,2019,5,2019-05-01,0.326403,0.034059,0.050089,9,9,1.0,21.642223,73985614.0
3538,2019,6,2019-06-01,0.954619,0.027514,0.051111,9,9,1.0,44.584207,76811205.0
3538,2019,7,2019-07-01,1.087992,0.030396,0.080604,9,9,1.0,33.730022,76826548.0
3538,2019,8,2019-08-01,0.714728,0.029382,0.067241,9,9,1.0,33.566958,95194713.0
3538,2019,9,2019-09-01,0.405255,0.024085,0.020255,9,9,1.0,36.88502,91974497.0
3538,2020,3,2020-03-01,-0.013282,0.029051,0.04764,9,9,1.0,32.63495,94604585.0
3538,2020,4,2020-04-01,0.132133,0.032747,0.052455,9,9,1.0,22.390182,96808107.0
3538,2020,5,2020-05-01,0.14878,0.026951,0.038363,9,9,1.0,37.509797,93035456.0
3538,2020,6,2020-06-01,1.019589,0.02556,0.049658,9,9,1.0,50.180123,96006563.0
3538,2020,7,2020-07-01,1.036417,0.033638,0.069781,9,9,1.0,28.96196,99686529.0
3538,2020,8,2020-08-01,0.870933,0.027264,0.094699,9,9,1.0,38.986931,97684078.0
3538,2020,9,2020-09-01,0.402702,0.026489,0.041875,9,9,1.0,33.156717,91237630.0
3538,2021,3,2021-03-01,0.056726,0.03259,0.075814,9,9,1.0,29.140778,94409616.0
3538,2021,4,2021-04-01,0.178935,0.029867,0.070386,9,9,1.0,32.418966,98410821.0
3538,2021,5,2021-05-01,0.254617,0.029039,0.060111,9,9,1.0,31.090914,91970868.0
3538,2021,6,2021-06-01,1.159017,0.026358,0.055641,9,9,1.0,42.766828,95947119.0
3538,2021,7,2021-07-01,1.247597,0.026499,0.063278,9,9,1.0,48.454094,101406324.0
3538,2021,8,2021-08-01,0.827701,0.030258,0.066614,9,9,1.0,30.76392,97445628.0
3538,2021,9,2021-09-01,0.466658,0.027425,0.055123,9,9,1.0,28.037238,90094126.0
3538,2022,3,2022-03-01,0.127491,0.030607,0.052773,9,9,1.0,34.926654,95748274.0
3538,2022,4,2022-04-01,0.208289,0.041921,0.094941,9,9,1.0,19.367584,97595138.0
3538,2022,5,2022-05-01,0.236086,0.029256,0.030822,9,9,1.0,30.007596,92699999.0
3538,2022,6,2022-06-01,1.045674,0.030545,0.05522,9,9,1.0,36.287118,95901303.0
3538,2022,7,2022-07-01,1.172612,0.032874,0.104119,9,9,1.0,30.801125,102035161.0
3538,2022,8,2022-08-01,0.966644,0.027483,0.07006,9,9,1.0,37.413423,98258702.0
3538,2022,9,2022-09-01,0.378922,0.030256,0.043643,9,9,1.0,24.355438,88902747.0
3538,2023,3,2023-03-01,0.003308,0.035983,0.085644,9,9,1.0,24.401948,93671913.0
3538,2023,4,2023-04-01,0.103001,0.032321,0.067236,9,9,1.0,39.011988,98665163.0
3538,2023,5,2023-05-01,0.410288,0.025189,0.040419,9,9,1.0,42.294229,95301562.0
3538,2023,6,2023-06-01,1.009088,0.028853,0.058818,9,9,1.0,39.602957,96444568.0
3538,2023,7,2023-07-01,1.243646,0.03598,0.086607,9,9,1.0,25.874392,101753881.0
3538,2023,8,2023-08-01,0.815897,0.026351,0.055401,9,9,1.0,42.414656,96968132.0
3538,2023,9,2023-09-01,0.453981,0.027211,0.034276,9,9,1.0,26.243749,90239324.0
3538,2024,3,2024-03-01,0.072957,0.032696,0.021511,9,9,1.0,28.931579,86372445.0
3538,2024,4,2024-04-01,0.083252,0.03971,0.068188,9,9,1.0,22.81827,95332509.0
3538,2024,5,2024-05-01,0.294475,0.02418,0.036008,9,9,1.0,46.383437,89883638.0
3538,2024,6,2024-06-01,1.031229,0.031698,0.050968,9,9,1.0,31.722763,84217408.0
3538,2024,7,2024-07-01,1.190647,0.032178,0.074077,9,9,1.0,31.728506,95425695.0
3538,2024,8,2024-08-01,0.920945,0.029344,0.060976,9,9,1.0,35.141186,91425313.0
3538,2024,9,2024-09-01,0.581747,0.024188,0.048576,9,9,1.0,35.591334,85979995.0
3538,2025,3,2025-03-01,0.128245,0.030732,0.06274,9,9,1.0,31.727197,87368194.0
3538,2025,4,2025-04-01,0.147482,0.02312,0.036349,9,9,1.0,47.005656,96861891.0
3538,2025,5,2025-05-01,0.179798,0.028322,0.051283,9,9,1.0,30.548487,89188846.0
3538,2025,6,2025-06-01,0.883236,0.032709,0.091406,9,9,1.0,27.378299,91704495.0
3538,2025,7,2025-07-01,1.188398,0.026143,0.049135,9,9,1.0,47.933465,94751856.0
3538,2025,8,2025-08-01,0.874121,0.02715,0.045246,9,9,1.0,38.604912,94948426.0
3538,2025,9,2025-09-01,0.513908,0.022652,0.033365,9,9,1.0,38.372098,89061648.0
3544,2019,3,2019-03-01,0.133202,0.038975,0.06106,9,9,1.0,14.368558,73511224.0
3544,2019,4,2019-04-01,0.254789,0.025663,0.044073,9,9,1.0,33.009161,74389486.0
3544,2019,5,2019-05-01,0.130474,0.033554,0.088082,9,9,1.0,17.504626,73985614.0
3544,2019,6,2019-06-01,0.666952,0.027424,0.060661,9,9,1.0,30.744094,76811205.0
3544,2019,7,2019-07-01,0.690615,0.030269,0.091046,9,9,1.0,26.484676,76826548.0
3544,2019,8,2019-08-01,0.576068,0.028011,0.057357,9,9,1.0,27.946803,95194713.0
3544,2019,9,2019-09-01,0.266895,0.023742,0.032942,9,9,1.0,26.058113,91974497.0
3544,2020,3,2020-03-01,0.055925,0.028768,0.055809,9,9,1.0,26.078868,94604585.0
3544,2020,4,2020-04-01,0.336924,0.038184,0.110588,9,9,1.0,14.279512,96808107.0
3544,2020,5,2020-05-01,0.202508,0.026128,0.044479,9,9,1.0,27.890441,93035456.0
3544,2020,6,2020-06-01,0.899537,0.024374,0.057153,9,9,1.0,37.7938,96006563.0
3544,2020,7,2020-07-01,0.84009,0.031217,0.044037,9,9,1.0,24.692112,99686529.0
3544,2020,8,2020-08-01,0.58972,0.025601,0.073969,9,9,1.0,32.673893,97684078.0
3544,2020,9,2020-09-01,0.329777,0.026911,0.052204,9,9,1.0,22.152682,91237630.0
3544,2021,3,2021-03-01,0.224567,0.027655,0.088347,9,9,1.0,28.027629,94409616.0
3544,2021,4,2021-04-01,0.30906,0.032315,0.058988,9,9,1.0,22.063586,98410821.0
3544,2021,5,2021-05-01,0.263857,0.028522,0.082164,9,9,1.0,22.197278,91970868.0
3544,2021,6,2021-06-01,0.911664,0.024918,0.074625,9,9,1.0,34.782543,95947119.0
3544,2021,7,2021-07-01,0.931924,0.024191,0.05995,9,9,1.0,40.297055,101406324.0
3544,2021,8,2021-08-01,0.561198,0.028662,0.053219,9,9,1.0,22.616455,97445628.0
3544,2021,9,2021-09-01,0.361628,0.025742,0.045665,9,9,1.0,24.748018,90094126.0
3544,2022,3,2022-03-01,0.20944,0.028165,0.096454,9,9,1.0,27.748725,95748274.0
3544,2022,4,2022-04-01,0.331531,0.03563,0.101432,9,9,1.0,19.857128,97595138.0
3544,2022,5,2022-05-01,0.221722,0.031516,0.03951,9,9,1.0,23.703114,92699999.0
3544,2022,6,2022-06-01,0.865017,0.030484,0.121458,9,9,1.0,25.027153,95901303.0
3544,2022,7,2022-07-01,0.826699,0.031389,0.122081,9,9,1.0,24.222087,102035161.0
3544,2022,8,2022-08-01,0.70365,0.025569,0.081545,9,9,1.0,28.909423,98258702.0
3544,2022,9,2022-09-01,0.234761,0.029598,0.043788,9,9,1.0,17.534972,88902747.0
3544,2023,3,2023-03-01,0.122963,0.032117,0.088886,9,9,1.0,18.657218,93671913.0
3544,2023,4,2023-04-01,0.335175,0.028727,0.087092,9,9,1.0,33.670172,98665163.0
3544,2023,5,2023-05-01,0.367666,0.026051,0.081824,9,9,1.0,29.982376,95301562.0
3544,2023,6,2023-06-01,0.83099,0.029045,0.090002,9,9,1.0,26.84908,96444568.0
3544,2023,7,2023-07-01,0.786909,0.034051,0.095274,9,9,1.0,19.641938,101753881.0
3544,2023,8,2023-08-01,0.663707,0.025833,0.108174,9,9,1.0,27.949291,96968132.0
3544,2023,9,2023-09-01,0.311307,0.028572,0.045578,9,9,1.0,16.90594,90239324.0
3544,2024,3,2024-03-01,0.189529,0.031165,0.081782,9,9,1.0,22.358863,86372445.0
3544,2024,4,2024-04-01,0.23905,0.039126,0.098738,9,9,1.0,19.261285,95332509.0
3544,2024,5,2024-05-01,0.372994,0.024862,0.037505,9,9,1.0,34.192859,89883638.0
3544,2024,6,2024-06-01,0.847348,0.028642,0.086297,9,9,1.0,30.09709,84217408.0
3544,2024,7,2024-07-01,0.851061,0.030593,0.082064,9,9,1.0,24.523298,95425695.0
3544,2024,8,2024-08-01,0.721112,0.027507,0.043763,9,9,1.0,25.409521,91425313.0
3544,2024,9,2024-09-01,0.392543,0.024218,0.022608,9,9,1.0,27.350872,85979995.0
3544,2025,3,2025-03-01,0.267589,0.030599,0.07368,9,9,1.0,22.493869,87368194.0
3544,2025,4,2025-04-01,0.180399,0.024123,0.026783,9,9,1.0,35.000154,96861891.0
3544,2025,5,2025-05-01,0.202821,0.028513,0.050864,9,9,1.0,21.47916,89188846.0
3544,2025,6,2025-06-01,0.65276,0.034377,0.083084,9,9,1.0,18.776795,91704495.0
3544,2025,7,2025-07-01,0.885891,0.025005,0.09358,9,9,1.0,36.66901,94751856.0
3544,2025,8,2025-08-01,0.623212,0.025052,0.07133,9,9,1.0,32.625581,94948426.0
3544,2025,9,2025-09-01,0.475055,0.022274,0.014405,9,9,1.0,29.081336,89061648.0
3593,2019,3,2019-03-01,0.358065,0.081838,0.116652,9,8,0.966396,3.829883,73511224.0
3593,2019,4,2019-04-01,0.158109,0.040149,0.037718,9,8,0.966396,12.4671,74389486.0
3593,2019,5,2019-05-01,-0.052016,0.037976,0.049948,9,8,0.966396,10.93854,73985614.0
3593,2019,6,2019-06-01,0.450035,0.031268,0.140687,9,9,1.0,16.474576,76811205.0
3593,2019,7,2019-07-01,0.506918,0.038135,0.132958,9,8,0.966396,14.406877,76826548.0
3593,2019,8,2019-08-01,0.400995,0.037525,0.032479,9,8,0.966396,10.94061,95194713.0
3593,2019,9,2019-09-01,0.294842,0.042291,0.064898,9,8,0.966396,9.16592,91974497.0
3593,2020,3,2020-03-01,-0.057353,0.040189,0.059094,9,8,0.966396,8.22692,94604585.0
3593,2020,4,2020-04-01,-0.006125,0.038485,0.050392,9,8,0.966396,10.194926,96808107.0
3593,2020,5,2020-05-01,-0.08256,0.032144,0.033027,9,8,0.966396,12.833105,93035456.0
3593,2020,6,2020-06-01,0.537705,0.03577,0.122784,9,8,0.966396,14.434907,96006563.0
3593,2020,7,2020-07-01,0.542247,0.044811,0.185109,9,8,0.966396,9.584052,99686529.0
3593,2020,8,2020-08-01,0.344981,0.040914,0.044093,9,9,1.0,14.765821,97684078.0
3593,2020,9,2020-09-01,0.203664,0.041607,0.029354,9,8,0.966396,8.914925,91237630.0
3593,2021,3,2021-03-01,0.079023,0.083779,0.239618,9,8,0.966396,4.512535,94409616.0
3593,2021,4,2021-04-01,0.145416,0.037906,0.122629,9,8,0.966396,10.196604,98410821.0
3593,2021,5,2021-05-01,0.268157,0.04616,0.138665,9,8,0.966396,10.256473,91970868.0
3593,2021,6,2021-06-01,0.522732,0.033643,0.080228,9,8,0.966396,13.192819,95947119.0
3593,2021,7,2021-07-01,0.648292,0.035799,0.118617,9,8,0.966396,15.431145,101406324.0
3593,2021,8,2021-08-01,0.352995,0.046349,0.065258,9,8,0.966396,10.12047,97445628.0
3593,2021,9,2021-09-01,0.179191,0.036952,0.048059,9,8,0.966396,10.669006,90094126.0
3593,2022,3,2022-03-01,0.365535,0.081324,0.076335,9,7,0.932646,4.647634,95748274.0
3593,2022,4,2022-04-01,0.071505,0.052178,0.115725,9,8,0.966396,10.487654,97595138.0
3593,2022,5,2022-05-01,0.344232,0.044007,0.187838,9,8,0.966396,10.149883,92699999.0
3593,2022,6,2022-06-01,0.476632,0.041497,0.139593,9,8,0.966396,12.567649,95901303.0
3593,2022,7,2022-07-01,0.603818,0.039618,0.102521,9,9,1.0,11.215047,102035161.0
3593,2022,8,2022-08-01,0.361214,0.031287,0.156207,9,8,0.966396,13.583835,98258702.0
3593,2022,9,2022-09-01,0.244962,0.04045,0.112198,9,8,0.966396,8.33943,88902747.0
3593,2023,3,2023-03-01,-0.126823,0.09318,0.255106,9,8,0.966396,3.42039,93671913.0
3593,2023,4,2023-04-01,-0.052452,0.056246,0.19974,9,8,0.966396,10.654121,98665163.0
3593,2023,5,2023-05-01,0.191654,0.031405,0.034505,9,8,0.966396,14.632207,95301562.0
3593,2023,6,2023-06-01,0.384057,0.040315,0.117718,9,8,0.966396,14.482698,96444568.0
3593,2023,7,2023-07-01,0.521898,0.046585,0.102625,9,8,0.966396,8.865875,101753881.0
3593,2023,8,2023-08-01,0.350641,0.040542,0.121703,9,9,1.0,10.290692,96968132.0
3593,2023,9,2023-09-01,0.140265,0.044122,0.087729,9,8,0.966396,6.752918,90239324.0
3593,2024,3,2024-03-01,0.079322,0.052591,0.075192,9,8,0.966396,7.805378,86372445.0
3593,2024,4,2024-04-01,-0.269815,0.049883,0.127841,9,8,0.966396,7.151607,95332509.0
3593,2024,5,2024-05-01,0.073629,0.035174,0.122956,9,9,1.0,15.908825,89883638.0
3593,2024,6,2024-06-01,0.41823,0.038651,0.110683,9,9,1.0,11.56264,84217408.0
3593,2024,7,2024-07-01,0.454583,0.046754,0.140825,9,8,0.966396,10.347245,95425695.0
3593,2024,8,2024-08-01,0.474402,0.038385,0.0911,9,8,0.966396,10.77007,91425313.0
3593,2024,9,2024-09-01,0.125047,0.043327,0.159616,9,8,0.966396,9.533278,85979995.0
3593,2025,3,2025-03-01,0.251139,0.048053,0.04741,9,8,0.966396,10.231464,87368194.0
3593,2025,4,2025-04-01,0.143283,0.036374,0.039003,9,8,0.966396,13.502722,96861891.0
3593,2025,5,2025-05-01,0.252065,0.03869,0.187314,9,8,0.966396,12.307724,89188846.0
3593,2025,6,2025-06-01,0.331945,0.040756,0.122459,9,8,0.966396,10.002197,91704495.0
3593,2025,7,2025-07-01,0.609762,0.039672,0.102348,9,8,0.966396,13.737853,94751856.0
3593,2025,8,2025-08-01,0.298566,0.038342,0.121452,9,8,0.966396,11.613479,94948426.0
3593,2025,9,2025-09-01,0.282266,0.035157,0.076889,9,8,0.966396,10.948128,89061648.0
3994,2019,3,2019-03-01,-0.137252,0.128233,0.342677,8,5,0.722031,0.754206,73511224.0
3994,2019,4,2019-04-01,0.020306,0.084397,0.076581,8,6,0.943081,1.886603,74389486.0
3994,2019,5,2019-05-01,0.110571,0.082316,0.103593,8,8,1.0,1.304257,73985614.0
3994,2019,6,2019-06-01,0.385821,0.058368,0.249067,8,6,0.752064,3.106327,76811205.0
3994,2019,7,2019-07-01,0.285698,0.058079,0.123315,8,5,0.722031,2.284493,76826548.0
3994,2019,8,2019-08-01,0.111693,0.07788,0.114847,8,6,0.943081,1.690126,95194713.0
3994,2019,9,2019-09-01,0.028764,0.063054,0.101612,8,5,0.722031,1.630997,91974497.0
3994,2020,3,2020-03-01,0.023899,0.099048,0.225495,8,5,0.722031,0.745432,94604585.0
3994,2020,4,2020-04-01,-0.025423,0.107292,0.094825,8,5,0.722031,0.83081,96808107.0
3994,2020,5,2020-05-01,-0.059725,0.055139,0.126415,8,6,0.748918,2.667825,93035456.0
3994,2020,6,2020-06-01,0.418321,0.05791,0.16793,8,5,0.722031,2.845885,96006563.0
3994,2020,7,2020-07-01,0.312236,0.060491,0.109859,8,6,0.752064,1.785226,99686529.0
3994,2020,8,2020-08-01,0.283458,0.055403,0.124119,8,5,0.722031,2.083812,97684078.0
3994,2020,9,2020-09-01,0.136296,0.064274,0.022264,8,5,0.722031,1.110813,91237630.0
3994,2021,3,2021-03-01,-0.353413,0.12719,0.165237,8,5,0.722031,1.108934,94409616.0
3994,2021,4,2021-04-01,0.285897,0.069925,0.106319,8,5,0.722031,2.318382,98410821.0
3994,2021,5,2021-05-01,-0.100202,0.067173,0.180034,8,7,0.778951,1.496352,91970868.0
3994,2021,6,2021-06-01,0.36486,0.058617,0.165345,8,6,0.748918,1.978693,95947119.0
3994,2021,7,2021-07-01,0.218501,0.06758,0.230561,8,5,0.722031,2.423239,101406324.0
3994,2021,8,2021-08-01,0.221744,0.077314,0.111649,8,5,0.722031,2.009471,97445628.0
3994,2021,9,2021-09-01,0.101436,0.069805,0.160781,8,5,0.722031,1.896332,90094126.0
3994,2022,3,2022-03-01,-0.475237,0.123672,0.606267,8,6,0.943081,0.924999,95748274.0
3994,2022,4,2022-04-01,0.204585,0.102372,0.086902,8,5,0.722031,1.298952,97595138.0
3994,2022,5,2022-05-01,-0.198604,0.069653,0.104598,8,6,0.748918,1.491638,92699999.0
3994,2022,6,2022-06-01,0.366512,0.075894,0.154127,8,6,0.943081,2.148791,95901303.0
3994,2022,7,2022-07-01,0.466912,0.063036,0.049985,8,5,0.722031,2.47184,102035161.0
3994,2022,8,2022-08-01,0.184941,0.065637,0.118079,8,5,0.722031,1.53706,98258702.0
3994,2022,9,2022-09-01,0.047941,0.095595,0.115932,8,5,0.722031,0.592664,88902747.0
3994,2023,3,2023-03-01,0.059029,0.106091,0.202524,8,5,0.722031,0.955761,93671913.0
3994,2023,4,2023-04-01,0.362388,0.108077,0.119197,8,5,0.722031,1.029289,98665163.0
3994,2023,5,2023-05-01,0.503658,0.08497,0.233611,8,7,0.973113,2.328131,95301562.0
3994,2023,6,2023-06-01,0.339204,0.0878,0.327808,8,7,0.973113,2.33814,96444568.0
3994,2023,7,2023-07-01,0.272267,0.065137,0.184181,8,5,0.722031,1.76946,101753881.0
3994,2023,8,2023-08-01,0.186001,0.06022,0.148942,8,5,0.722031,1.713764,96968132.0
3994,2023,9,2023-09-01,0.280555,0.067091,0.116097,8,5,0.722031,0.942917,90239324.0
3994,2024,3,2024-03-01,0.179813,0.126657,0.064221,8,5,0.722031,1.383947,86372445.0
3994,2024,4,2024-04-01,0.009172,0.111261,0.297693,8,8,1.0,0.655174,95332509.0
3994,2024,5,2024-05-01,0.218159,0.045002,0.095686,8,7,0.778951,2.725137,89883638.0
3994,2024,6,2024-06-01,0.166995,0.061265,0.284953,8,5,0.722031,2.076464,84217408.0
3994,2024,7,2024-07-01,0.239182,0.070121,0.364611,8,5,0.722031,1.430604,95425695.0
3994,2024,8,2024-08-01,0.300046,0.072134,0.158905,8,8,1.0,1.50224,91425313.0
3994,2024,9,2024-09-01,0.45417,0.06246,0.223987,8,7,0.973113,1.392992,85979995.0
3994,2025,3,2025-03-01,-0.051789,0.091173,0.211163,8,5,0.722031,1.154219,87368194.0
3994,2025,4,2025-04-01,0.220941,0.051383,0.174509,8,7,0.778951,2.688138,96861891.0
3994,2025,5,2025-05-01,0.020542,0.075863,0.072509,8,7,0.969967,1.127427,89188846.0
3994,2025,6,2025-06-01,0.309974,0.064348,0.053604,8,5,0.722031,1.857759,91704495.0
3994,2025,7,2025-07-01,0.404885,0.056304,0.182434,8,5,0.722031,2.410758,94751856.0
3994,2025,8,2025-08-01,0.43593,0.071631,0.158629,8,7,0.969967,1.517433,94948426.0
3994,2025,9,2025-09-01,0.308217,0.079,0.241252,8,7,0.973113,1.620346,89061648.0
4126,2019,3,2019-03-01,0.057736,0.11242,0.210395,9,6,0.882883,2.18385,73511224.0
4126,2019,4,2019-04-01,0.091187,0.066114,0.174306,9,6,0.882883,6.555649,74389486.0
4126,2019,5,2019-05-01,-0.026314,0.075897,0.081662,9,6,0.882883,3.379128,73985614.0
4126,2019,6,2019-06-01,0.466363,0.065794,0.088795,9,6,0.882883,5.715295,76811205.0
4126,2019,7,2019-07-01,0.272242,0.052749,0.154186,9,5,0.770066,5.198551,76826548.0
4126,2019,8,2019-08-01,0.192601,0.102133,0.123758,9,6,0.882883,3.995201,95194713.0
4126,2019,9,2019-09-01,0.039525,0.075803,0.178347,9,6,0.882883,5.414444,91974497.0
4126,2020,3,2020-03-01,0.217879,0.090984,0.155587,9,5,0.770066,3.835206,94604585.0
4126,2020,4,2020-04-01,0.125144,0.109176,0.245791,9,5,0.770066,2.644848,96808107.0
4126,2020,5,2020-05-01,0.079787,0.054319,0.110619,9,6,0.882883,5.701618,93035456.0
4126,2020,6,2020-06-01,0.483577,0.089004,0.143304,9,5,0.770066,5.711667,96006563.0
4126,2020,7,2020-07-01,0.520056,0.116089,0.14902,9,6,0.882883,3.675722,99686529.0
4126,2020,8,2020-08-01,0.209708,0.082535,0.272613,9,5,0.770066,5.413309,97684078.0
4126,2020,9,2020-09-01,0.199512,0.07784,0.157517,9,6,0.882883,4.077267,91237630.0
4126,2021,3,2021-03-01,0.10559,0.132979,0.336223,9,5,0.770066,2.697687,94409616.0
4126,2021,4,2021-04-01,0.178403,0.078337,0.056862,9,6,0.882883,4.766429,98410821.0
4126,2021,5,2021-05-01,-0.073454,0.063086,0.158524,9,6,0.882883,4.506507,91970868.0
4126,2021,6,2021-06-01,0.557986,0.078596,0.157092,9,6,0.882883,4.75975,95947119.0
4126,2021,7,2021-07-01,0.576804,0.075061,0.14329,9,5,0.770066,7.321135,101406324.0
4126,2021,8,2021-08-01,0.341667,0.083082,0.096865,9,5,0.770066,4.543567,97445628.0
4126,2021,9,2021-09-01,0.128731,0.089851,0.185256,9,6,0.882883,3.19691,90094126.0
4126,2022,3,2022-03-01,0.619232,0.092913,0.185111,9,6,0.882883,2.946173,95748274.0
4126,2022,4,2022-04-01,0.073223,0.094846,0.144192,9,5,0.770066,4.551423,97595138.0
4126,2022,5,2022-05-01,0.137032,0.080511,0.394011,9,6,0.882883,4.602686,92699999.0
4126,2022,6,2022-06-01,0.616259,0.058541,0.136232,9,6,0.882883,4.890454,95901303.0
4126,2022,7,2022-07-01,-0.010387,0.114881,0.55056,9,6,0.882883,4.908699,102035161.0
4126,2022,8,2022-08-01,0.39495,0.093478,0.209379,9,5,0.770066,5.309423,98258702.0
4126,2022,9,2022-09-01,0.013289,0.071564,0.130172,9,5,0.770066,3.347565,88902747.0
4126,2023,3,2023-03-01,0.409601,0.144329,0.359797,9,5,0.770066,2.685648,93671913.0
4126,2023,4,2023-04-01,0.304638,0.101642,0.277237,9,6,0.882883,3.817234,98665163.0
4126,2023,5,2023-05-01,0.262062,0.060051,0.052575,9,5,0.770066,5.485293,95301562.0
4126,2023,6,2023-06-01,0.333709,0.088386,0.154326,9,6,0.882883,5.2101,96444568.0
4126,2023,7,2023-07-01,0.481888,0.100696,0.182738,9,5,0.770066,4.346658,101753881.0
4126,2023,8,2023-08-01,0.305552,0.062066,0.178079,9,6,0.882883,4.625787,96968132.0
4126,2023,9,2023-09-01,0.231011,0.058388,0.107611,9,5,0.622268,3.944175,90239324.0
4126,2024,3,2024-03-01,0.60757,0.110014,0.242851,9,6,0.882883,1.587103,86372445.0
4126,2024,4,2024-04-01,0.368462,0.127972,0.102164,9,6,0.882883,2.659629,95332509.0
4126,2024,5,2024-05-01,0.01607,0.109212,0.258221,9,5,0.770066,5.920134,89883638.0
4126,2024,6,2024-06-01,0.43437,0.067855,0.160736,9,5,0.770066,4.487828,84217408.0
4126,2024,7,2024-07-01,0.233316,0.069023,0.2851,9,5,0.770066,4.068736,95425695.0
4126,2024,8,2024-08-01,0.314498,0.088468,0.347061,9,5,0.770066,3.658278,91425313.0
4126,2024,9,2024-09-01,0.056161,0.074521,0.205018,9,6,0.882883,3.938748,85979995.0
4126,2025,3,2025-03-01,0.270296,0.108163,0.070819,9,5,0.770066,2.963842,87368194.0
4126,2025,4,2025-04-01,0.229101,0.07548,0.118284,9,6,0.882883,5.582875,96861891.0
4126,2025,5,2025-05-01,0.061433,0.058285,0.082053,9,6,0.882883,4.15657,89188846.0
4126,2025,6,2025-06-01,0.038699,0.09895,0.411035,9,5,0.770066,3.471859,91704495.0
4126,2025,7,2025-07-01,0.552104,0.060608,0.130421,9,6,0.882883,6.467963,94751856.0
4126,2025,8,2025-08-01,0.428493,0.089135,0.063814,9,5,0.770066,5.254438,94948426.0
4126,2025,9,2025-09-01,0.674636,0.098123,0.44146,9,5,0.770066,3.731081,89061648.0
4127,2019,3,2019-03-01,0.065843,0.036493,0.088782,12,12,1.0,15.381565,73511224.0
4127,2019,4,2019-04-01,0.154751,0.02469,0.0211,12,12,1.0,42.307895,74389486.0
4127,2019,5,2019-05-01,0.140602,0.028342,0.050335,12,12,1.0,27.750247,73985614.0
4127,2019,6,2019-06-01,0.699348,0.025365,0.078944,12,12,1.0,39.936204,76811205.0
4127,2019,7,2019-07-01,0.645352,0.027805,0.07646,12,12,1.0,37.58637,76826548.0
4127,2019,8,2019-08-01,0.424434,0.028738,0.128344,12,12,1.0,28.745309,95194713.0
4127,2019,9,2019-09-01,0.31954,0.022213,0.033151,12,12,1.0,37.318806,91974497.0
4127,2020,3,2020-03-01,0.06031,0.030987,0.053117,12,12,1.0,22.359523,94604585.0
4127,2020,4,2020-04-01,0.121321,0.033485,0.044431,12,12,1.0,21.290772,96808107.0
4127,2020,5,2020-05-01,0.147021,0.024536,0.050598,12,12,1.0,40.798375,93035456.0
4127,2020,6,2020-06-01,0.85724,0.024425,0.103472,12,12,1.0,43.163288,96006563.0
4127,2020,7,2020-07-01,0.849344,0.033511,0.087405,12,12,1.0,28.569639,99686529.0
4127,2020,8,2020-08-01,0.580791,0.024581,0.051469,12,12,1.0,41.321979,97684078.0
4127,2020,9,2020-09-01,0.344982,0.024675,0.046974,12,12,1.0,30.257199,91237630.0
4127,2021,3,2021-03-01,0.130765,0.034226,0.039662,12,12,1.0,18.993213,94409616.0
4127,2021,4,2021-04-01,0.151224,0.027693,0.025378,12,12,1.0,34.429015,98410821.0
4127,2021,5,2021-05-01,0.189503,0.030023,0.058467,12,12,1.0,31.852953,91970868.0
4127,2021,6,2021-06-01,0.748287,0.0256,0.07791,12,12,1.0,41.788997,95947119.0
4127,2021,7,2021-07-01,0.840407,0.023839,0.098535,12,12,1.0,50.643585,101406324.0
4127,2021,8,2021-08-01,0.553208,0.027029,0.054605,12,12,1.0,31.60094,97445628.0
4127,2021,9,2021-09-01,0.323327,0.026648,0.035772,12,12,1.0,27.177837,90094126.0
4127,2022,3,2022-03-01,0.191411,0.035258,0.083731,12,12,1.0,19.70985,95748274.0
4127,2022,4,2022-04-01,0.173035,0.030415,0.050049,12,12,1.0,29.554822,97595138.0
4127,2022,5,2022-05-01,0.233698,0.025969,0.042961,12,12,1.0,35.135876,92699999.0
4127,2022,6,2022-06-01,0.890484,0.025973,0.067616,12,12,1.0,40.288526,95901303.0
4127,2022,7,2022-07-01,0.804068,0.027499,0.126063,12,12,1.0,38.233379,102035161.0
4127,2022,8,2022-08-01,0.709427,0.023904,0.067672,12,12,1.0,39.209546,98258702.0
4127,2022,9,2022-09-01,0.282258,0.027898,0.059114,12,12,1.0,24.460434,88902747.0
4127,2023,3,2023-03-01,0.144846,0.031911,0.080027,12,12,1.0,21.930139,93671913.0
4127,2023,4,2023-04-01,0.213507,0.028993,0.058709,12,12,1.0,35.725218,98665163.0
4127,2023,5,2023-05-01,0.313564,0.022029,0.03728,12,12,1.0,40.437095,95301562.0
4127,2023,6,2023-06-01,0.7425,0.02595,0.083399,12,12,1.0,43.456388,96444568.0
4127,2023,7,2023-07-01,0.795445,0.031476,0.085306,12,12,1.0,29.223655,101753881.0
4127,2023,8,2023-08-01,0.611584,0.027558,0.079412,12,12,1.0,33.934293,96968132.0
4127,2023,9,2023-09-01,0.38367,0.025915,0.064416,12,12,1.0,23.480541,90239324.0
4127,2024,3,2024-03-01,0.164328,0.035171,0.094243,12,12,1.0,18.603521,86372445.0
4127,2024,4,2024-04-01,0.206192,0.034176,0.052568,12,12,1.0,25.986746,95332509.0
4127,2024,5,2024-05-01,0.293823,0.022503,0.060947,12,12,1.0,44.660039,89883638.0
4127,2024,6,2024-06-01,0.819591,0.029539,0.077356,12,12,1.0,30.895864,84217408.0
4127,2024,7,2024-07-01,0.918544,0.030769,0.128745,12,12,1.0,29.594379,95425695.0
4127,2024,8,2024-08-01,0.717457,0.028693,0.044645,12,12,1.0,31.048295,91425313.0
4127,2024,9,2024-09-01,0.380886,0.024939,0.073802,12,12,1.0,29.193303,85979995.0
4127,2025,3,2025-03-01,0.148763,0.027991,0.038551,12,12,1.0,25.261166,87368194.0
4127,2025,4,2025-04-01,0.189265,0.022122,0.044064,12,12,1.0,43.843282,96861891.0
4127,2025,5,2025-05-01,0.205974,0.026573,0.049903,12,12,1.0,29.048804,89188846.0
4127,2025,6,2025-06-01,0.580252,0.031005,0.073372,12,12,1.0,28.580702,91704495.0
4127,2025,7,2025-07-01,0.910666,0.02447,0.093819,12,12,1.0,47.495604,94751856.0
4127,2025,8,2025-08-01,0.707851,0.025233,0.08368,12,12,1.0,37.237889,94948426.0
4127,2025,9,2025-09-01,0.457642,0.023518,0.041698,12,12,1.0,31.054313,89061648.0
4193,2019,3,2019-03-01,0.134265,0.037326,0.117787,10,10,1.0,14.404792,73511224.0
4193,2019,4,2019-04-01,0.180539,0.024657,0.055347,10,10,1.0,41.400494,74389486.0
4193,2019,5,2019-05-01,0.087426,0.028381,0.06474,10,10,1.0,24.729838,73985614.0
4193,2019,6,2019-06-01,0.640703,0.025145,0.065109,10,10,1.0,39.259144,76811205.0
4193,2019,7,2019-07-01,0.734376,0.028271,0.091795,10,10,1.0,34.060945,76826548.0
4193,2019,8,2019-08-01,0.491585,0.028705,0.079112,10,10,1.0,27.522698,95194713.0
4193,2019,9,2019-09-01,0.309881,0.022618,0.040867,10,10,1.0,31.334459,91974497.0
4193,2020,3,2020-03-01,-0.005013,0.032083,0.078754,10,10,1.0,20.243042,94604585.0
4193,2020,4,2020-04-01,0.152638,0.034285,0.058665,10,10,1.0,18.39509,96808107.0
4193,2020,5,2020-05-01,0.148919,0.024299,0.030156,10,10,1.0,37.440821,93035456.0
4193,2020,6,2020-06-01,0.803642,0.02428,0.07507,10,10,1.0,41.679508,96006563.0
4193,2020,7,2020-07-01,0.801984,0.031922,0.075725,10,10,1.0,28.997811,99686529.0
4193,2020,8,2020-08-01,0.571902,0.024621,0.084348,10,10,1.0,37.782833,97684078.0
4193,2020,9,2020-09-01,0.380096,0.02441,0.03555,10,10,1.0,27.415747,91237630.0
4193,2021,3,2021-03-01,0.105226,0.03545,0.019791,10,10,1.0,16.898624,94409616.0
4193,2021,4,2021-04-01,0.164048,0.028747,0.053463,10,10,1.0,30.407554,98410821.0
4193,2021,5,2021-05-01,0.228728,0.029952,0.047802,10,10,1.0,28.973807,91970868.0
4193,2021,6,2021-06-01,0.777346,0.025594,0.068701,10,10,1.0,40.317549,95947119.0
4193,2021,7,2021-07-01,0.937157,0.02333,0.079155,10,10,1.0,49.028027,101406324.0
4193,2021,8,2021-08-01,0.539807,0.026438,0.055764,10,10,1.0,32.146363,97445628.0
4193,2021,9,2021-09-01,0.381211,0.026927,0.054835,10,10,1.0,24.189919,90094126.0
4193,2022,3,2022-03-01,0.150216,0.033871,0.089383,10,10,1.0,20.435451,95748274.0
4193,2022,4,2022-04-01,0.187718,0.031393,0.07713,10,10,1.0,25.658672,97595138.0
4193,2022,5,2022-05-01,0.225615,0.025787,0.056369,10,10,1.0,34.19293,92699999.0
4193,2022,6,2022-06-01,0.882946,0.025095,0.059748,10,10,1.0,38.975626,95901303.0
4193,2022,7,2022-07-01,0.895541,0.027515,0.08727,10,10,1.0,35.63679,102035161.0
4193,2022,8,2022-08-01,0.653617,0.023998,0.032965,10,10,1.0,34.405174,98258702.0
4193,2022,9,2022-09-01,0.274448,0.02975,0.045832,10,10,1.0,21.54752,88902747.0
4193,2023,3,2023-03-01,0.107737,0.033428,0.125245,10,10,1.0,20.514435,93671913.0
4193,2023,4,2023-04-01,0.176677,0.029096,0.100763,10,10,1.0,34.417511,98665163.0
4193,2023,5,2023-05-01,0.315641,0.021946,0.026872,10,10,1.0,39.296038,95301562.0
4193,2023,6,2023-06-01,0.781506,0.025945,0.060542,10,10,1.0,40.829985,96444568.0
4193,2023,7,2023-07-01,0.860653,0.030174,0.072231,10,10,1.0,29.101436,101753881.0
4193,2023,8,2023-08-01,0.606856,0.027274,0.057963,10,10,1.0,32.608313,96968132.0
4193,2023,9,2023-09-01,0.393478,0.02616,0.036403,10,10,1.0,23.787086,90239324.0
4193,2024,3,2024-03-01,0.095098,0.034646,0.100487,10,10,1.0,19.415146,86372445.0
4193,2024,4,2024-04-01,0.109744,0.034018,0.098896,10,10,1.0,26.518672,95332509.0
4193,2024,5,2024-05-01,0.306997,0.022432,0.039498,10,10,1.0,41.602254,89883638.0
4193,2024,6,2024-06-01,0.842364,0.029559,0.053048,10,10,1.0,28.458381,84217408.0
4193,2024,7,2024-07-01,0.86932,0.030273,0.079866,10,10,1.0,28.346152,95425695.0
4193,2024,8,2024-08-01,0.696088,0.029514,0.046799,10,10,1.0,26.307609,91425313.0
4193,2024,9,2024-09-01,0.411053,0.024677,0.065995,10,10,1.0,26.942968,85979995.0
4193,2025,3,2025-03-01,0.11363,0.028765,0.099856,10,10,1.0,24.019071,87368194.0
4193,2025,4,2025-04-01,0.168049,0.022927,0.050478,10,10,1.0,39.774818,96861891.0
4193,2025,5,2025-05-01,0.198524,0.026316,0.080831,10,10,1.0,29.361589,89188846.0
4193,2025,6,2025-06-01,0.516866,0.029383,0.087859,10,10,1.0,28.922501,91704495.0
4193,2025,7,2025-07-01,0.898366,0.024411,0.054808,10,10,1.0,44.600893,94751856.0
4193,2025,8,2025-08-01,0.727302,0.025678,0.076555,10,10,1.0,34.119889,94948426.0
4193,2025,9,2025-09-01,0.407726,0.023592,0.049074,10,10,1.0,29.077682,89061648.0
4259,2019,3,2019-03-01,0.206058,0.039084,0.092154,9,9,1.0,13.314137,73511224.0
4259,2019,4,2019-04-01,0.222576,0.02876,0.045122,9,9,1.0,34.620726,74389486.0
4259,2019,5,2019-05-01,0.072831,0.030107,0.025599,9,9,1.0,22.334096,73985614.0
4259,2019,6,2019-06-01,0.590447,0.027619,0.063787,9,9,1.0,33.646159,76811205.0
4259,2019,7,2019-07-01,0.709792,0.030236,0.093889,9,9,1.0,29.909607,76826548.0
4259,2019,8,2019-08-01,0.444999,0.032694,0.076412,9,9,1.0,22.570617,95194713.0
4259,2019,9,2019-09-01,0.224204,0.024214,0.053754,9,9,1.0,28.111213,91974497.0
4259,2020,3,2020-03-01,0.113041,0.034564,0.07004,9,9,1.0,18.792701,94604585.0
4259,2020,4,2020-04-01,0.255319,0.040507,0.068796,9,9,1.0,16.454306,96808107.0
4259,2020,5,2020-05-01,0.168901,0.027931,0.045842,9,9,1.0,31.502928,93035456.0
4259,2020,6,2020-06-01,0.801066,0.026256,0.072736,9,9,1.0,34.293357,96006563.0
4259,2020,7,2020-07-01,0.747682,0.034336,0.1557,9,9,1.0,25.240303,99686529.0
4259,2020,8,2020-08-01,0.550479,0.025851,0.07752,9,9,1.0,34.639943,97684078.0
4259,2020,9,2020-09-01,0.341316,0.026755,0.041087,9,9,1.0,23.638903,91237630.0
4259,2021,3,2021-03-01,0.085858,0.035852,0.066452,9,9,1.0,16.01716,94409616.0
4259,2021,4,2021-04-01,0.231739,0.031553,0.052451,9,9,1.0,25.221872,98410821.0
4259,2021,5,2021-05-01,0.159883,0.032146,0.062099,9,9,1.0,25.088811,91970868.0
4259,2021,6,2021-06-01,0.666717,0.026796,0.116006,9,9,1.0,35.033995,95947119.0
4259,2021,7,2021-07-01,0.854578,0.025313,0.087096,9,9,1.0,43.642586,101406324.0
4259,2021,8,2021-08-01,0.546479,0.026498,0.082121,9,9,1.0,29.204224,97445628.0
4259,2021,9,2021-09-01,0.277517,0.028965,0.039901,9,9,1.0,23.670683,90094126.0
4259,2022,3,2022-03-01,0.192983,0.036398,0.102693,9,9,1.0,18.045928,95748274.0
4259,2022,4,2022-04-01,0.281112,0.033615,0.085017,9,9,1.0,22.494141,97595138.0
4259,2022,5,2022-05-01,0.146416,0.027211,0.03737,9,9,1.0,30.619484,92699999.0
4259,2022,6,2022-06-01,0.812446,0.026369,0.089979,9,9,1.0,34.912554,95901303.0
4259,2022,7,2022-07-01,0.793682,0.030822,0.140528,9,9,1.0,29.968436,102035161.0
4259,2022,8,2022-08-01,0.642604,0.025944,0.067242,9,9,1.0,30.369295,98258702.0
4259,2022,9,2022-09-01,0.211509,0.034487,0.163249,9,9,1.0,18.195714,88902747.0
4259,2023,3,2023-03-01,0.200091,0.034185,0.102883,9,9,1.0,19.851098,93671913.0
4259,2023,4,2023-04-01,0.201636,0.030367,0.07279,9,9,1.0,30.378412,98665163.0
4259,2023,5,2023-05-01,0.269005,0.025214,0.055319,9,9,1.0,34.444953,95301562.0
4259,2023,6,2023-06-01,0.666057,0.028573,0.145404,9,9,1.0,32.500032,96444568.0
4259,2023,7,2023-07-01,0.741802,0.031227,0.074551,9,9,1.0,27.907993,101753881.0
4259,2023,8,2023-08-01,0.532606,0.029107,0.091249,9,9,1.0,28.121642,96968132.0
4259,2023,9,2023-09-01,0.30744,0.028278,0.050543,9,9,1.0,21.360391,90239324.0
4259,2024,3,2024-03-01,0.198475,0.037993,0.096581,9,9,1.0,17.653318,86372445.0
4259,2024,4,2024-04-01,0.162938,0.036622,0.040284,9,9,1.0,22.824112,95332509.0
4259,2024,5,2024-05-01,0.224939,0.023537,0.051557,9,9,1.0,39.024446,89883638.0
4259,2024,6,2024-06-01,0.749514,0.030554,0.104835,9,9,1.0,24.971589,84217408.0
4259,2024,7,2024-07-01,0.833376,0.031087,0.137999,9,9,1.0,26.343186,95425695.0
4259,2024,8,2024-08-01,0.573146,0.03071,0.06629,9,9,1.0,23.554641,91425313.0
4259,2024,9,2024-09-01,0.353227,0.02662,0.052461,9,9,1.0,23.500104,85979995.0
4259,2025,3,2025-03-01,0.193021,0.032547,0.094243,9,9,1.0,19.179096,87368194.0
4259,2025,4,2025-04-01,0.185394,0.024843,0.057826,9,9,1.0,33.679875,96861891.0
4259,2025,5,2025-05-01,0.135797,0.028988,0.063757,9,9,1.0,25.447724,89188846.0
4259,2025,6,2025-06-01,0.490624,0.031835,0.11234,9,9,1.0,25.564297,91704495.0
4259,2025,7,2025-07-01,0.815402,0.025876,0.092055,9,9,1.0,38.939631,94751856.0
4259,2025,8,2025-08-01,0.639939,0.028121,0.093844,9,9,1.0,27.667842,94948426.0
4259,2025,9,2025-09-01,0.318748,0.024621,0.048267,9,9,1.0,25.026187,89061648.0
4534,2019,3,2019-03-01,-0.031589,0.03298,0.037807,9,9,1.0,23.097591,73511224.0
4534,2019,4,2019-04-01,0.103182,0.025692,0.056779,9,9,1.0,47.705858,74389486.0
4534,2019,5,2019-05-01,0.158412,0.029752,0.033505,9,9,1.0,28.167204,73985614.0
4534,2019,6,2019-06-01,0.490486,0.026767,0.050185,9,9,1.0,37.199076,76811205.0
4534,2019,7,2019-07-01,0.675154,0.030631,0.029609,9,9,1.0,29.976695,76826548.0
4534,2019,8,2019-08-01,0.498448,0.02936,0.097016,9,9,1.0,23.475172,95194713.0
4534,2019,9,2019-09-01,0.250551,0.024767,0.037424,9,9,1.0,31.363492,91974497.0
4534,2020,3,2020-03-01,-0.055408,0.027948,0.028457,9,9,1.0,34.754949,94604585.0
4534,2020,4,2020-04-01,0.103617,0.030681,0.034675,9,9,1.0,32.45997,96808107.0
4534,2020,5,2020-05-01,0.241562,0.034702,0.052145,9,9,1.0,26.080843,93035456.0
4534,2020,6,2020-06-01,0.546946,0.022769,0.048128,9,9,1.0,45.979419,96006563.0
4534,2020,7,2020-07-01,0.665805,0.032725,0.048224,9,9,1.0,27.959994,99686529.0
4534,2020,8,2020-08-01,0.54292,0.025051,0.057191,9,9,1.0,37.993352,97684078.0
4534,2020,9,2020-09-01,0.310992,0.025227,0.062053,9,9,1.0,28.526757,91237630.0
4534,2021,3,2021-03-01,0.023635,0.029172,0.032711,9,9,1.0,33.289152,94409616.0
4534,2021,4,2021-04-01,0.117429,0.029645,0.03087,9,9,1.0,36.463026,98410821.0
4534,2021,5,2021-05-01,0.139436,0.037052,0.065967,9,9,1.0,21.58142,91970868.0
4534,2021,6,2021-06-01,0.566012,0.023566,0.036605,9,9,1.0,46.050936,95947119.0
4534,2021,7,2021-07-01,0.75605,0.02316,0.04811,9,9,1.0,51.279118,101406324.0
4534,2021,8,2021-08-01,0.49705,0.026958,0.057596,9,9,1.0,32.826737,97445628.0
4534,2021,9,2021-09-01,0.278422,0.02617,0.028362,9,9,1.0,25.886781,90094126.0
4534,2022,3,2022-03-01,0.049716,0.026596,0.046336,9,9,1.0,37.189339,95748274.0
4534,2022,4,2022-04-01,0.04997,0.0283,0.039916,9,9,1.0,40.902118,97595138.0
4534,2022,5,2022-05-01,0.214589,0.028151,0.051601,9,9,1.0,29.271081,92699999.0
4534,2022,6,2022-06-01,0.604323,0.0243,0.039979,9,9,1.0,41.406373,95901303.0
4534,2022,7,2022-07-01,0.782789,0.029038,0.049611,9,9,1.0,30.38285,102035161.0
4534,2022,8,2022-08-01,0.525994,0.023465,0.029997,9,9,1.0,39.700179,98258702.0
4534,2022,9,2022-09-01,0.312467,0.032951,0.062142,9,9,1.0,18.436252,88902747.0
4534,2023,3,2023-03-01,-0.035984,0.028773,0.032033,9,9,1.0,31.111444,93671913.0
4534,2023,4,2023-04-01,0.034427,0.025775,0.048521,9,9,1.0,50.147421,98665163.0
4534,2023,5,2023-05-01,0.25686,0.025419,0.036521,9,9,1.0,43.565846,95301562.0
4534,2023,6,2023-06-01,0.500327,0.027828,0.041338,9,9,1.0,33.898603,96444568.0
4534,2023,7,2023-07-01,0.683521,0.030804,0.04844,9,9,1.0,31.313519,101753881.0
4534,2023,8,2023-08-01,0.499562,0.025005,0.043529,9,9,1.0,40.662703,96968132.0
4534,2023,9,2023-09-01,0.351137,0.026693,0.03783,9,9,1.0,25.339352,90239324.0
4534,2024,3,2024-03-01,0.034019,0.030437,0.036918,9,9,1.0,25.361695,86372445.0
4534,2024,4,2024-04-01,0.094694,0.036463,0.073531,9,9,1.0,24.750394,95332509.0
4534,2024,5,2024-05-01,0.238158,0.024115,0.027969,9,9,1.0,43.253965,89883638.0
4534,2024,6,2024-06-01,0.645991,0.028882,0.041816,9,9,1.0,31.242147,84217408.0
4534,2024,7,2024-07-01,0.737817,0.03101,0.089041,9,9,1.0,29.419139,95425695.0
4534,2024,8,2024-08-01,0.591897,0.024264,0.035599,9,9,1.0,37.878156,91425313.0
4534,2024,9,2024-09-01,0.327061,0.024323,0.027838,9,9,1.0,30.257065,85979995.0
4534,2025,3,2025-03-01,0.138512,0.030323,0.041631,9,9,1.0,24.781638,87368194.0
4534,2025,4,2025-04-01,0.139571,0.024995,0.022126,9,9,1.0,50.716555,96861891.0
4534,2025,5,2025-05-01,0.164082,0.030535,0.06292,9,9,1.0,30.212733,89188846.0
4534,2025,6,2025-06-01,0.436125,0.030831,0.075895,9,9,1.0,24.711196,91704495.0
4534,2025,7,2025-07-01,0.716036,0.023605,0.046459,9,9,1.0,51.298078,94751856.0
4534,2025,8,2025-08-01,0.559515,0.026529,0.064887,9,9,1.0,34.295831,94948426.0
4534,2025,9,2025-09-01,0.335571,0.02085,0.040714,9,9,1.0,38.422412,89061648.0
4584,2019,3,2019-03-01,0.075175,0.036722,0.081092,9,9,1.0,24.531576,73511224.0
4584,2019,4,2019-04-01,0.123614,0.025354,0.046044,9,9,1.0,46.282228,74389486.0
4584,2019,5,2019-05-01,0.081647,0.028576,0.028377,9,9,1.0,29.53447,73985614.0
4584,2019,6,2019-06-01,0.741932,0.029656,0.105086,9,9,1.0,39.107007,76811205.0
4584,2019,7,2019-07-01,0.957085,0.028743,0.143792,9,9,1.0,35.802527,76826548.0
4584,2019,8,2019-08-01,0.681086,0.031661,0.089002,9,9,1.0,26.204309,95194713.0
4584,2019,9,2019-09-01,0.292082,0.024708,0.063727,9,9,1.0,34.03174,91974497.0
4584,2020,3,2020-03-01,-0.081542,0.029405,0.036678,9,9,1.0,33.937245,94604585.0
4584,2020,4,2020-04-01,0.18723,0.033767,0.059544,9,9,1.0,29.083918,96808107.0
4584,2020,5,2020-05-01,0.050242,0.025877,0.042928,9,9,1.0,38.21484,93035456.0
4584,2020,6,2020-06-01,0.899399,0.025747,0.122588,9,9,1.0,42.373175,96006563.0
4584,2020,7,2020-07-01,1.042961,0.033134,0.091063,9,9,1.0,27.466422,99686529.0
4584,2020,8,2020-08-01,0.663066,0.025418,0.072321,9,9,1.0,41.81634,97684078.0
4584,2020,9,2020-09-01,0.307191,0.024801,0.055865,9,9,1.0,29.521345,91237630.0
4584,2021,3,2021-03-01,0.004593,0.031711,0.068251,9,9,1.0,27.050768,94409616.0
4584,2021,4,2021-04-01,0.142158,0.029036,0.039544,9,9,1.0,38.437651,98410821.0
4584,2021,5,2021-05-01,0.109918,0.028137,0.037457,9,9,1.0,29.471256,91970868.0
4584,2021,6,2021-06-01,0.914454,0.026473,0.095976,9,9,1.0,42.990254,95947119.0
4584,2021,7,2021-07-01,1.135675,0.026406,0.113426,9,9,1.0,42.716223,101406324.0
4584,2021,8,2021-08-01,0.65781,0.026598,0.093137,9,9,1.0,37.417217,97445628.0
4584,2021,9,2021-09-01,0.367278,0.031301,0.047867,9,9,1.0,23.238716,90094126.0
4584,2022,3,2022-03-01,0.121244,0.029796,0.063827,9,9,1.0,36.297152,95748274.0
4584,2022,4,2022-04-01,0.182635,0.033809,0.073595,9,9,1.0,33.585623,97595138.0
4584,2022,5,2022-05-01,0.111596,0.025454,0.060612,9,9,1.0,40.778613,92699999.0
4584,2022,6,2022-06-01,1.044769,0.026885,0.112142,9,9,1.0,40.392418,95901303.0
4584,2022,7,2022-07-01,0.954785,0.02913,0.105507,9,9,1.0,37.026926,102035161.0
4584,2022,8,2022-08-01,0.863958,0.025927,0.103021,9,9,1.0,39.161268,98258702.0
4584,2022,9,2022-09-01,0.27666,0.025663,0.045969,9,9,1.0,29.205502,88902747.0
4584,2023,3,2023-03-01,0.046519,0.031579,0.082244,9,9,1.0,31.142707,93671913.0
4584,2023,4,2023-04-01,0.124512,0.029019,0.057814,9,9,1.0,43.608106,98665163.0
4584,2023,5,2023-05-01,0.216204,0.023068,0.034405,9,9,1.0,44.035237,95301562.0
4584,2023,6,2023-06-01,0.910271,0.026395,0.110275,9,9,1.0,41.22791,96444568.0
4584,2023,7,2023-07-01,1.054661,0.032568,0.155581,9,9,1.0,29.850219,101753881.0
4584,2023,8,2023-08-01,0.740101,0.027173,0.097879,9,9,1.0,36.023345,96968132.0
4584,2023,9,2023-09-01,0.435309,0.027687,0.074618,9,9,1.0,23.647631,90239324.0
4584,2024,3,2024-03-01,0.101291,0.03475,0.044699,9,9,1.0,25.334718,86372445.0
4584,2024,4,2024-04-01,0.097902,0.032881,0.077033,9,9,1.0,33.376915,95332509.0
4584,2024,5,2024-05-01,0.151334,0.022443,0.025866,9,9,1.0,51.159918,89883638.0
4584,2024,6,2024-06-01,1.048683,0.030289,0.198333,9,9,1.0,31.979172,84217408.0
4584,2024,7,2024-07-01,1.07944,0.030891,0.131504,9,9,1.0,33.701237,95425695.0
4584,2024,8,2024-08-01,0.751832,0.028211,0.100609,9,9,1.0,33.527429,91425313.0
4584,2024,9,2024-09-01,0.408469,0.023917,0.053107,9,9,1.0,34.530407,85979995.0
4584,2025,3,2025-03-01,0.13893,0.032113,0.038305,9,9,1.0,25.439908,87368194.0
4584,2025,4,2025-04-01,0.114207,0.024669,0.017193,9,9,1.0,49.144793,96861891.0
4584,2025,5,2025-05-01,0.030898,0.024893,0.083841,9,9,1.0,37.768341,89188846.0
4584,2025,6,2025-06-01,0.78806,0.032608,0.095989,9,9,1.0,28.09798,91704495.0
4584,2025,7,2025-07-01,1.105929,0.024426,0.13183,9,9,1.0,50.550208,94751856.0
4584,2025,8,2025-08-01,0.750563,0.028688,0.091788,9,9,1.0,30.906043,94948426.0
4584,2025,9,2025-09-01,0.425594,0.030389,0.060816,9,9,1.0,17.868719,89061648.0
4585,2019,3,2019-03-01,0.025948,0.041166,0.067935,8,8,1.0,22.710267,73511224.0
4585,2019,4,2019-04-01,0.112645,0.026368,0.035743,8,8,1.0,53.322516,74389486.0
4585,2019,5,2019-05-01,0.107968,0.030878,0.025272,8,8,1.0,32.739229,73985614.0
4585,2019,6,2019-06-01,0.740253,0.031278,0.034359,8,8,1.0,42.560961,76811205.0
4585,2019,7,2019-07-01,0.99299,0.030401,0.070326,8,8,1.0,39.799897,76826548.0
4585,2019,8,2019-08-01,0.607224,0.034753,0.050425,8,8,1.0,31.591103,95194713.0
4585,2019,9,2019-09-01,0.349851,0.025967,0.020676,8,8,1.0,38.377098,91974497.0
4585,2020,3,2020-03-01,-0.035138,0.031484,0.032496,8,8,1.0,34.676341,94604585.0
4585,2020,4,2020-04-01,0.160724,0.034335,0.049727,8,8,1.0,32.831643,96808107.0
4585,2020,5,2020-05-01,0.075994,0.027715,0.027061,8,8,1.0,40.804817,93035456.0
4585,2020,6,2020-06-01,0.955328,0.027694,0.05406,8,8,1.0,47.185176,96006563.0
4585,2020,7,2020-07-01,1.060781,0.033675,0.027408,8,8,1.0,31.272947,99686529.0
4585,2020,8,2020-08-01,0.599098,0.026754,0.051985,8,8,1.0,47.068433,97684078.0
4585,2020,9,2020-09-01,0.286087,0.025969,0.038025,8,8,1.0,33.443696,91237630.0
4585,2021,3,2021-03-01,0.016244,0.034138,0.039077,8,8,1.0,27.384182,94409616.0
4585,2021,4,2021-04-01,0.089931,0.03017,0.038684,8,8,1.0,40.871778,98410821.0
4585,2021,5,2021-05-01,0.063014,0.029538,0.061436,8,8,1.0,34.157737,91970868.0
4585,2021,6,2021-06-01,0.960214,0.028043,0.017665,8,8,1.0,46.68079,95947119.0
4585,2021,7,2021-07-01,1.076418,0.027634,0.042535,8,8,1.0,48.762406,101406324.0
4585,2021,8,2021-08-01,0.659038,0.028553,0.032316,8,8,1.0,40.81286,97445628.0
4585,2021,9,2021-09-01,0.336937,0.031235,0.048518,8,8,1.0,27.103496,90094126.0
4585,2022,3,2022-03-01,0.127873,0.031495,0.034654,8,8,1.0,39.110443,95748274.0
4585,2022,4,2022-04-01,0.12182,0.034256,0.067308,8,8,1.0,36.518782,97595138.0
4585,2022,5,2022-05-01,0.144079,0.026898,0.031139,8,8,1.0,43.721566,92699999.0
4585,2022,6,2022-06-01,1.035373,0.028982,0.058624,8,8,1.0,45.801879,95901303.0
4585,2022,7,2022-07-01,0.995935,0.031176,0.028263,8,8,1.0,40.359245,102035161.0
4585,2022,8,2022-08-01,0.796244,0.026667,0.054745,8,8,1.0,45.066599,98258702.0
4585,2022,9,2022-09-01,0.320005,0.027411,0.036647,8,8,1.0,31.794781,88902747.0
4585,2023,3,2023-03-01,0.049169,0.032832,0.040518,8,8,1.0,32.866208,93671913.0
4585,2023,4,2023-04-01,0.118896,0.029992,0.043656,8,8,1.0,47.786716,98665163.0
4585,2023,5,2023-05-01,0.20279,0.024255,0.017659,8,8,1.0,49.116353,95301562.0
4585,2023,6,2023-06-01,0.896754,0.028555,0.029017,8,8,1.0,47.192124,96444568.0
4585,2023,7,2023-07-01,1.062876,0.034416,0.073202,8,8,1.0,33.290514,101753881.0
4585,2023,8,2023-08-01,0.76182,0.027887,0.056439,8,8,1.0,40.540757,96968132.0
4585,2023,9,2023-09-01,0.35414,0.028283,0.022365,8,8,1.0,25.675306,90239324.0
4585,2024,3,2024-03-01,0.097122,0.0374,0.030846,8,8,1.0,25.848547,86372445.0
4585,2024,4,2024-04-01,0.120045,0.033893,0.040048,8,8,1.0,36.743717,95332509.0
4585,2024,5,2024-05-01,0.227275,0.0237,0.022049,8,8,1.0,57.432276,89883638.0
4585,2024,6,2024-06-01,1.067831,0.031977,0.082976,8,8,1.0,34.346689,84217408.0
4585,2024,7,2024-07-01,1.118025,0.03286,0.027511,8,8,1.0,37.758504,95425695.0
4585,2024,8,2024-08-01,0.767893,0.029568,0.021161,8,8,1.0,38.953201,91425313.0
4585,2024,9,2024-09-01,0.356893,0.025913,0.029115,8,8,1.0,33.934388,85979995.0
4585,2025,3,2025-03-01,0.160342,0.034012,0.039084,8,8,1.0,24.924275,87368194.0
4585,2025,4,2025-04-01,0.036429,0.026004,0.055265,8,8,1.0,52.867792,96861891.0
4585,2025,5,2025-05-01,0.112761,0.027002,0.043384,8,8,1.0,37.811396,89188846.0
4585,2025,6,2025-06-01,0.820832,0.034704,0.071057,8,8,1.0,29.390027,91704495.0
4585,2025,7,2025-07-01,1.099953,0.026407,0.031506,8,8,1.0,55.641899,94751856.0
4585,2025,8,2025-08-01,0.762871,0.030794,0.055052,8,8,1.0,31.427883,94948426.0
4585,2025,9,2025-09-01,0.445753,0.030783,0.03579,8,8,1.0,21.279046,89061648.0
4649,2019,3,2019-03-01,-0.014051,0.034447,0.043327,9,9,1.0,25.710311,73511224.0
4649,2019,4,2019-04-01,0.103829,0.025064,0.029927,9,9,1.0,48.472963,74389486.0
4649,2019,5,2019-05-01,0.045022,0.026638,0.045739,9,9,1.0,33.791594,73985614.0
4649,2019,6,2019-06-01,0.751965,0.026356,0.126475,9,9,1.0,41.951623,76811205.0
4649,2019,7,2019-07-01,0.936453,0.026184,0.127963,9,9,1.0,38.544113,76826548.0
4649,2019,8,2019-08-01,0.60771,0.028105,0.085197,9,9,1.0,34.133814,95194713.0
4649,2019,9,2019-09-01,0.335899,0.022813,0.069101,9,9,1.0,33.323407,91974497.0
4649,2020,3,2020-03-01,-0.056509,0.028354,0.036385,9,9,1.0,33.382805,94604585.0
4649,2020,4,2020-04-01,0.159125,0.032119,0.057012,9,9,1.0,30.890659,96808107.0
4649,2020,5,2020-05-01,0.081678,0.024482,0.02809,9,9,1.0,40.367121,93035456.0
4649,2020,6,2020-06-01,0.884949,0.023682,0.102931,9,9,1.0,48.215552,96006563.0
4649,2020,7,2020-07-01,0.97734,0.031077,0.123174,9,9,1.0,30.733043,99686529.0
4649,2020,8,2020-08-01,0.649833,0.024586,0.115156,9,9,1.0,45.885193,97684078.0
4649,2020,9,2020-09-01,0.312034,0.023089,0.053137,9,9,1.0,32.470413,91237630.0
4649,2021,3,2021-03-01,0.052829,0.029776,0.04934,9,9,1.0,31.142037,94409616.0
4649,2021,4,2021-04-01,0.115679,0.029619,0.032349,9,9,1.0,39.045228,98410821.0
4649,2021,5,2021-05-01,0.043323,0.029563,0.053364,9,9,1.0,27.170286,91970868.0
4649,2021,6,2021-06-01,0.805879,0.02522,0.123147,9,9,1.0,45.669774,95947119.0
4649,2021,7,2021-07-01,1.102933,0.025016,0.121824,9,9,1.0,45.602203,101406324.0
4649,2021,8,2021-08-01,0.711067,0.023644,0.076842,9,9,1.0,41.126912,97445628.0
4649,2021,9,2021-09-01,0.418717,0.027896,0.055044,9,9,1.0,27.582503,90094126.0
4649,2022,3,2022-03-01,0.034318,0.027664,0.030635,9,9,1.0,39.546412,95748274.0
4649,2022,4,2022-04-01,0.13587,0.030657,0.040662,9,9,1.0,37.542699,97595138.0
4649,2022,5,2022-05-01,0.109242,0.023863,0.039388,9,9,1.0,43.426086,92699999.0
4649,2022,6,2022-06-01,0.931946,0.025814,0.150305,9,9,1.0,45.049975,95901303.0
4649,2022,7,2022-07-01,0.939615,0.026081,0.10803,9,9,1.0,41.882722,102035161.0
4649,2022,8,2022-08-01,0.79037,0.023682,0.092788,9,9,1.0,43.003178,98258702.0
4649,2022,9,2022-09-01,0.324721,0.023671,0.067299,9,9,1.0,33.319898,88902747.0
4649,2023,3,2023-03-01,0.075476,0.029484,0.051322,9,9,1.0,32.919148,93671913.0
4649,2023,4,2023-04-01,0.142911,0.027177,0.054159,9,9,1.0,47.963105,98665163.0
4649,2023,5,2023-05-01,0.215406,0.021742,0.037534,9,9,1.0,43.369463,95301562.0
4649,2023,6,2023-06-01,0.791946,0.025837,0.13595,9,9,1.0,41.154099,96444568.0
4649,2023,7,2023-07-01,1.019491,0.029376,0.081782,9,9,1.0,32.698965,101753881.0
4649,2023,8,2023-08-01,0.678135,0.02663,0.099764,9,9,1.0,38.513147,96968132.0
4649,2023,9,2023-09-01,0.420584,0.026109,0.075432,9,9,1.0,25.36998,90239324.0
4649,2024,3,2024-03-01,0.042841,0.033019,0.041727,9,9,1.0,26.148327,86372445.0
4649,2024,4,2024-04-01,0.078926,0.031053,0.040518,9,9,1.0,37.181195,95332509.0
4649,2024,5,2024-05-01,0.18611,0.021028,0.032183,9,9,1.0,56.54958,89883638.0
4649,2024,6,2024-06-01,0.913802,0.027773,0.118088,9,9,1.0,34.045642,84217408.0
4649,2024,7,2024-07-01,1.052503,0.028324,0.138037,9,9,1.0,35.431216,95425695.0
4649,2024,8,2024-08-01,0.739054,0.026738,0.11096,9,9,1.0,34.951735,91425313.0
4649,2024,9,2024-09-01,0.393268,0.021918,0.04654,9,9,1.0,37.34271,85979995.0
4649,2025,3,2025-03-01,0.117696,0.031337,0.037457,9,9,1.0,25.571191,87368194.0
4649,2025,4,2025-04-01,0.073862,0.022977,0.036582,9,9,1.0,50.473519,96861891.0
4649,2025,5,2025-05-01,0.080708,0.023224,0.024719,9,9,1.0,42.304616,89188846.0
4649,2025,6,2025-06-01,0.698921,0.028481,0.142087,9,9,1.0,29.470397,91704495.0
4649,2025,7,2025-07-01,1.039194,0.022371,0.11427,9,9,1.0,56.363723,94751856.0
4649,2025,8,2025-08-01,0.747787,0.025962,0.081145,9,9,1.0,31.541652,94948426.0
4649,2025,9,2025-09-01,0.394343,0.027811,0.063953,9,9,1.0,19.37544,89061648.0
4650,2019,3,2019-03-01,0.0191,0.033696,0.037812,9,9,1.0,26.464337,73511224.0
4650,2019,4,2019-04-01,0.123194,0.02347,0.038657,9,9,1.0,52.519274,74389486.0
4650,2019,5,2019-05-01,0.104383,0.026868,0.039761,9,9,1.0,34.297127,73985614.0
4650,2019,6,2019-06-01,0.888676,0.027346,0.049662,9,9,1.0,43.876058,76811205.0
4650,2019,7,2019-07-01,1.116693,0.027237,0.025705,9,9,1.0,40.28567,76826548.0
4650,2019,8,2019-08-01,0.696941,0.029682,0.056331,9,9,1.0,32.318209,95194713.0
4650,2019,9,2019-09-01,0.367674,0.024328,0.049002,9,9,1.0,35.110306,91974497.0
4650,2020,3,2020-03-01,-0.014885,0.026797,0.047996,9,9,1.0,34.628996,94604585.0
4650,2020,4,2020-04-01,0.110481,0.03146,0.049946,9,9,1.0,31.7324,96808107.0
4650,2020,5,2020-05-01,0.093118,0.024467,0.04128,9,9,1.0,41.421032,93035456.0
4650,2020,6,2020-06-01,1.06804,0.024489,0.042839,9,9,1.0,47.78695,96006563.0
4650,2020,7,2020-07-01,1.142797,0.030833,0.033095,9,9,1.0,31.591787,99686529.0
4650,2020,8,2020-08-01,0.814562,0.024846,0.049279,9,9,1.0,43.863698,97684078.0
4650,2020,9,2020-09-01,0.394562,0.023515,0.037876,9,9,1.0,34.104716,91237630.0
4650,2021,3,2021-03-01,0.010984,0.029129,0.061207,9,9,1.0,28.840869,94409616.0
4650,2021,4,2021-04-01,0.124381,0.028091,0.05517,9,9,1.0,39.437104,98410821.0
4650,2021,5,2021-05-01,0.132991,0.0284,0.030329,9,9,1.0,28.300713,91970868.0
4650,2021,6,2021-06-01,0.989734,0.025695,0.045159,9,9,1.0,45.151497,95947119.0
4650,2021,7,2021-07-01,1.187653,0.024973,0.056314,9,9,1.0,47.612116,101406324.0
4650,2021,8,2021-08-01,0.790518,0.024482,0.066895,9,9,1.0,41.336731,97445628.0
4650,2021,9,2021-09-01,0.465911,0.029429,0.036544,9,9,1.0,24.66213,90094126.0
4650,2022,3,2022-03-01,0.05486,0.026725,0.041574,9,9,1.0,40.677744,95748274.0
4650,2022,4,2022-04-01,0.118086,0.0303,0.03285,9,9,1.0,37.891431,97595138.0
4650,2022,5,2022-05-01,0.187126,0.024572,0.021565,9,9,1.0,44.152791,92699999.0
4650,2022,6,2022-06-01,1.163024,0.026248,0.030088,9,9,1.0,45.12389,95901303.0
4650,2022,7,2022-07-01,1.104879,0.028172,0.04973,9,9,1.0,38.894107,102035161.0
4650,2022,8,2022-08-01,0.939152,0.024051,0.04452,9,9,1.0,44.041777,98258702.0
4650,2022,9,2022-09-01,0.368267,0.023965,0.044292,9,9,1.0,32.474375,88902747.0
4650,2023,3,2023-03-01,0.091726,0.028432,0.066399,9,9,1.0,33.266725,93671913.0
4650,2023,4,2023-04-01,0.124495,0.02583,0.025383,9,9,1.0,48.81997,98665163.0
4650,2023,5,2023-05-01,0.257246,0.021488,0.030044,9,9,1.0,46.175506,95301562.0
4650,2023,6,2023-06-01,1.022022,0.02562,0.073716,9,9,1.0,43.142758,96444568.0
4650,2023,7,2023-07-01,1.169199,0.030253,0.067883,9,9,1.0,32.01154,101753881.0
4650,2023,8,2023-08-01,0.888797,0.026037,0.047321,9,9,1.0,38.084455,96968132.0
4650,2023,9,2023-09-01,0.48929,0.02574,0.05864,9,9,1.0,24.100855,90239324.0
4650,2024,3,2024-03-01,0.059594,0.03248,0.021455,9,9,1.0,26.397046,86372445.0
4650,2024,4,2024-04-01,0.088343,0.03016,0.031924,9,9,1.0,37.788374,95332509.0
4650,2024,5,2024-05-01,0.214064,0.021387,0.036698,9,9,1.0,56.677761,89883638.0
4650,2024,6,2024-06-01,1.214973,0.028403,0.06722,9,9,1.0,33.513857,84217408.0
4650,2024,7,2024-07-01,1.189861,0.028615,0.064226,9,9,1.0,37.52535,95425695.0
4650,2024,8,2024-08-01,0.850587,0.026466,0.077025,9,9,1.0,36.206843,91425313.0
4650,2024,9,2024-09-01,0.4162,0.022474,0.058723,9,9,1.0,38.411731,85979995.0
4650,2025,3,2025-03-01,0.126989,0.030158,0.022802,9,9,1.0,26.352475,87368194.0
4650,2025,4,2025-04-01,0.137799,0.022697,0.039231,9,9,1.0,53.723892,96861891.0
4650,2025,5,2025-05-01,0.088917,0.023094,0.029311,9,9,1.0,41.090336,89188846.0
4650,2025,6,2025-06-01,0.835546,0.029239,0.049972,9,9,1.0,31.394888,91704495.0
4650,2025,7,2025-07-01,1.250087,0.023399,0.056753,9,9,1.0,55.798252,94751856.0
4650,2025,8,2025-08-01,0.847202,0.026214,0.068615,9,9,1.0,34.552764,94948426.0
4650,2025,9,2025-09-01,0.463541,0.028064,0.048424,9,9,1.0,19.647005,89061648.0
4656,2019,3,2019-03-01,-0.093675,0.039062,0.039361,6,6,1.0,24.762766,73511224.0
4656,2019,4,2019-04-01,0.085979,0.029415,0.07388,6,6,1.0,47.581777,74389486.0
4656,2019,5,2019-05-01,0.083395,0.030587,0.022203,6,6,1.0,30.45956,73985614.0
4656,2019,6,2019-06-01,0.500334,0.02942,0.036603,6,6,1.0,42.839731,76811205.0
4656,2019,7,2019-07-01,0.721426,0.029274,0.050384,6,6,1.0,37.97914,76826548.0
4656,2019,8,2019-08-01,0.415901,0.035256,0.043894,6,6,1.0,27.747187,95194713.0
4656,2019,9,2019-09-01,0.221209,0.024933,0.017687,6,6,1.0,38.193021,91974497.0
4656,2020,3,2020-03-01,-0.078185,0.032555,0.078224,6,6,1.0,37.035152,94604585.0
4656,2020,4,2020-04-01,0.052204,0.039102,0.063634,6,6,1.0,25.348468,96808107.0
4656,2020,5,2020-05-01,0.093724,0.030427,0.069798,6,6,1.0,34.627726,93035456.0
4656,2020,6,2020-06-01,0.640684,0.02541,0.031632,6,6,1.0,45.184418,96006563.0
4656,2020,7,2020-07-01,0.759311,0.034569,0.055719,6,6,1.0,30.496553,99686529.0
4656,2020,8,2020-08-01,0.512295,0.026521,0.034269,6,6,1.0,43.043954,97684078.0
4656,2020,9,2020-09-01,0.295041,0.025904,0.048552,6,6,1.0,29.651263,91237630.0
4656,2021,3,2021-03-01,0.002549,0.034416,0.055428,6,6,1.0,30.809389,94409616.0
4656,2021,4,2021-04-01,0.094386,0.032925,0.057869,6,6,1.0,37.98225,98410821.0
4656,2021,5,2021-05-01,0.076894,0.032394,0.059221,6,6,1.0,27.531615,91970868.0
4656,2021,6,2021-06-01,0.636619,0.025867,0.044333,6,6,1.0,46.017767,95947119.0
4656,2021,7,2021-07-01,0.888698,0.026358,0.028776,6,6,1.0,46.102692,101406324.0
4656,2021,8,2021-08-01,0.534967,0.028253,0.042163,6,6,1.0,36.103776,97445628.0
4656,2021,9,2021-09-01,0.246034,0.028826,0.022419,6,6,1.0,27.464073,90094126.0
4656,2022,3,2022-03-01,0.07679,0.032087,0.039846,6,6,1.0,36.009228,95748274.0
4656,2022,4,2022-04-01,0.02352,0.036226,0.077477,6,6,1.0,31.615369,97595138.0
4656,2022,5,2022-05-01,0.124023,0.025584,0.015915,6,6,1.0,40.513295,92699999.0
4656,2022,6,2022-06-01,0.659575,0.026735,0.046561,6,6,1.0,47.693774,95901303.0
4656,2022,7,2022-07-01,0.77782,0.030288,0.069793,6,6,1.0,37.264953,102035161.0
4656,2022,8,2022-08-01,0.625659,0.026426,0.064966,6,6,1.0,41.308383,98258702.0
4656,2022,9,2022-09-01,0.25214,0.028829,0.033501,6,6,1.0,25.147994,88902747.0
4656,2023,3,2023-03-01,-0.041635,0.033547,0.05102,6,6,1.0,31.191254,93671913.0
4656,2023,4,2023-04-01,0.032607,0.031359,0.065999,6,6,1.0,46.315322,98665163.0
4656,2023,5,2023-05-01,0.192316,0.026474,0.041964,6,6,1.0,42.93038,95301562.0
4656,2023,6,2023-06-01,0.627036,0.029424,0.055042,6,6,1.0,40.491517,96444568.0
4656,2023,7,2023-07-01,0.812257,0.033772,0.036658,6,6,1.0,32.279045,101753881.0
4656,2023,8,2023-08-01,0.593129,0.027624,0.047616,6,6,1.0,37.158304,96968132.0
4656,2023,9,2023-09-01,0.340855,0.028857,0.035515,6,6,1.0,25.482189,90239324.0
4656,2024,3,2024-03-01,-0.045276,0.038792,0.077747,6,6,1.0,22.704826,86372445.0
4656,2024,4,2024-04-01,0.048103,0.035429,0.052598,6,6,1.0,36.940582,95332509.0
4656,2024,5,2024-05-01,0.178151,0.023806,0.035478,6,6,1.0,50.709509,89883638.0
4656,2024,6,2024-06-01,0.723754,0.030812,0.066557,6,6,1.0,33.18796,84217408.0
4656,2024,7,2024-07-01,0.865997,0.033401,0.069078,6,6,1.0,29.155618,95425695.0
4656,2024,8,2024-08-01,0.58912,0.028602,0.064681,6,6,1.0,35.169453,91425313.0
4656,2024,9,2024-09-01,0.333496,0.026358,0.035131,6,6,1.0,31.578653,85979995.0
4656,2025,3,2025-03-01,0.159482,0.035305,0.048353,6,6,1.0,26.929225,87368194.0
4656,2025,4,2025-04-01,0.051758,0.025574,0.040222,6,6,1.0,53.851523,96861891.0
4656,2025,5,2025-05-01,0.101241,0.027473,0.039709,6,6,1.0,34.637905,89188846.0
4656,2025,6,2025-06-01,0.457454,0.034755,0.085917,6,6,1.0,28.269752,91704495.0
4656,2025,7,2025-07-01,0.90185,0.025752,0.059717,6,6,1.0,51.049903,94751856.0
4656,2025,8,2025-08-01,0.660113,0.029283,0.024835,6,6,1.0,32.82471,94948426.0
4656,2025,9,2025-09-01,0.350977,0.027758,0.017772,6,6,1.0,25.681109,89061648.0
4716,2019,3,2019-03-01,0.004573,0.032147,0.052518,9,9,1.0,26.100721,73511224.0
4716,2019,4,2019-04-01,0.117696,0.023399,0.025424,9,9,1.0,52.500164,74389486.0
4716,2019,5,2019-05-01,0.110982,0.027195,0.051507,9,9,1.0,32.099119,73985614.0
4716,2019,6,2019-06-01,0.900545,0.026788,0.07448,9,9,1.0,43.907163,76811205.0
4716,2019,7,2019-07-01,1.040368,0.026774,0.067528,9,9,1.0,39.919521,76826548.0
4716,2019,8,2019-08-01,0.697529,0.028825,0.032938,9,9,1.0,34.588263,95194713.0
4716,2019,9,2019-09-01,0.330825,0.024258,0.049534,9,9,1.0,34.330131,91974497.0
4716,2020,3,2020-03-01,-0.062142,0.026382,0.039759,9,9,1.0,35.343641,94604585.0
4716,2020,4,2020-04-01,0.131683,0.030844,0.030983,9,9,1.0,32.350688,96808107.0
4716,2020,5,2020-05-01,0.134934,0.025989,0.047415,9,9,1.0,37.292359,93035456.0
4716,2020,6,2020-06-01,1.073391,0.023859,0.051189,9,9,1.0,47.570858,96006563.0
4716,2020,7,2020-07-01,1.072915,0.02987,0.075577,9,9,1.0,32.523926,99686529.0
4716,2020,8,2020-08-01,0.72308,0.02517,0.061135,9,9,1.0,42.509373,97684078.0
4716,2020,9,2020-09-01,0.351282,0.023954,0.030979,9,9,1.0,33.420949,91237630.0
4716,2021,3,2021-03-01,0.029937,0.028795,0.040276,9,9,1.0,29.074732,94409616.0
4716,2021,4,2021-04-01,0.124878,0.027709,0.052189,9,9,1.0,37.113546,98410821.0
4716,2021,5,2021-05-01,0.117182,0.028183,0.043069,9,9,1.0,27.622233,91970868.0
4716,2021,6,2021-06-01,0.937913,0.025145,0.094053,9,9,1.0,45.850432,95947119.0
4716,2021,7,2021-07-01,1.091933,0.024711,0.064422,9,9,1.0,49.319459,101406324.0
4716,2021,8,2021-08-01,0.778562,0.025418,0.039468,9,9,1.0,37.794096,97445628.0
4716,2021,9,2021-09-01,0.447543,0.026737,0.035355,9,9,1.0,27.931882,90094126.0
4716,2022,3,2022-03-01,0.05798,0.025624,0.025393,9,9,1.0,41.091549,95748274.0
4716,2022,4,2022-04-01,0.11472,0.029016,0.051656,9,9,1.0,38.271361,97595138.0
4716,2022,5,2022-05-01,0.153529,0.024298,0.04441,9,9,1.0,43.506152,92699999.0
4716,2022,6,2022-06-01,1.06377,0.026727,0.090485,9,9,1.0,43.233951,95901303.0
4716,2022,7,2022-07-01,1.049725,0.026904,0.106052,9,9,1.0,38.447708,102035161.0
4716,2022,8,2022-08-01,0.85064,0.022947,0.06106,9,9,1.0,46.007428,98258702.0
4716,2022,9,2022-09-01,0.375708,0.024314,0.052086,9,9,1.0,33.042587,88902747.0
4716,2023,3,2023-03-01,0.083631,0.028043,0.052251,9,9,1.0,34.550546,93671913.0
4716,2023,4,2023-04-01,0.150197,0.025316,0.035842,9,9,1.0,49.390407,98665163.0
4716,2023,5,2023-05-01,0.252689,0.021776,0.024581,9,9,1.0,44.52803,95301562.0
4716,2023,6,2023-06-01,0.975391,0.026649,0.086188,9,9,1.0,39.439528,96444568.0
4716,2023,7,2023-07-01,1.142827,0.029671,0.075396,9,9,1.0,33.371716,101753881.0
4716,2023,8,2023-08-01,0.831761,0.025888,0.053224,9,9,1.0,38.385,96968132.0
4716,2023,9,2023-09-01,0.437558,0.025553,0.045604,9,9,1.0,23.825572,90239324.0
4716,2024,3,2024-03-01,0.08959,0.031228,0.023553,9,9,1.0,26.08772,86372445.0
4716,2024,4,2024-04-01,0.087269,0.029806,0.035676,9,9,1.0,36.32446,95332509.0
4716,2024,5,2024-05-01,0.226731,0.021188,0.015338,9,9,1.0,58.641579,89883638.0
4716,2024,6,2024-06-01,1.050887,0.029727,0.098645,9,9,1.0,32.898526,84217408.0
4716,2024,7,2024-07-01,1.121919,0.029024,0.070735,9,9,1.0,37.988194,95425695.0
4716,2024,8,2024-08-01,0.848928,0.026529,0.066596,9,9,1.0,34.704211,91425313.0
4716,2024,9,2024-09-01,0.383209,0.022138,0.032043,9,9,1.0,36.689963,85979995.0
4716,2025,3,2025-03-01,0.101818,0.030021,0.015455,9,9,1.0,25.420682,87368194.0
4716,2025,4,2025-04-01,0.109295,0.022665,0.04056,9,9,1.0,54.669239,96861891.0
4716,2025,5,2025-05-01,0.126422,0.022975,0.021943,9,9,1.0,41.282021,89188846.0
4716,2025,6,2025-06-01,0.796998,0.03077,0.045401,9,9,1.0,31.282764,91704495.0
4716,2025,7,2025-07-01,1.173193,0.023199,0.059182,9,9,1.0,52.387961,94751856.0
4716,2025,8,2025-08-01,0.729659,0.025715,0.051189,9,9,1.0,34.565629,94948426.0
4716,2025,9,2025-09-01,0.449151,0.02725,0.066019,9,9,1.0,20.322183,89061648.0
4717,2019,3,2019-03-01,-0.033682,0.033281,0.054001,9,9,1.0,24.337762,73511224.0
4717,2019,4,2019-04-01,0.073778,0.023857,0.031111,9,9,1.0,49.755997,74389486.0
4717,2019,5,2019-05-01,0.145169,0.027496,0.030216,9,9,1.0,30.941467,73985614.0
4717,2019,6,2019-06-01,0.944869,0.027896,0.077878,9,9,1.0,42.907479,76811205.0
4717,2019,7,2019-07-01,1.0596,0.027133,0.038644,9,9,1.0,41.030715,76826548.0
4717,2019,8,2019-08-01,0.674154,0.029964,0.072074,9,9,1.0,33.066698,95194713.0
4717,2019,9,2019-09-01,0.316631,0.023721,0.028723,9,9,1.0,34.972189,91974497.0
4717,2020,3,2020-03-01,-0.062764,0.027259,0.043223,9,9,1.0,32.695421,94604585.0
4717,2020,4,2020-04-01,0.101735,0.031802,0.036686,9,9,1.0,30.556511,96808107.0
4717,2020,5,2020-05-01,0.143865,0.025734,0.02987,9,9,1.0,35.74172,93035456.0
4717,2020,6,2020-06-01,1.05761,0.024444,0.082663,9,9,1.0,48.078334,96006563.0
4717,2020,7,2020-07-01,1.072724,0.03162,0.087675,9,9,1.0,31.177171,99686529.0
4717,2020,8,2020-08-01,0.781913,0.025024,0.048807,9,9,1.0,42.805081,97684078.0
4717,2020,9,2020-09-01,0.371534,0.023878,0.023239,9,9,1.0,33.29342,91237630.0
4717,2021,3,2021-03-01,-0.029601,0.030368,0.031872,9,9,1.0,26.503715,94409616.0
4717,2021,4,2021-04-01,0.100573,0.02729,0.055339,9,9,1.0,38.987728,98410821.0
4717,2021,5,2021-05-01,0.172981,0.027033,0.039317,9,9,1.0,28.697557,91970868.0
4717,2021,6,2021-06-01,0.987002,0.02556,0.064929,9,9,1.0,45.927907,95947119.0
4717,2021,7,2021-07-01,1.13583,0.024771,0.067826,9,9,1.0,49.689688,101406324.0
4717,2021,8,2021-08-01,0.778166,0.025419,0.057595,9,9,1.0,38.432852,97445628.0
4717,2021,9,2021-09-01,0.440243,0.027509,0.069044,9,9,1.0,27.212856,90094126.0
4717,2022,3,2022-03-01,0.072049,0.025832,0.035931,9,9,1.0,39.573989,95748274.0
4717,2022,4,2022-04-01,0.082373,0.028595,0.026737,9,9,1.0,38.887099,97595138.0
4717,2022,5,2022-05-01,0.168941,0.024104,0.016783,9,9,1.0,45.057697,92699999.0
4717,2022,6,2022-06-01,1.147802,0.026678,0.076796,9,9,1.0,43.069274,95901303.0
4717,2022,7,2022-07-01,1.141418,0.02737,0.069691,9,9,1.0,37.975888,102035161.0
4717,2022,8,2022-08-01,0.897656,0.023461,0.044351,9,9,1.0,46.535554,98258702.0
4717,2022,9,2022-09-01,0.31916,0.023935,0.038291,9,9,1.0,31.160483,88902747.0
4717,2023,3,2023-03-01,0.000427,0.028859,0.051215,9,9,1.0,32.835971,93671913.0
4717,2023,4,2023-04-01,0.116962,0.025102,0.039342,9,9,1.0,50.986654,98665163.0
4717,2023,5,2023-05-01,0.275877,0.022032,0.024392,9,9,1.0,41.86584,95301562.0
4717,2023,6,2023-06-01,0.978564,0.02671,0.075738,9,9,1.0,40.251132,96444568.0
4717,2023,7,2023-07-01,1.181184,0.030811,0.086648,9,9,1.0,33.445362,101753881.0
4717,2023,8,2023-08-01,0.759912,0.026206,0.080838,9,9,1.0,38.504937,96968132.0
4717,2023,9,2023-09-01,0.370836,0.025764,0.038014,9,9,1.0,24.868213,90239324.0
4717,2024,3,2024-03-01,0.083275,0.031262,0.034668,9,9,1.0,26.67452,86372445.0
4717,2024,4,2024-04-01,0.094111,0.030126,0.042066,9,9,1.0,36.902612,95332509.0
4717,2024,5,2024-05-01,0.233895,0.021409,0.026833,9,9,1.0,55.768651,89883638.0
4717,2024,6,2024-06-01,1.187037,0.029986,0.081358,9,9,1.0,33.559108,84217408.0
4717,2024,7,2024-07-01,1.184163,0.030091,0.067962,9,9,1.0,35.732687,95425695.0
4717,2024,8,2024-08-01,0.841454,0.026362,0.049207,9,9,1.0,36.071863,91425313.0
4717,2024,9,2024-09-01,0.406485,0.02156,0.039393,9,9,1.0,37.586268,85979995.0
4717,2025,3,2025-03-01,0.090786,0.030398,0.013733,9,9,1.0,25.130925,87368194.0
4717,2025,4,2025-04-01,0.098114,0.022504,0.035256,9,9,1.0,53.520932,96861891.0
4717,2025,5,2025-05-01,0.122442,0.023562,0.026407,9,9,1.0,38.231825,89188846.0
4717,2025,6,2025-06-01,0.793594,0.03084,0.047468,9,9,1.0,30.068,91704495.0
4717,2025,7,2025-07-01,1.223141,0.023992,0.046714,9,9,1.0,50.703307,94751856.0
4717,2025,8,2025-08-01,0.783023,0.026839,0.046358,9,9,1.0,32.474171,94948426.0
4717,2025,9,2025-09-01,0.409907,0.027076,0.059022,9,9,1.0,20.738526,89061648.0
4718,2019,3,2019-03-01,-0.008264,0.035304,0.027084,9,9,1.0,24.725974,73511224.0
4718,2019,4,2019-04-01,0.070672,0.025273,0.031719,9,9,1.0,47.397142,74389486.0
4718,2019,5,2019-05-01,0.109985,0.029628,0.030713,9,9,1.0,29.254303,73985614.0
4718,2019,6,2019-06-01,0.803592,0.028783,0.046444,9,9,1.0,43.909612,76811205.0
4718,2019,7,2019-07-01,0.996503,0.027733,0.029041,9,9,1.0,41.038168,76826548.0
4718,2019,8,2019-08-01,0.675724,0.029974,0.057201,9,9,1.0,34.612863,95194713.0
4718,2019,9,2019-09-01,0.33262,0.024651,0.031734,9,9,1.0,35.249621,91974497.0
4718,2020,3,2020-03-01,-0.076846,0.028461,0.033844,9,9,1.0,33.101528,94604585.0
4718,2020,4,2020-04-01,0.118306,0.035756,0.040208,9,9,1.0,27.016176,96808107.0
4718,2020,5,2020-05-01,0.17774,0.02697,0.027126,9,9,1.0,35.261079,93035456.0
4718,2020,6,2020-06-01,1.029597,0.02593,0.046537,9,9,1.0,45.993183,96006563.0
4718,2020,7,2020-07-01,1.005827,0.033978,0.038315,9,9,1.0,28.66971,99686529.0
4718,2020,8,2020-08-01,0.72373,0.024981,0.043442,9,9,1.0,44.781242,97684078.0
4718,2020,9,2020-09-01,0.350657,0.025194,0.030118,9,9,1.0,32.588217,91237630.0
4718,2021,3,2021-03-01,-0.036884,0.032498,0.031386,9,9,1.0,26.352944,94409616.0
4718,2021,4,2021-04-01,0.057609,0.028069,0.038427,9,9,1.0,40.483391,98410821.0
4718,2021,5,2021-05-01,0.08783,0.029882,0.041168,9,9,1.0,25.828473,91970868.0
4718,2021,6,2021-06-01,0.943959,0.02666,0.041326,9,9,1.0,44.660944,95947119.0
4718,2021,7,2021-07-01,1.084821,0.026136,0.042175,9,9,1.0,48.61289,101406324.0
4718,2021,8,2021-08-01,0.764249,0.026584,0.047183,9,9,1.0,37.120733,97445628.0
4718,2021,9,2021-09-01,0.384339,0.029758,0.046051,9,9,1.0,25.763751,90094126.0
4718,2022,3,2022-03-01,0.020778,0.027739,0.060825,9,9,1.0,40.076509,95748274.0
4718,2022,4,2022-04-01,0.129208,0.030264,0.02412,9,9,1.0,35.600939,97595138.0
4718,2022,5,2022-05-01,0.172665,0.0248,0.020673,9,9,1.0,42.32928,92699999.0
4718,2022,6,2022-06-01,1.093758,0.027435,0.039625,9,9,1.0,42.87837,95901303.0
4718,2022,7,2022-07-01,1.123766,0.028698,0.043759,9,9,1.0,38.51545,102035161.0
4718,2022,8,2022-08-01,0.806032,0.025,0.041058,9,9,1.0,45.399202,98258702.0
4718,2022,9,2022-09-01,0.331503,0.024474,0.049056,9,9,1.0,31.247837,88902747.0
4718,2023,3,2023-03-01,0.023465,0.030363,0.030312,9,9,1.0,32.276735,93671913.0
4718,2023,4,2023-04-01,0.067998,0.02706,0.044746,9,9,1.0,49.553015,98665163.0
4718,2023,5,2023-05-01,0.222682,0.023298,0.035022,9,9,1.0,42.371753,95301562.0
4718,2023,6,2023-06-01,0.964005,0.027761,0.069069,9,9,1.0,40.654508,96444568.0
4718,2023,7,2023-07-01,1.062611,0.031131,0.069952,9,9,1.0,35.017522,101753881.0
4718,2023,8,2023-08-01,0.729436,0.027197,0.054348,9,9,1.0,39.100436,96968132.0
4718,2023,9,2023-09-01,0.38996,0.027751,0.049964,9,9,1.0,24.675995,90239324.0
4718,2024,3,2024-03-01,0.002084,0.033833,0.050942,9,9,1.0,26.279017,86372445.0
4718,2024,4,2024-04-01,0.079546,0.032647,0.050694,9,9,1.0,36.549718,95332509.0
4718,2024,5,2024-05-01,0.230504,0.022601,0.032012,9,9,1.0,53.498707,89883638.0
4718,2024,6,2024-06-01,1.092632,0.031197,0.057168,9,9,1.0,32.956555,84217408.0
4718,2024,7,2024-07-01,1.125286,0.031878,0.051025,9,9,1.0,33.554875,95425695.0
4718,2024,8,2024-08-01,0.766743,0.027439,0.050821,9,9,1.0,36.021412,91425313.0
4718,2024,9,2024-09-01,0.368266,0.022626,0.02651,9,9,1.0,39.424478,85979995.0
4718,2025,3,2025-03-01,0.100685,0.032485,0.029361,9,9,1.0,24.974372,87368194.0
4718,2025,4,2025-04-01,0.061759,0.023871,0.023582,9,9,1.0,52.26393,96861891.0
4718,2025,5,2025-05-01,0.151393,0.025412,0.038182,9,9,1.0,37.10437,89188846.0
4718,2025,6,2025-06-01,0.837286,0.031819,0.050994,9,9,1.0,28.943702,91704495.0
4718,2025,7,2025-07-01,1.147403,0.025245,0.051136,9,9,1.0,50.389874,94751856.0
4718,2025,8,2025-08-01,0.74805,0.02816,0.042822,9,9,1.0,31.534311,94948426.0
4718,2025,9,2025-09-01,0.379579,0.028527,0.032161,9,9,1.0,20.411981,89061648.0
4787,2019,3,2019-03-01,0.005455,0.030987,0.044824,9,9,1.0,25.099406,73511224.0
4787,2019,4,2019-04-01,0.138083,0.023146,0.051142,9,9,1.0,48.693489,74389486.0
4787,2019,5,2019-05-01,0.102939,0.027095,0.065748,9,9,1.0,31.408392,73985614.0
4787,2019,6,2019-06-01,0.573381,0.028458,0.037019,9,9,1.0,40.40901,76811205.0
4787,2019,7,2019-07-01,0.813601,0.026229,0.040593,9,9,1.0,37.907879,76826548.0
4787,2019,8,2019-08-01,0.510847,0.028457,0.044889,9,9,1.0,31.974702,95194713.0
4787,2019,9,2019-09-01,0.291414,0.02281,0.048741,9,9,1.0,33.790932,91974497.0
4787,2020,3,2020-03-01,-0.045394,0.027253,0.045946,9,9,1.0,33.977654,94604585.0
4787,2020,4,2020-04-01,0.111109,0.029453,0.045769,9,9,1.0,32.954272,96808107.0
4787,2020,5,2020-05-01,0.2318,0.026019,0.043421,9,9,1.0,35.818611,93035456.0
4787,2020,6,2020-06-01,0.818519,0.022836,0.021659,9,9,1.0,47.74325,96006563.0
4787,2020,7,2020-07-01,0.745003,0.031529,0.055147,9,9,1.0,30.97843,99686529.0
4787,2020,8,2020-08-01,0.583834,0.022957,0.035967,9,9,1.0,46.570084,97684078.0
4787,2020,9,2020-09-01,0.285602,0.02362,0.028052,9,9,1.0,30.814143,91237630.0
4787,2021,3,2021-03-01,0.036652,0.028833,0.035317,9,9,1.0,30.923402,94409616.0
4787,2021,4,2021-04-01,0.135654,0.025467,0.038106,9,9,1.0,42.130665,98410821.0
4787,2021,5,2021-05-01,0.09608,0.028286,0.031508,9,9,1.0,25.404194,91970868.0
4787,2021,6,2021-06-01,0.744115,0.023614,0.051151,9,9,1.0,48.415756,95947119.0
4787,2021,7,2021-07-01,0.963703,0.023654,0.040995,9,9,1.0,46.321825,101406324.0
4787,2021,8,2021-08-01,0.637764,0.025225,0.04609,9,9,1.0,36.996199,97445628.0
4787,2021,9,2021-09-01,0.342684,0.026054,0.04953,9,9,1.0,26.420201,90094126.0
4787,2022,3,2022-03-01,0.056908,0.026168,0.042236,9,9,1.0,35.699203,95748274.0
4787,2022,4,2022-04-01,0.129183,0.026192,0.036201,9,9,1.0,41.004266,97595138.0
4787,2022,5,2022-05-01,0.16554,0.022634,0.04113,9,9,1.0,45.074884,92699999.0
4787,2022,6,2022-06-01,0.781223,0.025185,0.034381,9,9,1.0,44.849329,95901303.0
4787,2022,7,2022-07-01,0.839115,0.026962,0.054472,9,9,1.0,39.032761,102035161.0
4787,2022,8,2022-08-01,0.671421,0.023322,0.038872,9,9,1.0,41.547952,98258702.0
4787,2022,9,2022-09-01,0.263048,0.024724,0.045435,9,9,1.0,28.675332,88902747.0
4787,2023,3,2023-03-01,-0.015562,0.027517,0.042999,9,9,1.0,32.423566,93671913.0
4787,2023,4,2023-04-01,0.066301,0.024311,0.048019,9,9,1.0,50.966563,98665163.0
4787,2023,5,2023-05-01,0.237587,0.022058,0.033231,9,9,1.0,43.55647,95301562.0
4787,2023,6,2023-06-01,0.736379,0.02696,0.059776,9,9,1.0,36.489834,96444568.0
4787,2023,7,2023-07-01,0.86448,0.027907,0.055736,9,9,1.0,38.245268,101753881.0
4787,2023,8,2023-08-01,0.660687,0.026362,0.033799,9,9,1.0,35.115572,96968132.0
4787,2023,9,2023-09-01,0.387203,0.026551,0.044998,9,9,1.0,24.899841,90239324.0
4787,2024,3,2024-03-01,0.076886,0.032312,0.025392,9,9,1.0,21.489476,86372445.0
4787,2024,4,2024-04-01,0.073913,0.029706,0.037122,9,9,1.0,35.489671,95332509.0
4787,2024,5,2024-05-01,0.231192,0.021011,0.032374,9,9,1.0,48.597766,89883638.0
4787,2024,6,2024-06-01,0.815471,0.028135,0.038091,9,9,1.0,32.921212,84217408.0
4787,2024,7,2024-07-01,0.901877,0.029521,0.049104,9,9,1.0,32.077248,95425695.0
4787,2024,8,2024-08-01,0.665034,0.02599,0.040579,9,9,1.0,35.089014,91425313.0
4787,2024,9,2024-09-01,0.357326,0.022002,0.03236,9,9,1.0,34.82944,85979995.0
4787,2025,3,2025-03-01,0.115772,0.030372,0.037049,9,9,1.0,22.645309,87368194.0
4787,2025,4,2025-04-01,0.07481,0.02177,0.032894,9,9,1.0,52.760657,96861891.0
4787,2025,5,2025-05-01,0.145924,0.024348,0.049739,9,9,1.0,36.556044,89188846.0
4787,2025,6,2025-06-01,0.574677,0.029748,0.052673,9,9,1.0,30.416611,91704495.0
4787,2025,7,2025-07-01,0.996009,0.022909,0.042291,9,9,1.0,52.84145,94751856.0
4787,2025,8,2025-08-01,0.659735,0.027259,0.053672,9,9,1.0,33.233383,94948426.0
4787,2025,9,2025-09-01,0.314817,0.026426,0.053697,9,9,1.0,25.122326,89061648.0
4918,2019,3,2019-03-01,-0.079739,0.038202,0.038396,8,8,1.0,22.661235,73511224.0
4918,2019,4,2019-04-01,0.129773,0.028043,0.034939,8,8,1.0,51.642654,74389486.0
4918,2019,5,2019-05-01,0.051942,0.032335,0.057889,8,8,1.0,32.563533,73985614.0
4918,2019,6,2019-06-01,0.596213,0.032998,0.056486,8,8,1.0,39.647725,76811205.0
4918,2019,7,2019-07-01,0.689313,0.029885,0.032034,8,8,1.0,41.668821,76826548.0
4918,2019,8,2019-08-01,0.467682,0.032726,0.034108,8,8,1.0,31.422293,95194713.0
4918,2019,9,2019-09-01,0.265212,0.028036,0.04595,8,8,1.0,29.050545,91974497.0
4918,2020,3,2020-03-01,-0.064718,0.031067,0.047261,8,8,1.0,32.654352,94604585.0
4918,2020,4,2020-04-01,0.139253,0.035233,0.063943,8,8,1.0,32.269897,96808107.0
4918,2020,5,2020-05-01,0.111376,0.030515,0.028447,8,8,1.0,37.665713,93035456.0
4918,2020,6,2020-06-01,0.707219,0.02716,0.033081,8,8,1.0,47.159695,96006563.0
4918,2020,7,2020-07-01,0.771354,0.037418,0.058558,8,8,1.0,28.084426,99686529.0
4918,2020,8,2020-08-01,0.533916,0.028946,0.067546,8,8,1.0,39.126593,97684078.0
4918,2020,9,2020-09-01,0.278306,0.027658,0.041875,8,8,1.0,30.631138,91237630.0
4918,2021,3,2021-03-01,0.021983,0.034377,0.047851,8,8,1.0,28.741658,94409616.0
4918,2021,4,2021-04-01,0.119673,0.030918,0.050716,8,8,1.0,38.508022,98410821.0
4918,2021,5,2021-05-01,0.125931,0.034004,0.027079,8,8,1.0,28.191177,91970868.0
4918,2021,6,2021-06-01,0.704626,0.028706,0.028704,8,8,1.0,45.956325,95947119.0
4918,2021,7,2021-07-01,0.887445,0.02773,0.032027,8,8,1.0,47.529217,101406324.0
4918,2021,8,2021-08-01,0.580211,0.029407,0.02476,8,8,1.0,34.454228,97445628.0
4918,2021,9,2021-09-01,0.286502,0.031903,0.01356,8,8,1.0,24.975991,90094126.0
4918,2022,3,2022-03-01,0.067863,0.030312,0.062453,8,8,1.0,35.787961,95748274.0
4918,2022,4,2022-04-01,0.113271,0.031824,0.028731,8,8,1.0,43.793379,97595138.0
4918,2022,5,2022-05-01,0.13565,0.027652,0.049485,8,8,1.0,43.114198,92699999.0
4918,2022,6,2022-06-01,0.665702,0.029383,0.049211,8,8,1.0,45.481353,95901303.0
4918,2022,7,2022-07-01,0.799311,0.032104,0.031011,8,8,1.0,39.497837,102035161.0
4918,2022,8,2022-08-01,0.583686,0.02654,0.014864,8,8,1.0,45.485594,98258702.0
4918,2022,9,2022-09-01,0.239581,0.028934,0.032914,8,8,1.0,28.682767,88902747.0
4918,2023,3,2023-03-01,0.044908,0.032971,0.022564,8,8,1.0,30.7951,93671913.0
4918,2023,4,2023-04-01,0.176068,0.028181,0.045707,8,8,1.0,49.141513,98665163.0
4918,2023,5,2023-05-01,0.240493,0.027545,0.016004,8,8,1.0,42.547641,95301562.0
4918,2023,6,2023-06-01,0.64196,0.030579,0.026532,8,8,1.0,35.149977,96444568.0
4918,2023,7,2023-07-01,0.789077,0.034583,0.024303,8,8,1.0,34.360983,101753881.0
4918,2023,8,2023-08-01,0.574768,0.031182,0.022332,8,8,1.0,37.457538,96968132.0
4918,2023,9,2023-09-01,0.317215,0.030512,0.035381,8,8,1.0,24.392732,90239324.0
4918,2024,3,2024-03-01,0.041838,0.036101,0.030119,8,8,1.0,23.586808,86372445.0
4918,2024,4,2024-04-01,0.134563,0.0356,0.043125,8,8,1.0,32.577668,95332509.0
4918,2024,5,2024-05-01,0.257343,0.026293,0.04078,8,8,1.0,48.254993,89883638.0
4918,2024,6,2024-06-01,0.852492,0.032559,0.060721,8,8,1.0,31.525431,84217408.0
4918,2024,7,2024-07-01,0.81106,0.034533,0.043621,8,8,1.0,33.303163,95425695.0
4918,2024,8,2024-08-01,0.623784,0.029562,0.025175,8,8,1.0,35.928996,91425313.0
4918,2024,9,2024-09-01,0.357196,0.026513,0.026515,8,8,1.0,32.72414,85979995.0
4918,2025,3,2025-03-01,0.130175,0.034785,0.045532,8,8,1.0,24.231856,87368194.0
4918,2025,4,2025-04-01,0.079124,0.027069,0.022068,8,8,1.0,51.13383,96861891.0
4918,2025,5,2025-05-01,0.111754,0.028501,0.029244,8,8,1.0,39.452622,89188846.0
4918,2025,6,2025-06-01,0.572225,0.034571,0.051519,8,8,1.0,29.05315,91704495.0
4918,2025,7,2025-07-01,0.909095,0.027161,0.041968,8,8,1.0,50.772817,94751856.0
4918,2025,8,2025-08-01,0.549113,0.031764,0.060712,8,8,1.0,33.171072,94948426.0
4918,2025,9,2025-09-01,0.316033,0.030376,0.026691,8,8,1.0,22.638014,89061648.0
4984,2019,3,2019-03-01,-0.059376,0.038615,0.027125,12,12,1.0,22.985879,73511224.0
4984,2019,4,2019-04-01,0.100651,0.028048,0.033751,12,12,1.0,52.467669,74389486.0
4984,2019,5,2019-05-01,0.02465,0.03111,0.063877,12,12,1.0,34.016427,73985614.0
4984,2019,6,2019-06-01,0.497543,0.03188,0.028549,12,12,1.0,39.939409,76811205.0
4984,2019,7,2019-07-01,0.673378,0.029909,0.050998,12,12,1.0,42.278141,76826548.0
4984,2019,8,2019-08-01,0.409986,0.031831,0.028335,12,12,1.0,29.663714,95194713.0
4984,2019,9,2019-09-01,0.276621,0.027725,0.030816,12,12,1.0,29.470528,91974497.0
4984,2020,3,2020-03-01,-0.110539,0.031395,0.036577,12,12,1.0,32.130276,94604585.0
4984,2020,4,2020-04-01,0.122874,0.034132,0.045311,12,12,1.0,36.028532,96808107.0
4984,2020,5,2020-05-01,0.18596,0.030951,0.059071,12,12,1.0,35.7794,93035456.0
4984,2020,6,2020-06-01,0.646673,0.027369,0.055635,12,12,1.0,44.662345,96006563.0
4984,2020,7,2020-07-01,0.645853,0.037497,0.032377,12,12,1.0,24.166712,99686529.0
4984,2020,8,2020-08-01,0.506511,0.029142,0.050595,12,12,1.0,40.896518,97684078.0
4984,2020,9,2020-09-01,0.239486,0.02714,0.023191,12,12,1.0,29.116093,91237630.0
4984,2021,3,2021-03-01,0.041986,0.033866,0.048022,12,12,1.0,28.866686,94409616.0
4984,2021,4,2021-04-01,0.158231,0.03127,0.067386,12,12,1.0,41.789416,98410821.0
4984,2021,5,2021-05-01,0.086331,0.035303,0.031878,12,12,1.0,29.378184,91970868.0
4984,2021,6,2021-06-01,0.651782,0.028221,0.064573,12,12,1.0,43.214173,95947119.0
4984,2021,7,2021-07-01,0.80912,0.028192,0.06184,12,12,1.0,46.167552,101406324.0
4984,2021,8,2021-08-01,0.53766,0.031005,0.038167,12,12,1.0,32.621946,97445628.0
4984,2021,9,2021-09-01,0.27145,0.031014,0.023427,12,12,1.0,26.818487,90094126.0
4984,2022,3,2022-03-01,0.037759,0.030671,0.035562,12,12,1.0,36.943192,95748274.0
4984,2022,4,2022-04-01,0.107117,0.032298,0.069413,12,12,1.0,45.508259,97595138.0
4984,2022,5,2022-05-01,0.145393,0.027073,0.045838,12,12,1.0,44.005772,92699999.0
4984,2022,6,2022-06-01,0.615284,0.028808,0.055836,12,12,1.0,43.338652,95901303.0
4984,2022,7,2022-07-01,0.685327,0.032093,0.045409,12,12,1.0,37.08182,102035161.0
4984,2022,8,2022-08-01,0.552506,0.025897,0.055979,12,12,1.0,42.929,98258702.0
4984,2022,9,2022-09-01,0.174663,0.028444,0.040018,12,12,1.0,29.212915,88902747.0
4984,2023,3,2023-03-01,0.006566,0.033016,0.032434,12,12,1.0,32.70992,93671913.0
4984,2023,4,2023-04-01,0.082229,0.028572,0.03275,12,12,1.0,52.054136,98665163.0
4984,2023,5,2023-05-01,0.242968,0.026588,0.042314,12,12,1.0,44.502422,95301562.0
4984,2023,6,2023-06-01,0.598516,0.029803,0.058791,12,12,1.0,35.467839,96444568.0
4984,2023,7,2023-07-01,0.699034,0.034239,0.040053,12,12,1.0,33.855305,101753881.0
4984,2023,8,2023-08-01,0.52832,0.031273,0.051593,12,12,1.0,36.62308,96968132.0
4984,2023,9,2023-09-01,0.300386,0.030416,0.037834,12,12,1.0,24.582896,90239324.0
4984,2024,3,2024-03-01,0.093041,0.03667,0.054191,12,12,1.0,22.89148,86372445.0
4984,2024,4,2024-04-01,0.096393,0.034927,0.034793,12,12,1.0,34.135008,95332509.0
4984,2024,5,2024-05-01,0.267528,0.026036,0.017255,12,12,1.0,47.641322,89883638.0
4984,2024,6,2024-06-01,0.766645,0.032882,0.071065,12,12,1.0,29.921086,84217408.0
4984,2024,7,2024-07-01,0.800076,0.034059,0.046261,12,12,1.0,32.527849,95425695.0
4984,2024,8,2024-08-01,0.597409,0.027952,0.044471,12,12,1.0,38.036511,91425313.0
4984,2024,9,2024-09-01,0.326136,0.026044,0.019005,12,12,1.0,33.937762,85979995.0
4984,2025,3,2025-03-01,0.112363,0.035794,0.032747,12,12,1.0,25.213159,87368194.0
4984,2025,4,2025-04-01,0.172542,0.027465,0.053073,12,12,1.0,52.200005,96861891.0
4984,2025,5,2025-05-01,0.120764,0.027846,0.044559,12,12,1.0,39.550622,89188846.0
4984,2025,6,2025-06-01,0.495353,0.034333,0.040387,12,12,1.0,28.369261,91704495.0
4984,2025,7,2025-07-01,0.836037,0.026878,0.054715,12,12,1.0,48.074132,94751856.0
4984,2025,8,2025-08-01,0.572778,0.030313,0.062102,12,12,1.0,33.964681,94948426.0
4984,2025,9,2025-09-01,0.328678,0.029057,0.024633,12,12,1.0,24.564062,89061648.0
5246,2019,3,2019-03-01,-0.062526,0.038492,0.022516,8,8,1.0,24.949998,73511224.0
5246,2019,4,2019-04-01,0.095573,0.028558,0.027716,8,8,1.0,50.314263,74389486.0
5246,2019,5,2019-05-01,0.070148,0.030789,0.031408,8,8,1.0,36.566972,73985614.0
5246,2019,6,2019-06-01,0.463416,0.029387,0.034042,8,8,1.0,42.051101,76811205.0
5246,2019,7,2019-07-01,0.573686,0.030899,0.025796,8,8,1.0,34.642496,76826548.0
5246,2019,8,2019-08-01,0.3949,0.029789,0.03019,8,8,1.0,38.549399,95194713.0
5246,2019,9,2019-09-01,0.205198,0.027111,0.018811,8,8,1.0,27.986001,91974497.0
5246,2020,3,2020-03-01,-0.113847,0.033823,0.024183,8,8,1.0,27.216779,94604585.0
5246,2020,4,2020-04-01,0.084972,0.035185,0.042995,8,8,1.0,35.545833,96808107.0
5246,2020,5,2020-05-01,0.154134,0.030783,0.033955,8,8,1.0,37.457523,93035456.0
5246,2020,6,2020-06-01,0.597258,0.02651,0.061605,8,8,1.0,49.561437,96006563.0
5246,2020,7,2020-07-01,0.672072,0.034906,0.051244,8,8,1.0,26.686879,99686529.0
5246,2020,8,2020-08-01,0.46174,0.026748,0.033776,8,8,1.0,46.604901,97684078.0
5246,2020,9,2020-09-01,0.276259,0.027469,0.015638,8,8,1.0,27.817835,91237630.0
5246,2021,3,2021-03-01,0.045029,0.034723,0.061638,8,8,1.0,28.61884,94409616.0
5246,2021,4,2021-04-01,0.149992,0.030311,0.058464,8,8,1.0,45.442043,98410821.0
5246,2021,5,2021-05-01,0.068951,0.034977,0.048774,8,8,1.0,31.180197,91970868.0
5246,2021,6,2021-06-01,0.536279,0.027383,0.032379,8,8,1.0,42.965426,95947119.0
5246,2021,7,2021-07-01,0.700213,0.027627,0.061484,8,8,1.0,47.237516,101406324.0
5246,2021,8,2021-08-01,0.440364,0.029308,0.053765,8,8,1.0,37.413937,97445628.0
5246,2021,9,2021-09-01,0.253002,0.028892,0.020342,8,8,1.0,29.167161,90094126.0
5246,2022,3,2022-03-01,0.042952,0.031679,0.03736,8,8,1.0,34.464593,95748274.0
5246,2022,4,2022-04-01,0.092623,0.030601,0.024195,8,8,1.0,50.548993,97595138.0
5246,2022,5,2022-05-01,0.078468,0.029336,0.043068,8,8,1.0,40.40775,92699999.0
5246,2022,6,2022-06-01,0.515973,0.029453,0.04578,8,8,1.0,41.327997,95901303.0
5246,2022,7,2022-07-01,0.584859,0.029349,0.052296,8,8,1.0,42.787351,102035161.0
5246,2022,8,2022-08-01,0.551669,0.027303,0.046911,8,8,1.0,43.825378,98258702.0
5246,2022,9,2022-09-01,0.211046,0.028989,0.039709,8,8,1.0,27.528236,88902747.0
5246,2023,3,2023-03-01,0.063979,0.033012,0.020833,8,8,1.0,32.359059,93671913.0
5246,2023,4,2023-04-01,0.091408,0.028101,0.02054,8,8,1.0,55.139339,98665163.0
5246,2023,5,2023-05-01,0.217334,0.027093,0.022747,8,8,1.0,46.235154,95301562.0
5246,2023,6,2023-06-01,0.578168,0.030064,0.057545,8,8,1.0,39.517899,96444568.0
5246,2023,7,2023-07-01,0.709887,0.032802,0.061174,8,8,1.0,37.249689,101753881.0
5246,2023,8,2023-08-01,0.471581,0.030385,0.055469,8,8,1.0,35.937752,96968132.0
5246,2023,9,2023-09-01,0.292758,0.029043,0.019748,8,8,1.0,27.383448,90239324.0
5246,2024,3,2024-03-01,0.100363,0.037287,0.053778,8,8,1.0,23.543137,86372445.0
5246,2024,4,2024-04-01,0.09575,0.034863,0.030653,8,8,1.0,36.212477,95332509.0
5246,2024,5,2024-05-01,0.247509,0.027123,0.025159,8,8,1.0,47.641823,89883638.0
5246,2024,6,2024-06-01,0.657483,0.032497,0.055563,8,8,1.0,27.529001,84217408.0
5246,2024,7,2024-07-01,0.759029,0.031588,0.08444,8,8,1.0,33.129082,95425695.0
5246,2024,8,2024-08-01,0.564998,0.028143,0.051606,8,8,1.0,36.311085,91425313.0
5246,2024,9,2024-09-01,0.242885,0.026093,0.039054,8,8,1.0,30.8274,85979995.0
5246,2025,3,2025-03-01,0.125344,0.034951,0.051182,8,8,1.0,25.522168,87368194.0
5246,2025,4,2025-04-01,0.067977,0.026461,0.025814,8,8,1.0,56.526041,96861891.0
5246,2025,5,2025-05-01,0.126722,0.026784,0.031486,8,8,1.0,40.639182,89188846.0
5246,2025,6,2025-06-01,0.43836,0.032757,0.066106,8,8,1.0,32.819887,91704495.0
5246,2025,7,2025-07-01,0.71251,0.025751,0.05948,8,8,1.0,52.658198,94751856.0
5246,2025,8,2025-08-01,0.525274,0.031079,0.0354,8,8,1.0,33.00934,94948426.0
5246,2025,9,2025-09-01,0.286485,0.028405,0.031903,8,8,1.0,22.94273,89061648.0
5318,2019,3,2019-03-01,-0.012472,0.038169,0.058917,6,6,1.0,29.049523,73511224.0
5318,2019,4,2019-04-01,0.095987,0.030006,0.059085,6,6,1.0,50.434604,74389486.0
5318,2019,5,2019-05-01,0.05092,0.031593,0.028012,6,6,1.0,37.998883,73985614.0
5318,2019,6,2019-06-01,0.257527,0.030729,0.039471,6,6,1.0,34.983501,76811205.0
5318,2019,7,2019-07-01,0.495347,0.030055,0.038309,6,6,1.0,37.417982,76826548.0
5318,2019,8,2019-08-01,0.29898,0.031612,0.04987,6,6,1.0,31.180849,95194713.0
5318,2019,9,2019-09-01,0.213877,0.027849,0.028787,6,6,1.0,21.860585,91974497.0
5318,2020,3,2020-03-01,-0.125546,0.034676,0.042212,6,6,1.0,31.339841,94604585.0
5318,2020,4,2020-04-01,0.037414,0.033383,0.026197,6,6,1.0,40.786148,96808107.0
5318,2020,5,2020-05-01,0.108634,0.035941,0.050232,6,6,1.0,31.685426,93035456.0
5318,2020,6,2020-06-01,0.414472,0.025567,0.02402,6,6,1.0,45.127236,96006563.0
5318,2020,7,2020-07-01,0.505747,0.034367,0.042278,6,6,1.0,28.606685,99686529.0
5318,2020,8,2020-08-01,0.418007,0.027191,0.064381,6,6,1.0,43.97866,97684078.0
5318,2020,9,2020-09-01,0.242463,0.025037,0.021721,6,6,1.0,32.723615,91237630.0
5318,2021,3,2021-03-01,-0.036157,0.033835,0.020214,6,6,1.0,32.648058,94409616.0
5318,2021,4,2021-04-01,0.077994,0.033044,0.027311,6,6,1.0,44.379203,98410821.0
5318,2021,5,2021-05-01,0.073697,0.038576,0.025233,6,6,1.0,23.621571,91970868.0
5318,2021,6,2021-06-01,0.387628,0.026845,0.048862,6,6,1.0,41.867697,95947119.0
5318,2021,7,2021-07-01,0.494008,0.027063,0.046182,6,6,1.0,46.671498,101406324.0
5318,2021,8,2021-08-01,0.456374,0.028791,0.026,6,6,1.0,33.340384,97445628.0
5318,2021,9,2021-09-01,0.211478,0.028746,0.023281,6,6,1.0,28.378309,90094126.0
5318,2022,3,2022-03-01,0.073779,0.033735,0.052697,6,6,1.0,32.835056,95748274.0
5318,2022,4,2022-04-01,0.063011,0.032076,0.030553,6,6,1.0,46.323459,97595138.0
5318,2022,5,2022-05-01,0.103029,0.029015,0.037598,6,6,1.0,37.899268,92699999.0
5318,2022,6,2022-06-01,0.451387,0.029289,0.07451,6,6,1.0,38.826912,95901303.0
5318,2022,7,2022-07-01,0.508028,0.030316,0.034263,6,6,1.0,33.11312,102035161.0
5318,2022,8,2022-08-01,0.422976,0.026246,0.014524,6,6,1.0,46.029366,98258702.0
5318,2022,9,2022-09-01,0.166265,0.030733,0.042698,6,6,1.0,24.316668,88902747.0
5318,2023,3,2023-03-01,-0.009053,0.034343,0.050625,6,6,1.0,30.389891,93671913.0
5318,2023,4,2023-04-01,0.07861,0.029749,0.025755,6,6,1.0,55.706167,98665163.0
5318,2023,5,2023-05-01,0.229671,0.026936,0.036114,6,6,1.0,45.35195,95301562.0
5318,2023,6,2023-06-01,0.401832,0.027298,0.027448,6,6,1.0,40.224504,96444568.0
5318,2023,7,2023-07-01,0.48073,0.031344,0.054924,6,6,1.0,34.43542,101753881.0
5318,2023,8,2023-08-01,0.445521,0.027531,0.037702,6,6,1.0,35.707816,96968132.0
5318,2023,9,2023-09-01,0.215602,0.027713,0.037884,6,6,1.0,26.422598,90239324.0
5318,2024,3,2024-03-01,0.030165,0.036896,0.036597,6,6,1.0,23.688294,86372445.0
5318,2024,4,2024-04-01,0.028546,0.036732,0.02314,6,6,1.0,36.840683,95332509.0
5318,2024,5,2024-05-01,0.138923,0.028732,0.03394,6,6,1.0,43.733446,89883638.0
5318,2024,6,2024-06-01,0.457609,0.033224,0.024732,6,6,1.0,25.14339,84217408.0
5318,2024,7,2024-07-01,0.570652,0.030923,0.050322,6,6,1.0,34.886551,95425695.0
5318,2024,8,2024-08-01,0.472571,0.027729,0.021897,6,6,1.0,38.260805,91425313.0
5318,2024,9,2024-09-01,0.283321,0.026627,0.023137,6,6,1.0,28.534862,85979995.0
5318,2025,3,2025-03-01,0.104452,0.034799,0.028895,6,6,1.0,25.594434,87368194.0
5318,2025,4,2025-04-01,0.104352,0.029048,0.030506,6,6,1.0,58.653838,96861891.0
5318,2025,5,2025-05-01,0.12324,0.030064,0.03322,6,6,1.0,35.837669,89188846.0
5318,2025,6,2025-06-01,0.271412,0.032767,0.049579,6,6,1.0,34.265997,91704495.0
5318,2025,7,2025-07-01,0.531782,0.024835,0.020808,6,6,1.0,55.271411,94751856.0
5318,2025,8,2025-08-01,0.463544,0.029378,0.033001,6,6,1.0,33.130613,94948426.0
5318,2025,9,2025-09-01,0.284882,0.026713,0.062024,6,6,1.0,26.92882,89061648.0
5384,2019,3,2019-03-01,-0.073889,0.035983,0.04464,9,9,1.0,29.30498,73511224.0
5384,2019,4,2019-04-01,0.107568,0.027684,0.019735,9,9,1.0,55.686445,74389486.0
5384,2019,5,2019-05-01,0.092134,0.030532,0.023315,9,9,1.0,35.868843,73985614.0
5384,2019,6,2019-06-01,0.312937,0.029206,0.032563,9,9,1.0,34.401493,76811205.0
5384,2019,7,2019-07-01,0.451021,0.028546,0.043132,9,9,1.0,35.181539,76826548.0
5384,2019,8,2019-08-01,0.237442,0.029368,0.071289,9,9,1.0,31.411985,95194713.0
5384,2019,9,2019-09-01,0.156391,0.026843,0.051313,9,9,1.0,24.033801,91974497.0
5384,2020,3,2020-03-01,-0.12712,0.03334,0.038517,9,9,1.0,31.447198,94604585.0
5384,2020,4,2020-04-01,0.055276,0.03217,0.020722,9,9,1.0,42.730729,96808107.0
5384,2020,5,2020-05-01,0.060043,0.036472,0.046306,9,9,1.0,29.30192,93035456.0
5384,2020,6,2020-06-01,0.407315,0.024721,0.022969,9,9,1.0,45.972294,96006563.0
5384,2020,7,2020-07-01,0.447533,0.032403,0.060315,9,9,1.0,27.667832,99686529.0
5384,2020,8,2020-08-01,0.347173,0.025646,0.049735,9,9,1.0,44.282413,97684078.0
5384,2020,9,2020-09-01,0.197675,0.02465,0.033885,9,9,1.0,31.615955,91237630.0
5384,2021,3,2021-03-01,-0.049654,0.031798,0.044966,9,9,1.0,32.465358,94409616.0
5384,2021,4,2021-04-01,0.03109,0.029995,0.029126,9,9,1.0,48.30737,98410821.0
5384,2021,5,2021-05-01,0.019042,0.038156,0.058489,9,9,1.0,24.848641,91970868.0
5384,2021,6,2021-06-01,0.341642,0.025564,0.028429,9,9,1.0,44.309686,95947119.0
5384,2021,7,2021-07-01,0.503074,0.025415,0.039635,9,9,1.0,48.484366,101406324.0
5384,2021,8,2021-08-01,0.337531,0.028378,0.037919,9,9,1.0,32.870711,97445628.0
5384,2021,9,2021-09-01,0.194965,0.027935,0.041148,9,9,1.0,24.495121,90094126.0
5384,2022,3,2022-03-01,0.017816,0.03163,0.061267,9,9,1.0,31.879739,95748274.0
5384,2022,4,2022-04-01,0.089237,0.03062,0.022902,9,9,1.0,48.164217,97595138.0
5384,2022,5,2022-05-01,0.058081,0.028116,0.025518,9,9,1.0,36.23911,92699999.0
5384,2022,6,2022-06-01,0.35739,0.027288,0.019502,9,9,1.0,41.324151,95901303.0
5384,2022,7,2022-07-01,0.501054,0.028874,0.046858,9,9,1.0,35.610134,102035161.0
5384,2022,8,2022-08-01,0.43209,0.025172,0.035312,9,9,1.0,45.159747,98258702.0
5384,2022,9,2022-09-01,0.158949,0.028734,0.031886,9,9,1.0,23.886769,88902747.0
5384,2023,3,2023-03-01,-0.026521,0.033179,0.040393,9,9,1.0,31.20075,93671913.0
5384,2023,4,2023-04-01,0.041654,0.027944,0.034227,9,9,1.0,58.170066,98665163.0
5384,2023,5,2023-05-01,0.161584,0.026206,0.032563,9,9,1.0,46.817543,95301562.0
5384,2023,6,2023-06-01,0.378693,0.026567,0.045834,9,9,1.0,39.537313,96444568.0
5384,2023,7,2023-07-01,0.448691,0.030533,0.053835,9,9,1.0,33.406449,101753881.0
5384,2023,8,2023-08-01,0.383949,0.027805,0.056142,9,9,1.0,34.180495,96968132.0
5384,2023,9,2023-09-01,0.276481,0.027662,0.037892,9,9,1.0,27.088951,90239324.0
5384,2024,3,2024-03-01,0.021921,0.035514,0.046517,9,9,1.0,22.628061,86372445.0
5384,2024,4,2024-04-01,0.063851,0.034426,0.036969,9,9,1.0,39.56926,95332509.0
5384,2024,5,2024-05-01,0.159251,0.027166,0.043716,9,9,1.0,43.09935,89883638.0
5384,2024,6,2024-06-01,0.434239,0.031969,0.035471,9,9,1.0,24.732653,84217408.0
5384,2024,7,2024-07-01,0.519865,0.028413,0.073287,9,9,1.0,35.553241,95425695.0
5384,2024,8,2024-08-01,0.459486,0.025988,0.029449,9,9,1.0,41.893927,91425313.0
5384,2024,9,2024-09-01,0.297767,0.025308,0.036478,9,9,1.0,31.876589,85979995.0
5384,2025,3,2025-03-01,0.046032,0.032258,0.029218,9,9,1.0,25.196822,87368194.0
5384,2025,4,2025-04-01,0.051513,0.027764,0.051969,9,9,1.0,58.542218,96861891.0
5384,2025,5,2025-05-01,0.099844,0.028406,0.021806,9,9,1.0,37.668603,89188846.0
5384,2025,6,2025-06-01,0.27221,0.031536,0.06321,9,9,1.0,33.974259,91704495.0
5384,2025,7,2025-07-01,0.504872,0.0239,0.041388,9,9,1.0,53.403463,94751856.0
5384,2025,8,2025-08-01,0.447395,0.028308,0.033536,9,9,1.0,31.291693,94948426.0
5384,2025,9,2025-09-01,0.284917,0.025157,0.04995,9,9,1.0,27.878256,89061648.0
5449,2019,3,2019-03-01,-0.04241,0.032375,0.034616,9,9,1.0,31.081452,73511224.0
5449,2019,4,2019-04-01,0.114177,0.025333,0.027689,9,9,1.0,55.128098,74389486.0
5449,2019,5,2019-05-01,0.0289,0.026696,0.032378,9,9,1.0,39.855038,73985614.0
5449,2019,6,2019-06-01,0.342348,0.028168,0.036895,9,9,1.0,34.302387,76811205.0
5449,2019,7,2019-07-01,0.464511,0.026512,0.047121,9,9,1.0,35.524072,76826548.0
5449,2019,8,2019-08-01,0.279431,0.026475,0.063207,9,9,1.0,31.287165,95194713.0
5449,2019,9,2019-09-01,0.168293,0.024513,0.037115,9,9,1.0,26.375843,91974497.0
5449,2020,3,2020-03-01,-0.103188,0.030342,0.049765,9,9,1.0,29.239369,94604585.0
5449,2020,4,2020-04-01,0.058788,0.029436,0.035503,9,9,1.0,42.741157,96808107.0
5449,2020,5,2020-05-01,0.131313,0.030269,0.044574,9,9,1.0,35.070949,93035456.0
5449,2020,6,2020-06-01,0.421743,0.023437,0.027597,9,9,1.0,46.598722,96006563.0
5449,2020,7,2020-07-01,0.436561,0.030244,0.064931,9,9,1.0,30.985989,99686529.0
5449,2020,8,2020-08-01,0.402634,0.024356,0.028446,9,9,1.0,42.414514,97684078.0
5449,2020,9,2020-09-01,0.198306,0.023798,0.03041,9,9,1.0,31.775883,91237630.0
5449,2021,3,2021-03-01,-0.034107,0.028362,0.019553,9,9,1.0,32.010402,94409616.0
5449,2021,4,2021-04-01,0.03269,0.026438,0.078254,9,9,1.0,46.600581,98410821.0
5449,2021,5,2021-05-01,0.087644,0.033452,0.040703,9,9,1.0,23.978183,91970868.0
5449,2021,6,2021-06-01,0.358995,0.023612,0.048326,9,9,1.0,44.088739,95947119.0
5449,2021,7,2021-07-01,0.501913,0.023224,0.03808,9,9,1.0,49.953734,101406324.0
5449,2021,8,2021-08-01,0.375539,0.025129,0.038205,9,9,1.0,33.143766,97445628.0
5449,2021,9,2021-09-01,0.156839,0.024182,0.035561,9,9,1.0,25.189307,90094126.0
5449,2022,3,2022-03-01,-0.009516,0.029986,0.037568,9,9,1.0,30.497693,95748274.0
5449,2022,4,2022-04-01,0.111592,0.026942,0.031816,9,9,1.0,50.790907,97595138.0
5449,2022,5,2022-05-01,0.118453,0.026002,0.037967,9,9,1.0,36.097513,92699999.0
5449,2022,6,2022-06-01,0.380128,0.024972,0.045815,9,9,1.0,41.073105,95901303.0
5449,2022,7,2022-07-01,0.406003,0.027646,0.052608,9,9,1.0,34.106053,102035161.0
5449,2022,8,2022-08-01,0.383803,0.023445,0.048592,9,9,1.0,43.569409,98258702.0
5449,2022,9,2022-09-01,0.131906,0.024929,0.02979,9,9,1.0,25.643521,88902747.0
5449,2023,3,2023-03-01,-0.007885,0.030235,0.046261,9,9,1.0,30.708584,93671913.0
5449,2023,4,2023-04-01,0.078097,0.025615,0.043353,9,9,1.0,57.040874,98665163.0
5449,2023,5,2023-05-01,0.19159,0.023775,0.06857,9,9,1.0,46.193119,95301562.0
5449,2023,6,2023-06-01,0.400838,0.025796,0.050237,9,9,1.0,38.712337,96444568.0
5449,2023,7,2023-07-01,0.487449,0.027813,0.054903,9,9,1.0,33.837605,101753881.0
5449,2023,8,2023-08-01,0.401422,0.025751,0.043528,9,9,1.0,34.634614,96968132.0
5449,2023,9,2023-09-01,0.229132,0.024033,0.036757,9,9,1.0,27.443706,90239324.0
5449,2024,3,2024-03-01,0.057658,0.032143,0.050186,9,9,1.0,22.225196,86372445.0
5449,2024,4,2024-04-01,0.080463,0.029749,0.056295,9,9,1.0,40.689979,95332509.0
5449,2024,5,2024-05-01,0.145824,0.023764,0.050229,9,9,1.0,45.803296,89883638.0
5449,2024,6,2024-06-01,0.472841,0.029387,0.048498,9,9,1.0,26.255598,84217408.0
5449,2024,7,2024-07-01,0.618355,0.026696,0.059717,9,9,1.0,35.349218,95425695.0
5449,2024,8,2024-08-01,0.466774,0.023633,0.047234,9,9,1.0,43.793751,91425313.0
5449,2024,9,2024-09-01,0.262555,0.023461,0.027788,9,9,1.0,34.165084,85979995.0
5449,2025,3,2025-03-01,0.054769,0.028235,0.044841,9,9,1.0,26.723452,87368194.0
5449,2025,4,2025-04-01,0.084785,0.025472,0.022268,9,9,1.0,56.971215,96861891.0
5449,2025,5,2025-05-01,0.091476,0.024719,0.032889,9,9,1.0,37.729331,89188846.0
5449,2025,6,2025-06-01,0.33982,0.028896,0.046342,9,9,1.0,32.475264,91704495.0
5449,2025,7,2025-07-01,0.536001,0.022195,0.037082,9,9,1.0,53.427494,94751856.0
5449,2025,8,2025-08-01,0.388393,0.02557,0.070007,9,9,1.0,31.090819,94948426.0
5449,2025,9,2025-09-01,0.245433,0.023632,0.060054,9,9,1.0,25.464595,89061648.0
5450,2019,3,2019-03-01,-0.076997,0.032937,0.037644,9,9,1.0,30.079728,73511224.0
5450,2019,4,2019-04-01,0.086438,0.025931,0.023174,9,9,1.0,58.043493,74389486.0
5450,2019,5,2019-05-01,0.020576,0.026895,0.061066,9,9,1.0,36.587962,73985614.0
5450,2019,6,2019-06-01,0.320117,0.027464,0.033691,9,9,1.0,33.704039,76811205.0
5450,2019,7,2019-07-01,0.446108,0.026783,0.029048,9,9,1.0,34.68193,76826548.0
5450,2019,8,2019-08-01,0.223653,0.02677,0.043885,9,9,1.0,30.421613,95194713.0
5450,2019,9,2019-09-01,0.149609,0.025148,0.048051,9,9,1.0,26.313456,91974497.0
5450,2020,3,2020-03-01,-0.126117,0.032128,0.034259,9,9,1.0,30.470409,94604585.0
5450,2020,4,2020-04-01,0.051538,0.030196,0.025858,9,9,1.0,44.145211,96808107.0
5450,2020,5,2020-05-01,0.104728,0.03386,0.029445,9,9,1.0,30.368531,93035456.0
5450,2020,6,2020-06-01,0.40092,0.023303,0.031325,9,9,1.0,44.825731,96006563.0
5450,2020,7,2020-07-01,0.421791,0.030463,0.043264,9,9,1.0,29.703739,99686529.0
5450,2020,8,2020-08-01,0.331744,0.024328,0.038761,9,9,1.0,43.628937,97684078.0
5450,2020,9,2020-09-01,0.202308,0.023426,0.031141,9,9,1.0,30.350029,91237630.0
5450,2021,3,2021-03-01,-0.043687,0.029617,0.040876,9,9,1.0,32.167082,94409616.0
5450,2021,4,2021-04-01,0.03903,0.02764,0.02676,9,9,1.0,48.81378,98410821.0
5450,2021,5,2021-05-01,0.094499,0.033168,0.048363,9,9,1.0,26.00433,91970868.0
5450,2021,6,2021-06-01,0.3053,0.023925,0.050061,9,9,1.0,44.557353,95947119.0
5450,2021,7,2021-07-01,0.473309,0.024455,0.034002,9,9,1.0,49.735998,101406324.0
5450,2021,8,2021-08-01,0.380145,0.027296,0.048746,9,9,1.0,30.923885,97445628.0
5450,2021,9,2021-09-01,0.17543,0.025508,0.032769,9,9,1.0,24.41569,90094126.0
5450,2022,3,2022-03-01,-0.022281,0.030643,0.027721,9,9,1.0,30.170302,95748274.0
5450,2022,4,2022-04-01,0.099182,0.027515,0.033992,9,9,1.0,54.35273,97595138.0
5450,2022,5,2022-05-01,0.065833,0.025882,0.03375,9,9,1.0,38.902274,92699999.0
5450,2022,6,2022-06-01,0.386823,0.025225,0.041798,9,9,1.0,41.000258,95901303.0
5450,2022,7,2022-07-01,0.468937,0.026224,0.038618,9,9,1.0,35.916086,102035161.0
5450,2022,8,2022-08-01,0.403772,0.023245,0.032285,9,9,1.0,45.193689,98258702.0
5450,2022,9,2022-09-01,0.141878,0.025624,0.019889,9,9,1.0,25.320252,88902747.0
5450,2023,3,2023-03-01,-0.009445,0.031379,0.040881,9,9,1.0,31.423951,93671913.0
5450,2023,4,2023-04-01,0.088168,0.025912,0.036696,9,9,1.0,59.538741,98665163.0
5450,2023,5,2023-05-01,0.168836,0.024525,0.028673,9,9,1.0,47.203243,95301562.0
5450,2023,6,2023-06-01,0.370066,0.024602,0.019573,9,9,1.0,41.314853,96444568.0
5450,2023,7,2023-07-01,0.435848,0.028811,0.051218,9,9,1.0,33.419009,101753881.0
5450,2023,8,2023-08-01,0.390631,0.026012,0.036978,9,9,1.0,33.95151,96968132.0
5450,2023,9,2023-09-01,0.29175,0.02615,0.027454,9,9,1.0,26.810617,90239324.0
5450,2024,3,2024-03-01,0.005353,0.03389,0.048715,9,9,1.0,21.949751,86372445.0
5450,2024,4,2024-04-01,0.033688,0.031268,0.048926,9,9,1.0,41.997779,95332509.0
5450,2024,5,2024-05-01,0.17336,0.024802,0.034237,9,9,1.0,45.051187,89883638.0
5450,2024,6,2024-06-01,0.400401,0.029186,0.058546,9,9,1.0,26.235772,84217408.0
5450,2024,7,2024-07-01,0.542045,0.026599,0.066675,9,9,1.0,34.898482,95425695.0
5450,2024,8,2024-08-01,0.466711,0.023869,0.021496,9,9,1.0,43.053455,91425313.0
5450,2024,9,2024-09-01,0.277886,0.023783,0.036971,9,9,1.0,33.755016,85979995.0
5450,2025,3,2025-03-01,0.042754,0.030619,0.015598,9,9,1.0,25.86221,87368194.0
5450,2025,4,2025-04-01,0.095185,0.02637,0.068836,9,9,1.0,56.588653,96861891.0
5450,2025,5,2025-05-01,0.0833,0.026534,0.035453,9,9,1.0,36.323484,89188846.0
5450,2025,6,2025-06-01,0.297104,0.028405,0.031387,9,9,1.0,35.523213,91704495.0
5450,2025,7,2025-07-01,0.503896,0.022355,0.040156,9,9,1.0,52.728541,94751856.0
5450,2025,8,2025-08-01,0.447682,0.02631,0.03979,9,9,1.0,31.339979,94948426.0
5450,2025,9,2025-09-01,0.270655,0.02312,0.048289,9,9,1.0,28.048411,89061648.0
5516,2019,3,2019-03-01,-0.082598,0.032653,0.028435,9,9,1.0,28.610723,73511224.0
5516,2019,4,2019-04-01,0.10765,0.026078,0.039993,9,9,1.0,58.20073,74389486.0
5516,2019,5,2019-05-01,-0.019723,0.026322,0.048836,9,9,1.0,38.734885,73985614.0
5516,2019,6,2019-06-01,0.282889,0.02785,0.066031,9,9,1.0,35.577369,76811205.0
5516,2019,7,2019-07-01,0.437812,0.026148,0.047278,9,9,1.0,35.349283,76826548.0
5516,2019,8,2019-08-01,0.23118,0.028356,0.021416,9,9,1.0,28.790427,95194713.0
5516,2019,9,2019-09-01,0.171963,0.02464,0.03447,9,9,1.0,26.436789,91974497.0
5516,2020,3,2020-03-01,-0.08408,0.031343,0.054101,9,9,1.0,29.025415,94604585.0
5516,2020,4,2020-04-01,0.05596,0.029103,0.043907,9,9,1.0,46.071657,96808107.0
5516,2020,5,2020-05-01,0.108315,0.034826,0.042121,9,9,1.0,30.289395,93035456.0
5516,2020,6,2020-06-01,0.346414,0.022645,0.0316,9,9,1.0,46.684068,96006563.0
5516,2020,7,2020-07-01,0.447694,0.029105,0.078044,9,9,1.0,30.640827,99686529.0
5516,2020,8,2020-08-01,0.331952,0.024933,0.05356,9,9,1.0,40.523775,97684078.0
5516,2020,9,2020-09-01,0.204768,0.023542,0.031063,9,9,1.0,28.995015,91237630.0
5516,2021,3,2021-03-01,-0.033652,0.029148,0.048182,9,9,1.0,32.207759,94409616.0
5516,2021,4,2021-04-01,0.094766,0.027136,0.034566,9,9,1.0,52.191941,98410821.0
5516,2021,5,2021-05-01,0.108446,0.03488,0.040303,9,9,1.0,24.956103,91970868.0
5516,2021,6,2021-06-01,0.360337,0.023711,0.021452,9,9,1.0,43.013683,95947119.0
5516,2021,7,2021-07-01,0.49131,0.024652,0.026509,9,9,1.0,48.497887,101406324.0
5516,2021,8,2021-08-01,0.345271,0.026635,0.055637,9,9,1.0,31.035953,97445628.0
5516,2021,9,2021-09-01,0.107751,0.02521,0.050593,9,9,1.0,22.587726,90094126.0
5516,2022,3,2022-03-01,0.018368,0.030884,0.034218,9,9,1.0,29.478243,95748274.0
5516,2022,4,2022-04-01,0.083809,0.0266,0.043581,9,9,1.0,58.529976,97595138.0
5516,2022,5,2022-05-01,0.091033,0.026511,0.040192,9,9,1.0,38.459,92699999.0
5516,2022,6,2022-06-01,0.348125,0.025265,0.052498,9,9,1.0,40.311218,95901303.0
5516,2022,7,2022-07-01,0.435166,0.028746,0.05832,9,9,1.0,30.423795,102035161.0
5516,2022,8,2022-08-01,0.403837,0.023223,0.030663,9,9,1.0,44.370103,98258702.0
5516,2022,9,2022-09-01,0.134601,0.025832,0.025374,9,9,1.0,24.663089,88902747.0
5516,2023,3,2023-03-01,0.027411,0.031601,0.051396,9,9,1.0,30.207043,93671913.0
5516,2023,4,2023-04-01,0.122737,0.025803,0.067834,9,9,1.0,60.099115,98665163.0
5516,2023,5,2023-05-01,0.147872,0.024307,0.020876,9,9,1.0,49.782339,95301562.0
5516,2023,6,2023-06-01,0.367865,0.024181,0.044316,9,9,1.0,41.963081,96444568.0
5516,2023,7,2023-07-01,0.400112,0.02855,0.024722,9,9,1.0,32.13711,101753881.0
5516,2023,8,2023-08-01,0.444155,0.026773,0.072319,9,9,1.0,34.117724,96968132.0
5516,2023,9,2023-09-01,0.281387,0.024839,0.030533,9,9,1.0,25.912916,90239324.0
5516,2024,3,2024-03-01,0.047253,0.034325,0.058111,9,9,1.0,20.784026,86372445.0
5516,2024,4,2024-04-01,0.112876,0.029489,0.07287,9,9,1.0,43.747172,95332509.0
5516,2024,5,2024-05-01,0.154887,0.024236,0.030051,9,9,1.0,48.762583,89883638.0
5516,2024,6,2024-06-01,0.482071,0.02897,0.062619,9,9,1.0,24.740868,84217408.0
5516,2024,7,2024-07-01,0.509937,0.027502,0.065833,9,9,1.0,33.390946,95425695.0
5516,2024,8,2024-08-01,0.453777,0.024442,0.036769,9,9,1.0,42.236178,91425313.0
5516,2024,9,2024-09-01,0.24791,0.0248,0.053283,9,9,1.0,31.265764,85979995.0
5516,2025,3,2025-03-01,0.104269,0.030286,0.053885,9,9,1.0,26.65773,87368194.0
5516,2025,4,2025-04-01,0.164185,0.026119,0.030652,9,9,1.0,59.653223,96861891.0
5516,2025,5,2025-05-01,0.090155,0.02651,0.043273,9,9,1.0,36.296837,89188846.0
5516,2025,6,2025-06-01,0.2512,0.028777,0.0394,9,9,1.0,34.897316,91704495.0
5516,2025,7,2025-07-01,0.49841,0.022348,0.026073,9,9,1.0,54.132166,94751856.0
5516,2025,8,2025-08-01,0.380464,0.026432,0.065031,9,9,1.0,32.533739,94948426.0
5516,2025,9,2025-09-01,0.238752,0.022985,0.026395,9,9,1.0,28.609835,89061648.0
5523,2019,3,2019-03-01,-0.053225,0.035977,0.033856,9,9,1.0,24.095816,73511224.0
5523,2019,4,2019-04-01,0.117834,0.026443,0.066807,9,9,1.0,56.243737,74389486.0
5523,2019,5,2019-05-01,0.044498,0.027681,0.052345,9,9,1.0,35.529647,73985614.0
5523,2019,6,2019-06-01,0.512577,0.030692,0.076684,9,9,1.0,27.898304,76811205.0
5523,2019,7,2019-07-01,0.738109,0.028365,0.044989,9,9,1.0,34.282419,76826548.0
5523,2019,8,2019-08-01,0.496876,0.029138,0.056117,9,9,1.0,25.544466,95194713.0
5523,2019,9,2019-09-01,0.178135,0.024428,0.038824,9,9,1.0,30.445758,91974497.0
5523,2020,3,2020-03-01,-0.071192,0.033218,0.066941,9,9,1.0,29.492906,94604585.0
5523,2020,4,2020-04-01,0.088836,0.031373,0.046741,9,9,1.0,39.107636,96808107.0
5523,2020,5,2020-05-01,0.02387,0.030605,0.053303,9,9,1.0,28.424468,93035456.0
5523,2020,6,2020-06-01,0.599028,0.023202,0.045589,9,9,1.0,49.759707,96006563.0
5523,2020,7,2020-07-01,0.687345,0.02953,0.05658,9,9,1.0,35.016177,99686529.0
5523,2020,8,2020-08-01,0.504608,0.02467,0.051011,9,9,1.0,42.427019,97684078.0
5523,2020,9,2020-09-01,0.170523,0.025076,0.042277,9,9,1.0,25.934201,91237630.0
5523,2021,3,2021-03-01,0.050486,0.031598,0.04552,9,9,1.0,32.350802,94409616.0
5523,2021,4,2021-04-01,0.048006,0.027577,0.036205,9,9,1.0,45.432712,98410821.0
5523,2021,5,2021-05-01,0.008738,0.032917,0.074724,9,9,1.0,25.841422,91970868.0
5523,2021,6,2021-06-01,0.626956,0.025896,0.034506,9,9,1.0,37.898796,95947119.0
5523,2021,7,2021-07-01,0.9036,0.026668,0.064205,9,9,1.0,41.853239,101406324.0
5523,2021,8,2021-08-01,0.506813,0.027472,0.060183,9,9,1.0,33.73591,97445628.0
5523,2021,9,2021-09-01,0.145923,0.025477,0.048008,9,9,1.0,27.273096,90094126.0
5523,2022,3,2022-03-01,0.040528,0.030875,0.038198,9,9,1.0,30.865154,95748274.0
5523,2022,4,2022-04-01,0.083349,0.027635,0.05358,9,9,1.0,50.751012,97595138.0
5523,2022,5,2022-05-01,0.132768,0.026264,0.033081,9,9,1.0,36.721404,92699999.0
5523,2022,6,2022-06-01,0.705848,0.027658,0.056096,9,9,1.0,34.990848,95901303.0
5523,2022,7,2022-07-01,0.780818,0.029668,0.076405,9,9,1.0,31.186279,102035161.0
5523,2022,8,2022-08-01,0.55313,0.023688,0.047394,9,9,1.0,45.940075,98258702.0
5523,2022,9,2022-09-01,0.235256,0.03034,0.065871,9,9,1.0,21.984459,88902747.0
5523,2023,3,2023-03-01,-0.000322,0.032033,0.061708,9,9,1.0,29.751993,93671913.0
5523,2023,4,2023-04-01,0.066242,0.026504,0.0814,9,9,1.0,59.547513,98665163.0
5523,2023,5,2023-05-01,0.170912,0.024204,0.014297,9,9,1.0,46.937907,95301562.0
5523,2023,6,2023-06-01,0.712845,0.024722,0.063073,9,9,1.0,42.986158,96444568.0
5523,2023,7,2023-07-01,0.731538,0.030142,0.028299,9,9,1.0,33.581223,101753881.0
5523,2023,8,2023-08-01,0.539283,0.026536,0.030504,9,9,1.0,35.508161,96968132.0
5523,2023,9,2023-09-01,0.250266,0.025075,0.049342,9,9,1.0,27.522546,90239324.0
5523,2024,3,2024-03-01,0.021317,0.035627,0.073878,9,9,1.0,21.444276,86372445.0
5523,2024,4,2024-04-01,0.080604,0.037806,0.068957,9,9,1.0,30.8213,95332509.0
5523,2024,5,2024-05-01,0.158338,0.025534,0.047473,9,9,1.0,41.158969,89883638.0
5523,2024,6,2024-06-01,0.644334,0.029832,0.053606,9,9,1.0,29.158658,84217408.0
5523,2024,7,2024-07-01,0.872725,0.028248,0.026676,9,9,1.0,35.24478,95425695.0
5523,2024,8,2024-08-01,0.589634,0.024059,0.027768,9,9,1.0,45.100187,91425313.0
5523,2024,9,2024-09-01,0.269363,0.024797,0.026803,9,9,1.0,30.320205,85979995.0
5523,2025,3,2025-03-01,0.045441,0.034626,0.036673,9,9,1.0,23.977829,87368194.0
5523,2025,4,2025-04-01,0.032674,0.02523,0.036515,9,9,1.0,52.104434,96861891.0
5523,2025,5,2025-05-01,0.056597,0.026856,0.033641,9,9,1.0,30.049408,89188846.0
5523,2025,6,2025-06-01,0.432698,0.029773,0.073233,9,9,1.0,31.340836,91704495.0
5523,2025,7,2025-07-01,0.773977,0.023059,0.033831,9,9,1.0,59.933805,94751856.0
5523,2025,8,2025-08-01,0.530153,0.026473,0.035268,9,9,1.0,36.139368,94948426.0
5523,2025,9,2025-09-01,0.246568,0.022943,0.024912,9,9,1.0,28.195841,89061648.0
5837,2019,3,2019-03-01,-0.091121,0.034859,0.040823,9,9,1.0,27.423825,73511224.0
5837,2019,4,2019-04-01,0.036758,0.026912,0.041505,9,9,1.0,53.892473,74389486.0
5837,2019,5,2019-05-01,0.052617,0.028629,0.038088,9,9,1.0,40.355621,73985614.0
5837,2019,6,2019-06-01,0.264501,0.027684,0.026005,9,9,1.0,38.948466,76811205.0
5837,2019,7,2019-07-01,0.432457,0.026032,0.018126,9,9,1.0,43.762422,76826548.0
5837,2019,8,2019-08-01,0.237606,0.027603,0.024624,9,9,1.0,37.181984,95194713.0
5837,2019,9,2019-09-01,0.230872,0.02679,0.032933,9,9,1.0,22.355374,91974497.0
5837,2020,3,2020-03-01,-0.164615,0.033177,0.050002,9,9,1.0,24.27307,94604585.0
5837,2020,4,2020-04-01,0.002063,0.033108,0.037986,9,9,1.0,34.463611,96808107.0
5837,2020,5,2020-05-01,-0.04787,0.033942,0.049097,9,9,1.0,29.733068,93035456.0
5837,2020,6,2020-06-01,0.364528,0.024228,0.057181,9,9,1.0,46.689632,96006563.0
5837,2020,7,2020-07-01,0.430178,0.032453,0.030139,9,9,1.0,27.631764,99686529.0
5837,2020,8,2020-08-01,0.298092,0.02554,0.039373,9,9,1.0,42.621904,97684078.0
5837,2020,9,2020-09-01,0.235034,0.025494,0.025747,9,9,1.0,30.786738,91237630.0
5837,2021,3,2021-03-01,-0.03391,0.031377,0.05031,9,9,1.0,30.992394,94409616.0
5837,2021,4,2021-04-01,0.056809,0.028263,0.058262,9,9,1.0,49.087421,98410821.0
5837,2021,5,2021-05-01,0.1063,0.037328,0.078527,9,9,1.0,24.894278,91970868.0
5837,2021,6,2021-06-01,0.300855,0.025573,0.029596,9,9,1.0,43.77469,95947119.0
5837,2021,7,2021-07-01,0.460089,0.0269,0.054889,9,9,1.0,40.946793,101406324.0
5837,2021,8,2021-08-01,0.399121,0.024993,0.054099,9,9,1.0,43.515642,97445628.0
5837,2021,9,2021-09-01,0.219207,0.026627,0.030186,9,9,1.0,26.510388,90094126.0
5837,2022,3,2022-03-01,-0.031943,0.031447,0.028134,9,9,1.0,30.279177,95748274.0
5837,2022,4,2022-04-01,0.057617,0.028175,0.025255,9,9,1.0,53.933204,97595138.0
5837,2022,5,2022-05-01,-0.00043,0.026558,0.03092,9,9,1.0,38.554862,92699999.0
5837,2022,6,2022-06-01,0.349253,0.025354,0.060624,9,9,1.0,45.042424,95901303.0
5837,2022,7,2022-07-01,0.426445,0.030107,0.059518,9,9,1.0,34.46327,102035161.0
5837,2022,8,2022-08-01,0.376902,0.024741,0.067242,9,9,1.0,42.651226,98258702.0
5837,2022,9,2022-09-01,0.24558,0.027299,0.029497,9,9,1.0,27.241873,88902747.0
5837,2023,3,2023-03-01,-0.044695,0.03218,0.021076,9,9,1.0,28.305926,93671913.0
5837,2023,4,2023-04-01,0.041232,0.026719,0.028439,9,9,1.0,58.352205,98665163.0
5837,2023,5,2023-05-01,0.062673,0.026864,0.072325,9,9,1.0,41.292238,95301562.0
5837,2023,6,2023-06-01,0.391629,0.026988,0.024963,9,9,1.0,42.34532,96444568.0
5837,2023,7,2023-07-01,0.453338,0.030424,0.048441,9,9,1.0,31.229098,101753881.0
5837,2023,8,2023-08-01,0.451313,0.030355,0.025916,9,9,1.0,30.380842,96968132.0
5837,2023,9,2023-09-01,0.277797,0.025261,0.034617,9,9,1.0,29.776786,90239324.0
5837,2024,3,2024-03-01,-0.010618,0.035287,0.021272,9,9,1.0,24.070161,86372445.0
5837,2024,4,2024-04-01,-0.006661,0.031068,0.061113,9,9,1.0,43.815675,95332509.0
5837,2024,5,2024-05-01,0.114459,0.024834,0.02727,9,9,1.0,48.303234,89883638.0
5837,2024,6,2024-06-01,0.403946,0.028141,0.053548,9,9,1.0,30.645618,84217408.0
5837,2024,7,2024-07-01,0.504609,0.029171,0.074854,9,9,1.0,35.963156,95425695.0
5837,2024,8,2024-08-01,0.423913,0.025358,0.047712,9,9,1.0,39.992972,91425313.0
5837,2024,9,2024-09-01,0.27169,0.022756,0.027162,9,9,1.0,34.379715,85979995.0
5837,2025,3,2025-03-01,0.034833,0.03225,0.009503,9,9,1.0,28.364784,87368194.0
5837,2025,4,2025-04-01,0.082642,0.027688,0.038499,9,9,1.0,53.912625,96861891.0
5837,2025,5,2025-05-01,0.130404,0.028149,0.042687,9,9,1.0,41.180343,89188846.0
5837,2025,6,2025-06-01,0.200486,0.030658,0.055393,9,9,1.0,33.700676,91704495.0
5837,2025,7,2025-07-01,0.493748,0.023093,0.04466,9,9,1.0,54.120187,94751856.0
5837,2025,8,2025-08-01,0.423169,0.027525,0.041944,9,9,1.0,32.700368,94948426.0
5837,2025,9,2025-09-01,0.275439,0.029358,0.031766,9,9,1.0,18.7345,89061648.0
5838,2019,3,2019-03-01,-0.093043,0.036891,0.033918,9,9,1.0,26.795879,73511224.0
5838,2019,4,2019-04-01,0.049999,0.027008,0.039255,9,9,1.0,57.161599,74389486.0
5838,2019,5,2019-05-01,0.070791,0.029621,0.045219,9,9,1.0,39.816983,73985614.0
5838,2019,6,2019-06-01,0.223913,0.028811,0.047645,9,9,1.0,36.065647,76811205.0
5838,2019,7,2019-07-01,0.410306,0.026965,0.026416,9,9,1.0,42.421134,76826548.0
5838,2019,8,2019-08-01,0.229144,0.028587,0.057872,9,9,1.0,36.685597,95194713.0
5838,2019,9,2019-09-01,0.187342,0.025586,0.053087,9,9,1.0,26.548925,91974497.0
5838,2020,3,2020-03-01,-0.212753,0.034711,0.02035,9,9,1.0,23.425239,94604585.0
5838,2020,4,2020-04-01,0.037105,0.034052,0.036716,9,9,1.0,34.455835,96808107.0
5838,2020,5,2020-05-01,0.001171,0.035949,0.053444,9,9,1.0,29.005405,93035456.0
5838,2020,6,2020-06-01,0.376748,0.024958,0.043821,9,9,1.0,46.475426,96006563.0
5838,2020,7,2020-07-01,0.425958,0.032569,0.058362,9,9,1.0,27.935849,99686529.0
5838,2020,8,2020-08-01,0.312161,0.02679,0.049438,9,9,1.0,42.474565,97684078.0
5838,2020,9,2020-09-01,0.230936,0.02505,0.039719,9,9,1.0,33.517252,91237630.0
5838,2021,3,2021-03-01,-0.026767,0.033154,0.041383,9,9,1.0,30.590744,94409616.0
5838,2021,4,2021-04-01,0.028582,0.029154,0.057342,9,9,1.0,49.423824,98410821.0
5838,2021,5,2021-05-01,0.079684,0.037311,0.088298,9,9,1.0,25.160443,91970868.0
5838,2021,6,2021-06-01,0.257888,0.026757,0.075579,9,9,1.0,40.441823,95947119.0
5838,2021,7,2021-07-01,0.516497,0.028293,0.026553,9,9,1.0,40.100878,101406324.0
5838,2021,8,2021-08-01,0.35745,0.025406,0.061251,9,9,1.0,42.88754,97445628.0
5838,2021,9,2021-09-01,0.185063,0.029414,0.045909,9,9,1.0,29.041148,90094126.0
5838,2022,3,2022-03-01,0.006941,0.032016,0.035935,9,9,1.0,29.434776,95748274.0
5838,2022,4,2022-04-01,0.021379,0.029272,0.033395,9,9,1.0,55.925522,97595138.0
5838,2022,5,2022-05-01,-0.002021,0.028175,0.043486,9,9,1.0,38.695022,92699999.0
5838,2022,6,2022-06-01,0.320203,0.02677,0.054845,9,9,1.0,44.81973,95901303.0
5838,2022,7,2022-07-01,0.447543,0.031293,0.050384,9,9,1.0,33.411868,102035161.0
5838,2022,8,2022-08-01,0.398684,0.026107,0.0527,9,9,1.0,43.397793,98258702.0
5838,2022,9,2022-09-01,0.237361,0.03001,0.032335,9,9,1.0,25.677835,88902747.0
5838,2023,3,2023-03-01,-0.043249,0.033452,0.041465,9,9,1.0,28.1497,93671913.0
5838,2023,4,2023-04-01,0.049599,0.027565,0.039609,9,9,1.0,58.700241,98665163.0
5838,2023,5,2023-05-01,0.134937,0.027744,0.051833,9,9,1.0,42.090557,95301562.0
5838,2023,6,2023-06-01,0.384341,0.027145,0.034098,9,9,1.0,43.467197,96444568.0
5838,2023,7,2023-07-01,0.440497,0.030628,0.044729,9,9,1.0,33.530593,101753881.0
5838,2023,8,2023-08-01,0.37127,0.030609,0.047532,9,9,1.0,30.843019,96968132.0
5838,2023,9,2023-09-01,0.242195,0.026519,0.037853,9,9,1.0,29.568985,90239324.0
5838,2024,3,2024-03-01,-0.001498,0.036796,0.037467,9,9,1.0,23.382569,86372445.0
5838,2024,4,2024-04-01,0.036311,0.031825,0.031744,9,9,1.0,46.00986,95332509.0
5838,2024,5,2024-05-01,0.138397,0.025772,0.023634,9,9,1.0,50.19127,89883638.0
5838,2024,6,2024-06-01,0.479566,0.029175,0.064326,9,9,1.0,30.459619,84217408.0
5838,2024,7,2024-07-01,0.53689,0.029225,0.053182,9,9,1.0,37.231096,95425695.0
5838,2024,8,2024-08-01,0.438168,0.026802,0.064986,9,9,1.0,39.031464,91425313.0
5838,2024,9,2024-09-01,0.324659,0.02374,0.043704,9,9,1.0,34.654718,85979995.0
5838,2025,3,2025-03-01,0.025399,0.03273,0.023825,9,9,1.0,28.120321,87368194.0
5838,2025,4,2025-04-01,0.066794,0.028105,0.027131,9,9,1.0,56.561778,96861891.0
5838,2025,5,2025-05-01,0.081685,0.029168,0.049276,9,9,1.0,40.892696,89188846.0
5838,2025,6,2025-06-01,0.203003,0.031854,0.051224,9,9,1.0,34.528232,91704495.0
5838,2025,7,2025-07-01,0.506884,0.023619,0.032721,9,9,1.0,54.206107,94751856.0
5838,2025,8,2025-08-01,0.387614,0.02742,0.040949,9,9,1.0,35.347718,94948426.0
5838,2025,9,2025-09-01,0.278583,0.029563,0.028744,9,9,1.0,19.623408,89061648.0
5903,2019,3,2019-03-01,-0.116638,0.034313,0.033856,11,11,1.0,28.691698,73511224.0
5903,2019,4,2019-04-01,0.018623,0.026698,0.02387,11,11,1.0,56.670572,74389486.0
5903,2019,5,2019-05-01,-0.006394,0.028153,0.032638,11,11,1.0,37.816263,73985614.0
5903,2019,6,2019-06-01,0.242185,0.026787,0.02935,11,11,1.0,39.115479,76811205.0
5903,2019,7,2019-07-01,0.412622,0.025629,0.023749,11,11,1.0,44.001208,76826548.0
5903,2019,8,2019-08-01,0.246106,0.026224,0.027114,11,11,1.0,39.283087,95194713.0
5903,2019,9,2019-09-01,0.224243,0.025016,0.072998,11,11,1.0,23.865914,91974497.0
5903,2020,3,2020-03-01,-0.185361,0.03363,0.03313,11,11,1.0,24.391244,94604585.0
5903,2020,4,2020-04-01,0.038478,0.031662,0.030021,11,11,1.0,37.275558,96808107.0
5903,2020,5,2020-05-01,-0.018742,0.036267,0.041799,11,11,1.0,27.048978,93035456.0
5903,2020,6,2020-06-01,0.299885,0.023334,0.025647,11,11,1.0,46.968248,96006563.0
5903,2020,7,2020-07-01,0.368267,0.031383,0.035618,11,11,1.0,29.689625,99686529.0
5903,2020,8,2020-08-01,0.304602,0.025114,0.038898,11,11,1.0,42.858868,97684078.0
5903,2020,9,2020-09-01,0.217341,0.024555,0.027272,11,11,1.0,29.730955,91237630.0
5903,2021,3,2021-03-01,-0.084875,0.031201,0.03964,11,11,1.0,30.470865,94409616.0
5903,2021,4,2021-04-01,0.00418,0.028408,0.038335,11,11,1.0,48.355746,98410821.0
5903,2021,5,2021-05-01,-0.025325,0.039411,0.088765,11,11,1.0,20.790454,91970868.0
5903,2021,6,2021-06-01,0.241413,0.024717,0.036322,11,11,1.0,44.515092,95947119.0
5903,2021,7,2021-07-01,0.460291,0.025086,0.037832,11,11,1.0,43.090812,101406324.0
5903,2021,8,2021-08-01,0.330656,0.02421,0.059532,11,11,1.0,42.281979,97445628.0
5903,2021,9,2021-09-01,0.159903,0.027589,0.02857,11,11,1.0,26.371145,90094126.0
5903,2022,3,2022-03-01,0.029755,0.030675,0.038531,11,11,1.0,30.046493,95748274.0
5903,2022,4,2022-04-01,0.049693,0.027513,0.041543,11,11,1.0,56.223407,97595138.0
5903,2022,5,2022-05-01,-0.013507,0.027,0.02433,11,11,1.0,39.37683,92699999.0
5903,2022,6,2022-06-01,0.329724,0.02479,0.046917,11,11,1.0,44.410067,95901303.0
5903,2022,7,2022-07-01,0.442718,0.030238,0.057662,11,11,1.0,33.596151,102035161.0
5903,2022,8,2022-08-01,0.398994,0.024278,0.046482,11,11,1.0,44.140588,98258702.0
5903,2022,9,2022-09-01,0.226949,0.027065,0.047639,11,11,1.0,27.017685,88902747.0
5903,2023,3,2023-03-01,-0.014069,0.031742,0.043933,11,11,1.0,29.0615,93671913.0
5903,2023,4,2023-04-01,-0.014269,0.026292,0.053839,11,11,1.0,59.401304,98665163.0
5903,2023,5,2023-05-01,0.075202,0.026594,0.058808,11,11,1.0,41.130827,95301562.0
5903,2023,6,2023-06-01,0.362387,0.026275,0.043754,11,11,1.0,41.141354,96444568.0
5903,2023,7,2023-07-01,0.376293,0.02962,0.02995,11,11,1.0,31.363752,101753881.0
5903,2023,8,2023-08-01,0.32176,0.02837,0.058616,11,11,1.0,32.445254,96968132.0
5903,2023,9,2023-09-01,0.252839,0.02527,0.027809,11,11,1.0,28.965119,90239324.0
5903,2024,3,2024-03-01,-0.001991,0.034399,0.037988,11,11,1.0,24.404225,86372445.0
5903,2024,4,2024-04-01,-0.028062,0.031508,0.024286,11,11,1.0,42.60367,95332509.0
5903,2024,5,2024-05-01,0.125644,0.025237,0.033022,11,11,1.0,44.801022,89883638.0
5903,2024,6,2024-06-01,0.402281,0.026595,0.038828,11,11,1.0,30.429303,84217408.0
5903,2024,7,2024-07-01,0.460651,0.028046,0.060261,11,11,1.0,36.083231,95425695.0
5903,2024,8,2024-08-01,0.385567,0.024634,0.027117,11,11,1.0,41.990862,91425313.0
5903,2024,9,2024-09-01,0.247644,0.021881,0.02628,11,11,1.0,34.663007,85979995.0
5903,2025,3,2025-03-01,0.037394,0.032513,0.037365,11,11,1.0,26.098727,87368194.0
5903,2025,4,2025-04-01,0.019955,0.028144,0.024283,11,11,1.0,52.454175,96861891.0
5903,2025,5,2025-05-01,0.055898,0.028732,0.029667,11,11,1.0,38.272588,89188846.0
5903,2025,6,2025-06-01,0.228211,0.030096,0.047693,11,11,1.0,32.482434,91704495.0
5903,2025,7,2025-07-01,0.475026,0.022569,0.053294,11,11,1.0,52.705601,94751856.0
5903,2025,8,2025-08-01,0.327934,0.027124,0.053817,11,11,1.0,32.231949,94948426.0
5903,2025,9,2025-09-01,0.217644,0.027651,0.033803,11,11,1.0,18.699244,89061648.0
5904,2019,3,2019-03-01,-0.103157,0.034694,0.03962,9,9,1.0,26.180254,73511224.0
5904,2019,4,2019-04-01,0.058644,0.024655,0.039537,9,9,1.0,59.899563,74389486.0
5904,2019,5,2019-05-01,0.028766,0.026829,0.042534,9,9,1.0,36.595687,73985614.0
5904,2019,6,2019-06-01,0.215995,0.025748,0.055642,9,9,1.0,38.130139,76811205.0
5904,2019,7,2019-07-01,0.390805,0.024645,0.042051,9,9,1.0,42.587357,76826548.0
5904,2019,8,2019-08-01,0.219415,0.025864,0.030044,9,9,1.0,37.695387,95194713.0
5904,2019,9,2019-09-01,0.154987,0.023206,0.038439,9,9,1.0,24.708829,91974497.0
5904,2020,3,2020-03-01,-0.188582,0.032097,0.036783,9,9,1.0,22.922419,94604585.0
5904,2020,4,2020-04-01,0.052658,0.029903,0.037923,9,9,1.0,38.390103,96808107.0
5904,2020,5,2020-05-01,0.110754,0.034126,0.06409,9,9,1.0,26.502129,93035456.0
5904,2020,6,2020-06-01,0.328837,0.023116,0.0482,9,9,1.0,46.3696,96006563.0
5904,2020,7,2020-07-01,0.384567,0.030384,0.047586,9,9,1.0,30.83634,99686529.0
5904,2020,8,2020-08-01,0.275127,0.025086,0.061708,9,9,1.0,39.367477,97684078.0
5904,2020,9,2020-09-01,0.224369,0.023429,0.025033,9,9,1.0,32.076935,91237630.0
5904,2021,3,2021-03-01,-0.032643,0.03119,0.042333,9,9,1.0,29.357042,94409616.0
5904,2021,4,2021-04-01,0.027319,0.026667,0.064212,9,9,1.0,48.773925,98410821.0
5904,2021,5,2021-05-01,0.092691,0.035303,0.055861,9,9,1.0,24.075256,91970868.0
5904,2021,6,2021-06-01,0.265379,0.024473,0.047735,9,9,1.0,42.06409,95947119.0
5904,2021,7,2021-07-01,0.508401,0.025609,0.021819,9,9,1.0,40.081363,101406324.0
5904,2021,8,2021-08-01,0.295474,0.023791,0.022491,9,9,1.0,40.517765,97445628.0
5904,2021,9,2021-09-01,0.164631,0.027435,0.028407,9,9,1.0,27.222025,90094126.0
5904,2022,3,2022-03-01,0.032413,0.02917,0.039611,9,9,1.0,29.373355,95748274.0
5904,2022,4,2022-04-01,0.054527,0.026871,0.043345,9,9,1.0,56.882576,97595138.0
5904,2022,5,2022-05-01,0.047798,0.026568,0.061817,9,9,1.0,37.669268,92699999.0
5904,2022,6,2022-06-01,0.339621,0.024267,0.028403,9,9,1.0,42.834502,95901303.0
5904,2022,7,2022-07-01,0.400401,0.029849,0.057181,9,9,1.0,31.689216,102035161.0
5904,2022,8,2022-08-01,0.360292,0.023673,0.039473,9,9,1.0,45.147381,98258702.0
5904,2022,9,2022-09-01,0.2295,0.027217,0.028347,9,9,1.0,25.694201,88902747.0
5904,2023,3,2023-03-01,-0.008444,0.03056,0.05241,9,9,1.0,28.005661,93671913.0
5904,2023,4,2023-04-01,0.045469,0.025166,0.057637,9,9,1.0,58.011434,98665163.0
5904,2023,5,2023-05-01,0.090287,0.026152,0.03138,9,9,1.0,43.020536,95301562.0
5904,2023,6,2023-06-01,0.347475,0.024894,0.031372,9,9,1.0,43.719064,96444568.0
5904,2023,7,2023-07-01,0.352674,0.028756,0.045037,9,9,1.0,31.203981,101753881.0
5904,2023,8,2023-08-01,0.321726,0.027973,0.050122,9,9,1.0,30.910278,96968132.0
5904,2023,9,2023-09-01,0.220844,0.023863,0.044835,9,9,1.0,30.171232,90239324.0
5904,2024,3,2024-03-01,-0.013273,0.033155,0.024542,9,9,1.0,22.911389,86372445.0
5904,2024,4,2024-04-01,0.045942,0.029459,0.04729,9,9,1.0,45.116735,95332509.0
5904,2024,5,2024-05-01,0.168521,0.024602,0.020606,9,9,1.0,45.804308,89883638.0
5904,2024,6,2024-06-01,0.445431,0.026485,0.048593,9,9,1.0,30.669932,84217408.0
5904,2024,7,2024-07-01,0.467627,0.026157,0.062465,9,9,1.0,40.782161,95425695.0
5904,2024,8,2024-08-01,0.396726,0.02376,0.034457,9,9,1.0,41.564692,91425313.0
5904,2024,9,2024-09-01,0.285288,0.021992,0.049552,9,9,1.0,34.156798,85979995.0
5904,2025,3,2025-03-01,0.050442,0.030782,0.022482,9,9,1.0,26.866394,87368194.0
5904,2025,4,2025-04-01,0.06381,0.026835,0.035419,9,9,1.0,54.139792,96861891.0
5904,2025,5,2025-05-01,0.119177,0.02824,0.052561,9,9,1.0,38.625734,89188846.0
5904,2025,6,2025-06-01,0.193955,0.029735,0.0368,9,9,1.0,34.713906,91704495.0
5904,2025,7,2025-07-01,0.446784,0.021672,0.023793,9,9,1.0,55.088493,94751856.0
5904,2025,8,2025-08-01,0.360802,0.025014,0.065332,9,9,1.0,34.835856,94948426.0
5904,2025,9,2025-09-01,0.197491,0.027346,0.024857,9,9,1.0,18.764663,89061648.0
5915,2019,3,2019-03-01,-0.036431,0.036079,0.063823,9,9,1.0,30.132534,73511224.0
5915,2019,4,2019-04-01,0.053068,0.027662,0.027923,9,9,1.0,64.027531,74389486.0
5915,2019,5,2019-05-01,0.009719,0.02921,0.043332,9,9,1.0,39.629468,73985614.0
5915,2019,6,2019-06-01,0.33519,0.028683,0.059236,9,9,1.0,34.461143,76811205.0
5915,2019,7,2019-07-01,0.58826,0.02822,0.044385,9,9,1.0,40.459224,76826548.0
5915,2019,8,2019-08-01,0.27902,0.030295,0.049266,9,9,1.0,28.969578,95194713.0
5915,2019,9,2019-09-01,0.140002,0.025423,0.036919,9,9,1.0,29.082375,91974497.0
5915,2020,3,2020-03-01,-0.157723,0.034725,0.05432,9,9,1.0,32.285084,94604585.0
5915,2020,4,2020-04-01,0.119643,0.030411,0.029743,9,9,1.0,54.348854,96808107.0
5915,2020,5,2020-05-01,-0.012697,0.03594,0.036167,9,9,1.0,25.939344,93035456.0
5915,2020,6,2020-06-01,0.424517,0.025207,0.023088,9,9,1.0,43.64839,96006563.0
5915,2020,7,2020-07-01,0.555196,0.028822,0.056577,9,9,1.0,39.718267,99686529.0
5915,2020,8,2020-08-01,0.439954,0.025573,0.07024,9,9,1.0,46.298621,97684078.0
5915,2020,9,2020-09-01,0.221567,0.025428,0.050908,9,9,1.0,28.889504,91237630.0
5915,2021,3,2021-03-01,-0.028173,0.034406,0.024584,9,9,1.0,31.530028,94409616.0
5915,2021,4,2021-04-01,0.032576,0.028342,0.037202,9,9,1.0,62.976536,98410821.0
5915,2021,5,2021-05-01,-0.03026,0.035812,0.054964,9,9,1.0,24.580896,91970868.0
5915,2021,6,2021-06-01,0.423074,0.025337,0.029308,9,9,1.0,42.572147,95947119.0
5915,2021,7,2021-07-01,0.750963,0.025912,0.05589,9,9,1.0,45.374284,101406324.0
5915,2021,8,2021-08-01,0.448121,0.027528,0.040038,9,9,1.0,38.641741,97445628.0
5915,2021,9,2021-09-01,0.100108,0.025735,0.047406,9,9,1.0,22.4078,90094126.0
5915,2022,3,2022-03-01,0.06303,0.034489,0.038226,9,9,1.0,31.361193,95748274.0
5915,2022,4,2022-04-01,0.07924,0.027873,0.05772,9,9,1.0,65.203766,97595138.0
5915,2022,5,2022-05-01,0.041554,0.026911,0.046721,9,9,1.0,39.361258,92699999.0
5915,2022,6,2022-06-01,0.485014,0.026955,0.032992,9,9,1.0,39.913605,95901303.0
5915,2022,7,2022-07-01,0.67959,0.028782,0.04628,9,9,1.0,34.502979,102035161.0
5915,2022,8,2022-08-01,0.507035,0.02401,0.037635,9,9,1.0,45.150092,98258702.0
5915,2022,9,2022-09-01,0.13585,0.028422,0.067307,9,9,1.0,28.980561,88902747.0
5915,2023,3,2023-03-01,-0.043136,0.034664,0.071786,9,9,1.0,31.229666,93671913.0
5915,2023,4,2023-04-01,0.021565,0.028473,0.063429,9,9,1.0,62.410414,98665163.0
5915,2023,5,2023-05-01,0.155764,0.024793,0.029765,9,9,1.0,49.478835,95301562.0
5915,2023,6,2023-06-01,0.535029,0.025022,0.054085,9,9,1.0,46.055381,96444568.0
5915,2023,7,2023-07-01,0.658018,0.031857,0.076851,9,9,1.0,27.960377,101753881.0
5915,2023,8,2023-08-01,0.463938,0.027023,0.044967,9,9,1.0,36.190921,96968132.0
5915,2023,9,2023-09-01,0.199725,0.024154,0.037548,9,9,1.0,30.194841,90239324.0
5915,2024,3,2024-03-01,-0.005322,0.037329,0.055293,9,9,1.0,23.163983,86372445.0
5915,2024,4,2024-04-01,0.016586,0.032487,0.055486,9,9,1.0,42.604631,95332509.0
5915,2024,5,2024-05-01,0.129785,0.02615,0.040215,9,9,1.0,41.932533,89883638.0
5915,2024,6,2024-06-01,0.585683,0.029813,0.057274,9,9,1.0,30.770967,84217408.0
5915,2024,7,2024-07-01,0.78701,0.027272,0.026578,9,9,1.0,44.140096,95425695.0
5915,2024,8,2024-08-01,0.514955,0.024129,0.029491,9,9,1.0,47.124641,91425313.0
5915,2024,9,2024-09-01,0.166729,0.023446,0.021902,9,9,1.0,33.797241,85979995.0
5915,2025,3,2025-03-01,0.069594,0.035447,0.049986,9,9,1.0,25.777756,87368194.0
5915,2025,4,2025-04-01,0.087924,0.029054,0.026776,9,9,1.0,54.807355,96861891.0
5915,2025,5,2025-05-01,0.019768,0.028982,0.04322,9,9,1.0,30.58265,89188846.0
5915,2025,6,2025-06-01,0.337553,0.032924,0.069609,9,9,1.0,27.332416,91704495.0
5915,2025,7,2025-07-01,0.683747,0.023822,0.053961,9,9,1.0,51.484639,94751856.0
5915,2025,8,2025-08-01,0.447049,0.025636,0.031308,9,9,1.0,38.101067,94948426.0
5915,2025,9,2025-09-01,0.140626,0.024102,0.025343,9,9,1.0,29.010631,89061648.0
5969,2019,3,2019-03-01,-0.109769,0.035063,0.032845,12,12,1.0,28.061121,73511224.0
5969,2019,4,2019-04-01,0.03342,0.026609,0.027406,12,12,1.0,59.999806,74389486.0
5969,2019,5,2019-05-01,-0.021525,0.028399,0.031618,12,12,1.0,38.330425,73985614.0
5969,2019,6,2019-06-01,0.229319,0.027022,0.030845,12,12,1.0,38.933945,76811205.0
5969,2019,7,2019-07-01,0.388914,0.026117,0.043096,12,12,1.0,42.396351,76826548.0
5969,2019,8,2019-08-01,0.231679,0.027497,0.020163,12,12,1.0,37.107047,95194713.0
5969,2019,9,2019-09-01,0.222943,0.024493,0.050139,12,12,1.0,26.627254,91974497.0
5969,2020,3,2020-03-01,-0.143927,0.034099,0.038389,12,12,1.0,23.793998,94604585.0
5969,2020,4,2020-04-01,0.05499,0.031112,0.032173,12,12,1.0,43.442058,96808107.0
5969,2020,5,2020-05-01,0.026924,0.035387,0.044519,12,12,1.0,26.868138,93035456.0
5969,2020,6,2020-06-01,0.282428,0.02329,0.018798,12,12,1.0,45.851902,96006563.0
5969,2020,7,2020-07-01,0.420591,0.028937,0.032607,12,12,1.0,30.757861,99686529.0
5969,2020,8,2020-08-01,0.345585,0.026035,0.022281,12,12,1.0,41.155257,97684078.0
5969,2020,9,2020-09-01,0.173113,0.023644,0.022768,12,12,1.0,31.335486,91237630.0
5969,2021,3,2021-03-01,-0.06002,0.033398,0.03696,12,12,1.0,28.180152,94409616.0
5969,2021,4,2021-04-01,0.009439,0.028185,0.018643,12,12,1.0,51.420855,98410821.0
5969,2021,5,2021-05-01,-0.005922,0.03799,0.061706,12,12,1.0,22.68206,91970868.0
5969,2021,6,2021-06-01,0.270782,0.024896,0.052837,12,12,1.0,45.270246,95947119.0
5969,2021,7,2021-07-01,0.43146,0.025498,0.033409,12,12,1.0,45.143642,101406324.0
5969,2021,8,2021-08-01,0.30849,0.024565,0.034159,12,12,1.0,41.214309,97445628.0
5969,2021,9,2021-09-01,0.191778,0.027803,0.023633,12,12,1.0,28.911075,90094126.0
5969,2022,3,2022-03-01,0.02119,0.031475,0.032246,12,12,1.0,30.12466,95748274.0
5969,2022,4,2022-04-01,0.037699,0.027303,0.040251,12,12,1.0,61.725878,97595138.0
5969,2022,5,2022-05-01,0.01856,0.027381,0.048526,12,12,1.0,37.66008,92699999.0
5969,2022,6,2022-06-01,0.33815,0.02509,0.063816,12,12,1.0,43.341241,95901303.0
5969,2022,7,2022-07-01,0.459994,0.02959,0.060595,12,12,1.0,32.691617,102035161.0
5969,2022,8,2022-08-01,0.415058,0.024439,0.030768,12,12,1.0,44.653987,98258702.0
5969,2022,9,2022-09-01,0.207482,0.027565,0.050211,12,12,1.0,27.648615,88902747.0
5969,2023,3,2023-03-01,-0.030808,0.032746,0.0258,12,12,1.0,28.288342,93671913.0
5969,2023,4,2023-04-01,0.024647,0.026522,0.030174,12,12,1.0,60.333987,98665163.0
5969,2023,5,2023-05-01,0.121069,0.027454,0.037183,12,12,1.0,41.62428,95301562.0
5969,2023,6,2023-06-01,0.357236,0.027286,0.057997,12,12,1.0,39.094452,96444568.0
5969,2023,7,2023-07-01,0.418145,0.029584,0.061876,12,12,1.0,34.614317,101753881.0
5969,2023,8,2023-08-01,0.325935,0.028918,0.038774,12,12,1.0,33.878218,96968132.0
5969,2023,9,2023-09-01,0.236236,0.02493,0.016866,12,12,1.0,30.11884,90239324.0
5969,2024,3,2024-03-01,-0.002275,0.035031,0.02358,12,12,1.0,25.056351,86372445.0
5969,2024,4,2024-04-01,0.0195,0.030764,0.045746,12,12,1.0,43.033135,95332509.0
5969,2024,5,2024-05-01,0.071947,0.025762,0.030973,12,12,1.0,45.729901,89883638.0
5969,2024,6,2024-06-01,0.444107,0.027724,0.030097,12,12,1.0,28.76139,84217408.0
5969,2024,7,2024-07-01,0.518164,0.028153,0.066092,12,12,1.0,34.736249,95425695.0
5969,2024,8,2024-08-01,0.442996,0.024521,0.04284,12,12,1.0,41.294203,91425313.0
5969,2024,9,2024-09-01,0.262607,0.022546,0.020332,12,12,1.0,32.628682,85979995.0
5969,2025,3,2025-03-01,0.019273,0.034148,0.035786,12,12,1.0,25.07389,87368194.0
5969,2025,4,2025-04-01,0.050685,0.028454,0.037347,12,12,1.0,53.013127,96861891.0
5969,2025,5,2025-05-01,0.06615,0.029991,0.049966,12,12,1.0,36.280697,89188846.0
5969,2025,6,2025-06-01,0.204915,0.030968,0.032126,12,12,1.0,31.108179,91704495.0
5969,2025,7,2025-07-01,0.437071,0.022446,0.041628,12,12,1.0,52.256878,94751856.0
5969,2025,8,2025-08-01,0.40273,0.026786,0.044263,12,12,1.0,31.383669,94948426.0
5969,2025,9,2025-09-01,0.239456,0.025757,0.037135,12,12,1.0,24.123451,89061648.0
5977,2019,3,2019-03-01,-0.042766,0.037444,0.031911,10,10,1.0,29.212213,73511224.0
5977,2019,4,2019-04-01,0.066551,0.029028,0.010351,10,10,1.0,61.579505,74389486.0
5977,2019,5,2019-05-01,0.049228,0.032475,0.022941,10,10,1.0,36.545833,73985614.0
5977,2019,6,2019-06-01,0.347361,0.03131,0.053627,10,10,1.0,37.560009,76811205.0
5977,2019,7,2019-07-01,0.624702,0.030206,0.029879,10,10,1.0,38.253005,76826548.0
5977,2019,8,2019-08-01,0.328951,0.030448,0.035318,10,10,1.0,34.216588,95194713.0
5977,2019,9,2019-09-01,0.148186,0.026677,0.011966,10,10,1.0,31.496715,91974497.0
5977,2020,3,2020-03-01,-0.168912,0.036288,0.026775,10,10,1.0,29.712994,94604585.0
5977,2020,4,2020-04-01,0.058404,0.030697,0.040578,10,10,1.0,61.188881,96808107.0
5977,2020,5,2020-05-01,-0.010502,0.03978,0.022442,10,10,1.0,26.258471,93035456.0
5977,2020,6,2020-06-01,0.466243,0.026703,0.045647,10,10,1.0,45.73643,96006563.0
5977,2020,7,2020-07-01,0.524244,0.034713,0.097371,10,10,1.0,31.563026,99686529.0
5977,2020,8,2020-08-01,0.435397,0.027675,0.046059,10,10,1.0,45.037732,97684078.0
5977,2020,9,2020-09-01,0.254394,0.026397,0.029957,10,10,1.0,31.27603,91237630.0
5977,2021,3,2021-03-01,0.00688,0.035443,0.033761,10,10,1.0,32.007906,94409616.0
5977,2021,4,2021-04-01,0.000158,0.029653,0.02419,10,10,1.0,62.061835,98410821.0
5977,2021,5,2021-05-01,-0.008364,0.040619,0.028263,10,10,1.0,26.994654,91970868.0
5977,2021,6,2021-06-01,0.44831,0.027596,0.04226,10,10,1.0,43.434724,95947119.0
5977,2021,7,2021-07-01,0.731885,0.029306,0.030454,10,10,1.0,38.655725,101406324.0
5977,2021,8,2021-08-01,0.436904,0.027873,0.052225,10,10,1.0,39.597399,97445628.0
5977,2021,9,2021-09-01,0.221803,0.030249,0.031145,10,10,1.0,20.891074,90094126.0
5977,2022,3,2022-03-01,0.026578,0.034932,0.030075,10,10,1.0,30.314162,95748274.0
5977,2022,4,2022-04-01,0.044835,0.028716,0.035138,10,10,1.0,69.124026,97595138.0
5977,2022,5,2022-05-01,0.017923,0.031393,0.022777,10,10,1.0,36.330233,92699999.0
5977,2022,6,2022-06-01,0.500749,0.028167,0.023774,10,10,1.0,39.496389,95901303.0
5977,2022,7,2022-07-01,0.645103,0.03248,0.098098,10,10,1.0,32.941449,102035161.0
5977,2022,8,2022-08-01,0.525388,0.027327,0.022847,10,10,1.0,43.794585,98258702.0
5977,2022,9,2022-09-01,0.131847,0.03247,0.03452,10,10,1.0,24.944138,88902747.0
5977,2023,3,2023-03-01,-0.028413,0.034772,0.043146,10,10,1.0,29.515204,93671913.0
5977,2023,4,2023-04-01,0.061895,0.028676,0.036087,10,10,1.0,61.442539,98665163.0
5977,2023,5,2023-05-01,0.163059,0.028138,0.020725,10,10,1.0,46.754559,95301562.0
5977,2023,6,2023-06-01,0.608035,0.028902,0.064514,10,10,1.0,40.133814,96444568.0
5977,2023,7,2023-07-01,0.642905,0.03546,0.036714,10,10,1.0,30.246713,101753881.0
5977,2023,8,2023-08-01,0.574834,0.032541,0.056623,10,10,1.0,32.752006,96968132.0
5977,2023,9,2023-09-01,0.273918,0.02824,0.027807,10,10,1.0,26.748391,90239324.0
5977,2024,3,2024-03-01,-0.016486,0.037815,0.024812,10,10,1.0,21.616837,86372445.0
5977,2024,4,2024-04-01,0.042708,0.032484,0.042909,10,10,1.0,46.158365,95332509.0
5977,2024,5,2024-05-01,0.130676,0.029746,0.020824,10,10,1.0,45.163387,89883638.0
5977,2024,6,2024-06-01,0.61821,0.032617,0.047385,10,10,1.0,29.080702,84217408.0
5977,2024,7,2024-07-01,0.795546,0.029727,0.032435,10,10,1.0,38.500732,95425695.0
5977,2024,8,2024-08-01,0.539271,0.027724,0.027455,10,10,1.0,39.623785,91425313.0
5977,2024,9,2024-09-01,0.274144,0.025911,0.018882,10,10,1.0,31.635578,85979995.0
5977,2025,3,2025-03-01,0.055364,0.035308,0.029842,10,10,1.0,23.930676,87368194.0
5977,2025,4,2025-04-01,0.03869,0.029987,0.048528,10,10,1.0,58.1164,96861891.0
5977,2025,5,2025-05-01,0.06259,0.032313,0.023466,10,10,1.0,34.624666,89188846.0
5977,2025,6,2025-06-01,0.374916,0.035172,0.019371,10,10,1.0,27.917356,91704495.0
5977,2025,7,2025-07-01,0.740392,0.026588,0.049947,10,10,1.0,51.282095,94751856.0
5977,2025,8,2025-08-01,0.507947,0.029141,0.044213,10,10,1.0,33.036496,94948426.0
5977,2025,9,2025-09-01,0.192394,0.030772,0.02317,10,10,1.0,21.185883,89061648.0
5993,2019,3,2019-03-01,0.001646,0.035229,0.068254,11,11,1.0,27.849317,73511224.0
5993,2019,4,2019-04-01,0.101149,0.026912,0.050867,11,11,1.0,64.877253,74389486.0
5993,2019,5,2019-05-01,0.131592,0.03038,0.045657,11,11,1.0,35.322192,73985614.0
5993,2019,6,2019-06-01,0.3196,0.030848,0.03844,11,11,1.0,27.084487,76811205.0
5993,2019,7,2019-07-01,0.423685,0.031143,0.067928,11,11,1.0,29.887773,76826548.0
5993,2019,8,2019-08-01,0.313473,0.030385,0.045195,11,11,1.0,29.061817,95194713.0
5993,2019,9,2019-09-01,0.190217,0.027275,0.04922,11,11,1.0,29.407918,91974497.0
5993,2020,3,2020-03-01,-0.096016,0.033827,0.044558,11,11,1.0,31.865858,94604585.0
5993,2020,4,2020-04-01,0.127691,0.028981,0.053947,11,11,1.0,58.525306,96808107.0
5993,2020,5,2020-05-01,0.182918,0.039905,0.08152,11,11,1.0,25.889928,93035456.0
5993,2020,6,2020-06-01,0.356533,0.023766,0.039019,11,11,1.0,49.60394,96006563.0
5993,2020,7,2020-07-01,0.528578,0.028244,0.064635,11,11,1.0,37.140155,99686529.0
5993,2020,8,2020-08-01,0.377286,0.026697,0.033962,11,11,1.0,34.36895,97684078.0
5993,2020,9,2020-09-01,0.241137,0.03,0.064511,11,11,1.0,22.596427,91237630.0
5993,2021,3,2021-03-01,0.03316,0.032583,0.054873,11,11,1.0,32.263319,94409616.0
5993,2021,4,2021-04-01,0.057019,0.027405,0.049325,11,11,1.0,65.337545,98410821.0
5993,2021,5,2021-05-01,0.098152,0.039019,0.086847,11,11,1.0,25.893602,91970868.0
5993,2021,6,2021-06-01,0.352555,0.026186,0.039913,11,11,1.0,40.475857,95947119.0
5993,2021,7,2021-07-01,0.60387,0.026681,0.037843,11,11,1.0,42.233474,101406324.0
5993,2021,8,2021-08-01,0.483622,0.028583,0.043612,11,11,1.0,31.574315,97445628.0
5993,2021,9,2021-09-01,0.190811,0.026099,0.067685,11,11,1.0,24.619523,90094126.0
5993,2022,3,2022-03-01,0.113281,0.032795,0.045357,11,11,1.0,32.063565,95748274.0
5993,2022,4,2022-04-01,0.115481,0.027863,0.0346,11,11,1.0,64.896774,97595138.0
5993,2022,5,2022-05-01,0.21337,0.029431,0.095141,11,11,1.0,40.519778,92699999.0
5993,2022,6,2022-06-01,0.430248,0.029026,0.050705,11,11,1.0,34.437604,95901303.0
5993,2022,7,2022-07-01,0.558157,0.028703,0.070286,11,11,1.0,34.134208,102035161.0
5993,2022,8,2022-08-01,0.494229,0.024656,0.048769,11,11,1.0,42.639589,98258702.0
5993,2022,9,2022-09-01,0.175905,0.040363,0.050131,11,11,1.0,11.72076,88902747.0
5993,2023,3,2023-03-01,0.07283,0.033301,0.095695,11,11,1.0,28.941123,93671913.0
5993,2023,4,2023-04-01,0.096904,0.026078,0.08421,11,11,1.0,65.286225,98665163.0
5993,2023,5,2023-05-01,0.254956,0.027063,0.029913,11,11,1.0,48.884089,95301562.0
5993,2023,6,2023-06-01,0.422503,0.026636,0.047588,11,11,1.0,41.214863,96444568.0
5993,2023,7,2023-07-01,0.559274,0.033438,0.042986,11,11,1.0,23.388342,101753881.0
5993,2023,8,2023-08-01,0.379029,0.026862,0.029514,11,11,1.0,35.192647,96968132.0
5993,2023,9,2023-09-01,0.267503,0.026812,0.020496,11,11,1.0,27.724765,90239324.0
5993,2024,3,2024-03-01,0.00799,0.035382,0.098932,11,11,1.0,23.988271,86372445.0
5993,2024,4,2024-04-01,0.095073,0.032709,0.068564,11,11,1.0,41.053354,95332509.0
5993,2024,5,2024-05-01,0.21297,0.02946,0.037887,11,11,1.0,35.39198,89883638.0
5993,2024,6,2024-06-01,0.407295,0.030257,0.03146,11,11,1.0,32.146424,84217408.0
5993,2024,7,2024-07-01,0.70216,0.026541,0.060323,11,11,1.0,43.521222,95425695.0
5993,2024,8,2024-08-01,0.494244,0.022798,0.012491,11,11,1.0,49.610264,91425313.0
5993,2024,9,2024-09-01,0.265377,0.022769,0.029855,11,11,1.0,37.10732,85979995.0
5993,2025,3,2025-03-01,0.111633,0.03567,0.036708,11,11,1.0,23.878467,87368194.0
5993,2025,4,2025-04-01,0.108052,0.027801,0.065216,11,11,1.0,55.055599,96861891.0
5993,2025,5,2025-05-01,0.278679,0.036741,0.124325,11,11,1.0,25.712944,89188846.0
5993,2025,6,2025-06-01,0.231124,0.031389,0.053305,11,11,1.0,26.803194,91704495.0
5993,2025,7,2025-07-01,0.621456,0.023213,0.052077,11,11,1.0,50.349893,94751856.0
5993,2025,8,2025-08-01,0.497724,0.027726,0.0426,11,11,1.0,32.637081,94948426.0
5993,2025,9,2025-09-01,0.178003,0.029252,0.037639,11,11,1.0,16.699227,89061648.0
6044,2019,3,2019-03-01,-0.082556,0.035863,0.035105,9,9,1.0,29.273552,73511224.0
6044,2019,4,2019-04-01,0.014106,0.027726,0.04928,9,9,1.0,66.287658,74389486.0
6044,2019,5,2019-05-01,0.088362,0.031586,0.04409,9,9,1.0,35.742678,73985614.0
6044,2019,6,2019-06-01,0.301044,0.029106,0.04457,9,9,1.0,33.995842,76811205.0
6044,2019,7,2019-07-01,0.556729,0.027868,0.046692,9,9,1.0,39.447833,76826548.0
6044,2019,8,2019-08-01,0.33081,0.028373,0.026977,9,9,1.0,33.519404,95194713.0
6044,2019,9,2019-09-01,0.093373,0.022953,0.032922,9,9,1.0,33.218051,91974497.0
6044,2020,3,2020-03-01,-0.154077,0.034755,0.03582,9,9,1.0,31.847548,94604585.0
6044,2020,4,2020-04-01,0.08322,0.029311,0.021982,9,9,1.0,67.975271,96808107.0
6044,2020,5,2020-05-01,0.002711,0.044338,0.051192,9,9,1.0,19.622692,93035456.0
6044,2020,6,2020-06-01,0.352893,0.024803,0.057761,9,9,1.0,44.976296,96006563.0
6044,2020,7,2020-07-01,0.62931,0.030088,0.085361,9,9,1.0,34.360392,99686529.0
6044,2020,8,2020-08-01,0.447071,0.024864,0.03961,9,9,1.0,45.348016,97684078.0
6044,2020,9,2020-09-01,0.174689,0.025151,0.037753,9,9,1.0,31.63453,91237630.0
6044,2021,3,2021-03-01,-0.012963,0.034445,0.029695,9,9,1.0,32.017638,94409616.0
6044,2021,4,2021-04-01,-0.002942,0.028124,0.046642,9,9,1.0,66.804525,98410821.0
6044,2021,5,2021-05-01,0.102404,0.039531,0.068768,9,9,1.0,25.052363,91970868.0
6044,2021,6,2021-06-01,0.38813,0.025649,0.039691,9,9,1.0,39.44179,95947119.0
6044,2021,7,2021-07-01,0.712495,0.026655,0.043026,9,9,1.0,40.819957,101406324.0
6044,2021,8,2021-08-01,0.431403,0.026968,0.034734,9,9,1.0,37.277702,97445628.0
6044,2021,9,2021-09-01,0.117892,0.028718,0.042737,9,9,1.0,22.933633,90094126.0
6044,2022,3,2022-03-01,-0.000862,0.033652,0.042372,9,9,1.0,31.055054,95748274.0
6044,2022,4,2022-04-01,0.049694,0.027758,0.028337,9,9,1.0,68.345143,97595138.0
6044,2022,5,2022-05-01,0.121624,0.029984,0.061886,9,9,1.0,36.296224,92699999.0
6044,2022,6,2022-06-01,0.335428,0.02725,0.05392,9,9,1.0,36.370481,95901303.0
6044,2022,7,2022-07-01,0.586398,0.031083,0.064017,9,9,1.0,33.54573,102035161.0
6044,2022,8,2022-08-01,0.506885,0.025858,0.047857,9,9,1.0,40.683845,98258702.0
6044,2022,9,2022-09-01,0.132971,0.028237,0.037595,9,9,1.0,25.174152,88902747.0
6044,2023,3,2023-03-01,-0.058601,0.034333,0.064554,9,9,1.0,29.875469,93671913.0
6044,2023,4,2023-04-01,-0.001752,0.027007,0.02128,9,9,1.0,66.442488,98665163.0
6044,2023,5,2023-05-01,0.133957,0.027077,0.040077,9,9,1.0,49.087568,95301562.0
6044,2023,6,2023-06-01,0.544521,0.026497,0.066562,9,9,1.0,38.860217,96444568.0
6044,2023,7,2023-07-01,0.59497,0.03187,0.056881,9,9,1.0,30.061211,101753881.0
6044,2023,8,2023-08-01,0.466044,0.028867,0.041924,9,9,1.0,33.589698,96968132.0
6044,2023,9,2023-09-01,0.246409,0.025676,0.042013,9,9,1.0,25.560894,90239324.0
6044,2024,3,2024-03-01,-0.020709,0.038123,0.068616,9,9,1.0,20.510676,86372445.0
6044,2024,4,2024-04-01,0.030977,0.030486,0.035242,9,9,1.0,47.926714,95332509.0
6044,2024,5,2024-05-01,0.142107,0.029294,0.027991,9,9,1.0,40.520094,89883638.0
6044,2024,6,2024-06-01,0.576112,0.030161,0.05849,9,9,1.0,31.13421,84217408.0
6044,2024,7,2024-07-01,0.752083,0.027277,0.028876,9,9,1.0,41.65323,95425695.0
6044,2024,8,2024-08-01,0.482703,0.02475,0.034314,9,9,1.0,43.949142,91425313.0
6044,2024,9,2024-09-01,0.215797,0.022966,0.032868,9,9,1.0,32.230909,85979995.0
6044,2025,3,2025-03-01,0.029309,0.033702,0.031111,9,9,1.0,24.158848,87368194.0
6044,2025,4,2025-04-01,0.04292,0.028621,0.035735,9,9,1.0,58.532201,96861891.0
6044,2025,5,2025-05-01,0.053847,0.03312,0.046271,9,9,1.0,31.265802,89188846.0
6044,2025,6,2025-06-01,0.267406,0.032732,0.053809,9,9,1.0,27.628771,91704495.0
6044,2025,7,2025-07-01,0.761448,0.02504,0.023606,9,9,1.0,52.730521,94751856.0
6044,2025,8,2025-08-01,0.561936,0.0264,0.040574,9,9,1.0,35.822319,94948426.0
6044,2025,9,2025-09-01,0.254198,0.026367,0.053331,9,9,1.0,23.702241,89061648.0
6045,2019,3,2019-03-01,-0.061987,0.036626,0.021499,9,9,1.0,27.948495,73511224.0
6045,2019,4,2019-04-01,0.040578,0.027729,0.034347,9,9,1.0,68.751874,74389486.0
6045,2019,5,2019-05-01,0.037024,0.032226,0.051569,9,9,1.0,37.252277,73985614.0
6045,2019,6,2019-06-01,0.349866,0.028743,0.069835,9,9,1.0,35.617899,76811205.0
6045,2019,7,2019-07-01,0.568597,0.028372,0.044604,9,9,1.0,37.650933,76826548.0
6045,2019,8,2019-08-01,0.297775,0.028442,0.024821,9,9,1.0,32.200596,95194713.0
6045,2019,9,2019-09-01,0.119109,0.023702,0.029869,9,9,1.0,33.065678,91974497.0
6045,2020,3,2020-03-01,-0.203555,0.03498,0.054983,9,9,1.0,32.749589,94604585.0
6045,2020,4,2020-04-01,0.087717,0.029547,0.022537,9,9,1.0,69.034957,96808107.0
6045,2020,5,2020-05-01,-0.015083,0.043041,0.050794,9,9,1.0,21.545541,93035456.0
6045,2020,6,2020-06-01,0.285188,0.025915,0.03578,9,9,1.0,44.844572,96006563.0
6045,2020,7,2020-07-01,0.556246,0.02991,0.020654,9,9,1.0,35.491921,99686529.0
6045,2020,8,2020-08-01,0.383717,0.025305,0.036733,9,9,1.0,44.816494,97684078.0
6045,2020,9,2020-09-01,0.181527,0.025388,0.049286,9,9,1.0,29.479523,91237630.0
6045,2021,3,2021-03-01,-0.001851,0.034878,0.038602,9,9,1.0,31.986456,94409616.0
6045,2021,4,2021-04-01,0.029084,0.028325,0.048975,9,9,1.0,69.005066,98410821.0
6045,2021,5,2021-05-01,0.107664,0.03827,0.05568,9,9,1.0,27.748147,91970868.0
6045,2021,6,2021-06-01,0.365489,0.025414,0.037714,9,9,1.0,42.38937,95947119.0
6045,2021,7,2021-07-01,0.673719,0.02659,0.03915,9,9,1.0,41.837202,101406324.0
6045,2021,8,2021-08-01,0.378882,0.02745,0.030274,9,9,1.0,37.420597,97445628.0
6045,2021,9,2021-09-01,0.105342,0.027347,0.079826,9,9,1.0,24.839201,90094126.0
6045,2022,3,2022-03-01,0.029311,0.034512,0.039902,9,9,1.0,31.181172,95748274.0
6045,2022,4,2022-04-01,0.106776,0.028192,0.054846,9,9,1.0,71.672921,97595138.0
6045,2022,5,2022-05-01,0.11947,0.031286,0.029892,9,9,1.0,37.334403,92699999.0
6045,2022,6,2022-06-01,0.350125,0.027005,0.038805,9,9,1.0,40.292994,95901303.0
6045,2022,7,2022-07-01,0.606731,0.029378,0.062209,9,9,1.0,33.643051,102035161.0
6045,2022,8,2022-08-01,0.443556,0.02598,0.04271,9,9,1.0,43.231026,98258702.0
6045,2022,9,2022-09-01,0.139447,0.028102,0.030324,9,9,1.0,27.295305,88902747.0
6045,2023,3,2023-03-01,-0.030944,0.03503,0.038849,9,9,1.0,29.907656,93671913.0
6045,2023,4,2023-04-01,0.012706,0.027486,0.061617,9,9,1.0,68.688622,98665163.0
6045,2023,5,2023-05-01,0.096804,0.027185,0.042135,9,9,1.0,50.062507,95301562.0
6045,2023,6,2023-06-01,0.45681,0.025432,0.046844,9,9,1.0,43.4467,96444568.0
6045,2023,7,2023-07-01,0.64535,0.032487,0.074322,9,9,1.0,28.842314,101753881.0
6045,2023,8,2023-08-01,0.499612,0.028253,0.060404,9,9,1.0,34.691806,96968132.0
6045,2023,9,2023-09-01,0.177995,0.025427,0.032834,9,9,1.0,27.144615,90239324.0
6045,2024,3,2024-03-01,0.027427,0.037925,0.06791,9,9,1.0,21.182684,86372445.0
6045,2024,4,2024-04-01,-0.021251,0.031242,0.05726,9,9,1.0,47.720575,95332509.0
6045,2024,5,2024-05-01,0.12645,0.03174,0.035049,9,9,1.0,35.434515,89883638.0
6045,2024,6,2024-06-01,0.524692,0.030282,0.044711,9,9,1.0,31.89049,84217408.0
6045,2024,7,2024-07-01,0.694141,0.027059,0.02282,9,9,1.0,43.188061,95425695.0
6045,2024,8,2024-08-01,0.505976,0.024368,0.033011,9,9,1.0,45.669825,91425313.0
6045,2024,9,2024-09-01,0.22283,0.022893,0.019969,9,9,1.0,31.765583,85979995.0
6045,2025,3,2025-03-01,0.070625,0.034017,0.046518,9,9,1.0,24.214842,87368194.0
6045,2025,4,2025-04-01,0.040423,0.029206,0.06548,9,9,1.0,58.460546,96861891.0
6045,2025,5,2025-05-01,0.107506,0.034639,0.03976,9,9,1.0,28.956005,89188846.0
6045,2025,6,2025-06-01,0.187848,0.031358,0.030516,9,9,1.0,31.898061,91704495.0
6045,2025,7,2025-07-01,0.693494,0.024862,0.041892,9,9,1.0,53.14372,94751856.0
6045,2025,8,2025-08-01,0.532215,0.026912,0.051939,9,9,1.0,34.676466,94948426.0
6045,2025,9,2025-09-01,0.21548,0.02655,0.020269,9,9,1.0,25.648462,89061648.0
6058,2019,3,2019-03-01,-0.017156,0.035848,0.03384,9,9,1.0,27.020991,73511224.0
6058,2019,4,2019-04-01,0.01409,0.026669,0.044334,9,9,1.0,64.615505,74389486.0
6058,2019,5,2019-05-01,0.124121,0.029643,0.041694,9,9,1.0,34.503823,73985614.0
6058,2019,6,2019-06-01,0.364444,0.029606,0.042097,9,9,1.0,30.481823,76811205.0
6058,2019,7,2019-07-01,0.494147,0.029224,0.050101,9,9,1.0,31.211913,76826548.0
6058,2019,8,2019-08-01,0.310672,0.02814,0.067465,9,9,1.0,31.340164,95194713.0
6058,2019,9,2019-09-01,0.166456,0.025571,0.03624,9,9,1.0,29.80966,91974497.0
6058,2020,3,2020-03-01,-0.13843,0.034219,0.066284,9,9,1.0,31.22609,94604585.0
6058,2020,4,2020-04-01,0.050745,0.028171,0.047958,9,9,1.0,62.452506,96808107.0
6058,2020,5,2020-05-01,0.07591,0.039296,0.097271,9,9,1.0,23.650505,93035456.0
6058,2020,6,2020-06-01,0.331642,0.023037,0.028963,9,9,1.0,48.45871,96006563.0
6058,2020,7,2020-07-01,0.545418,0.02706,0.041416,9,9,1.0,38.863258,99686529.0
6058,2020,8,2020-08-01,0.406773,0.025947,0.049593,9,9,1.0,39.422963,97684078.0
6058,2020,9,2020-09-01,0.217169,0.027131,0.040936,9,9,1.0,23.226293,91237630.0
6058,2021,3,2021-03-01,-0.013205,0.032016,0.043816,9,9,1.0,31.848298,94409616.0
6058,2021,4,2021-04-01,0.001404,0.026566,0.077038,9,9,1.0,66.259756,98410821.0
6058,2021,5,2021-05-01,0.001303,0.03475,0.068669,9,9,1.0,29.399994,91970868.0
6058,2021,6,2021-06-01,0.427756,0.025695,0.038544,9,9,1.0,41.363523,95947119.0
6058,2021,7,2021-07-01,0.658619,0.024398,0.055307,9,9,1.0,45.925342,101406324.0
6058,2021,8,2021-08-01,0.442526,0.02797,0.032377,9,9,1.0,30.423283,97445628.0
6058,2021,9,2021-09-01,0.160036,0.025245,0.025432,9,9,1.0,24.040658,90094126.0
6058,2022,3,2022-03-01,0.028522,0.032369,0.046905,9,9,1.0,31.16143,95748274.0
6058,2022,4,2022-04-01,0.11483,0.026999,0.039643,9,9,1.0,66.260283,97595138.0
6058,2022,5,2022-05-01,0.094498,0.029348,0.059257,9,9,1.0,37.484041,92699999.0
6058,2022,6,2022-06-01,0.585568,0.028796,0.042706,9,9,1.0,32.465305,95901303.0
6058,2022,7,2022-07-01,0.625633,0.027438,0.056937,9,9,1.0,38.19625,102035161.0
6058,2022,8,2022-08-01,0.512901,0.024099,0.053585,9,9,1.0,43.399848,98258702.0
6058,2022,9,2022-09-01,0.169062,0.030266,0.07066,9,9,1.0,13.314431,88902747.0
6058,2023,3,2023-03-01,-0.031514,0.032809,0.077617,9,9,1.0,29.49683,93671913.0
6058,2023,4,2023-04-01,0.014442,0.026101,0.084273,9,9,1.0,64.389861,98665163.0
6058,2023,5,2023-05-01,0.217519,0.024968,0.031322,9,9,1.0,52.09262,95301562.0
6058,2023,6,2023-06-01,0.458533,0.025284,0.041102,9,9,1.0,42.458056,96444568.0
6058,2023,7,2023-07-01,0.562556,0.031756,0.067085,9,9,1.0,26.378141,101753881.0
6058,2023,8,2023-08-01,0.395353,0.026681,0.03029,9,9,1.0,34.445255,96968132.0
6058,2023,9,2023-09-01,0.312265,0.026079,0.03872,9,9,1.0,26.238048,90239324.0
6058,2024,3,2024-03-01,0.003413,0.037447,0.046416,9,9,1.0,22.17461,86372445.0
6058,2024,4,2024-04-01,-0.030174,0.031218,0.090664,9,9,1.0,39.512757,95332509.0
6058,2024,5,2024-05-01,0.154199,0.028393,0.057126,9,9,1.0,32.854026,89883638.0
6058,2024,6,2024-06-01,0.491251,0.028291,0.030614,9,9,1.0,33.895896,84217408.0
6058,2024,7,2024-07-01,0.74237,0.026341,0.052143,9,9,1.0,42.374731,95425695.0
6058,2024,8,2024-08-01,0.481605,0.021908,0.019156,9,9,1.0,50.54709,91425313.0
6058,2024,9,2024-09-01,0.288174,0.022042,0.024295,9,9,1.0,40.022597,85979995.0
6058,2025,3,2025-03-01,0.083307,0.033938,0.044506,9,9,1.0,23.126671,87368194.0
6058,2025,4,2025-04-01,0.061233,0.027373,0.050447,9,9,1.0,54.055548,96861891.0
6058,2025,5,2025-05-01,0.122696,0.034366,0.064719,9,9,1.0,25.418134,89188846.0
6058,2025,6,2025-06-01,0.324636,0.029812,0.043266,9,9,1.0,27.460875,91704495.0
6058,2025,7,2025-07-01,0.635568,0.022723,0.042894,9,9,1.0,50.04506,94751856.0
6058,2025,8,2025-08-01,0.51891,0.026483,0.043068,9,9,1.0,33.981826,94948426.0
6058,2025,9,2025-09-01,0.202732,0.027373,0.030509,9,9,1.0,17.712919,89061648.0
6109,2019,3,2019-03-01,-0.084785,0.034412,0.029551,12,12,1.0,30.418161,73511224.0
6109,2019,4,2019-04-01,0.061673,0.027042,0.036136,12,12,1.0,62.615399,74389486.0
6109,2019,5,2019-05-01,0.021567,0.030842,0.030261,12,12,1.0,35.676904,73985614.0
6109,2019,6,2019-06-01,0.315718,0.028509,0.04169,12,12,1.0,34.977108,76811205.0
6109,2019,7,2019-07-01,0.580201,0.026178,0.03198,12,12,1.0,42.232527,76826548.0
6109,2019,8,2019-08-01,0.267199,0.027605,0.054438,12,12,1.0,32.059003,95194713.0
6109,2019,9,2019-09-01,0.131743,0.023804,0.025098,12,12,1.0,30.845727,91974497.0
6109,2020,3,2020-03-01,-0.143679,0.033215,0.047213,12,12,1.0,30.968789,94604585.0
6109,2020,4,2020-04-01,0.041611,0.028296,0.032331,12,12,1.0,59.998909,96808107.0
6109,2020,5,2020-05-01,0.091234,0.036539,0.063098,12,12,1.0,24.492237,93035456.0
6109,2020,6,2020-06-01,0.378345,0.024872,0.043041,12,12,1.0,43.984314,96006563.0
6109,2020,7,2020-07-01,0.584576,0.030716,0.070976,12,12,1.0,32.676973,99686529.0
6109,2020,8,2020-08-01,0.404917,0.025444,0.039974,12,12,1.0,41.295867,97684078.0
6109,2020,9,2020-09-01,0.227888,0.024113,0.033806,12,12,1.0,30.937475,91237630.0
6109,2021,3,2021-03-01,-0.031223,0.033731,0.017751,12,12,1.0,31.679348,94409616.0
6109,2021,4,2021-04-01,0.000458,0.02676,0.032272,12,12,1.0,63.98645,98410821.0
6109,2021,5,2021-05-01,0.13686,0.037489,0.087503,12,12,1.0,26.834982,91970868.0
6109,2021,6,2021-06-01,0.424394,0.025061,0.052608,12,12,1.0,42.255297,95947119.0
6109,2021,7,2021-07-01,0.674878,0.026235,0.037506,12,12,1.0,43.041735,101406324.0
6109,2021,8,2021-08-01,0.477411,0.025342,0.035806,12,12,1.0,38.463657,97445628.0
6109,2021,9,2021-09-01,0.221721,0.031989,0.083509,12,12,1.0,17.490718,90094126.0
6109,2022,3,2022-03-01,-0.02837,0.032177,0.041193,12,12,1.0,29.051384,95748274.0
6109,2022,4,2022-04-01,0.050608,0.026437,0.035954,12,12,1.0,67.381836,97595138.0
6109,2022,5,2022-05-01,0.070312,0.027849,0.033769,12,12,1.0,38.219486,92699999.0
6109,2022,6,2022-06-01,0.454132,0.026256,0.057203,12,12,1.0,37.738699,95901303.0
6109,2022,7,2022-07-01,0.639488,0.028883,0.038347,12,12,1.0,33.716262,102035161.0
6109,2022,8,2022-08-01,0.537004,0.025868,0.039022,12,12,1.0,40.273027,98258702.0
6109,2022,9,2022-09-01,0.130666,0.027001,0.033462,12,12,1.0,23.718505,88902747.0
6109,2023,3,2023-03-01,-0.027615,0.032893,0.043543,12,12,1.0,28.012371,93671913.0
6109,2023,4,2023-04-01,0.076837,0.026019,0.034184,12,12,1.0,63.967545,98665163.0
6109,2023,5,2023-05-01,0.125486,0.026213,0.032275,12,12,1.0,48.114413,95301562.0
6109,2023,6,2023-06-01,0.520421,0.025911,0.0498,12,12,1.0,41.908454,96444568.0
6109,2023,7,2023-07-01,0.654895,0.032068,0.03019,12,12,1.0,28.91573,101753881.0
6109,2023,8,2023-08-01,0.57553,0.027781,0.056422,12,12,1.0,37.715143,96968132.0
6109,2023,9,2023-09-01,0.269516,0.025361,0.046601,12,12,1.0,26.282466,90239324.0
6109,2024,3,2024-03-01,0.016072,0.034965,0.038477,12,12,1.0,22.289069,86372445.0
6109,2024,4,2024-04-01,-0.009076,0.029017,0.040827,12,12,1.0,44.730478,95332509.0
6109,2024,5,2024-05-01,0.167365,0.027126,0.051058,12,12,1.0,43.536985,89883638.0
6109,2024,6,2024-06-01,0.610874,0.029818,0.036936,12,12,1.0,29.137903,84217408.0
6109,2024,7,2024-07-01,0.747251,0.026178,0.061326,12,12,1.0,42.419875,95425695.0
6109,2024,8,2024-08-01,0.46742,0.024152,0.033424,12,12,1.0,43.077856,91425313.0
6109,2024,9,2024-09-01,0.252476,0.022393,0.044383,12,12,1.0,34.490341,85979995.0
6109,2025,3,2025-03-01,0.051088,0.032549,0.033018,12,12,1.0,21.933499,87368194.0
6109,2025,4,2025-04-01,0.075395,0.027302,0.026216,12,12,1.0,56.265931,96861891.0
6109,2025,5,2025-05-01,0.093119,0.030451,0.054566,12,12,1.0,34.473231,89188846.0
6109,2025,6,2025-06-01,0.279193,0.033305,0.043443,12,12,1.0,24.402017,91704495.0
6109,2025,7,2025-07-01,0.681626,0.024298,0.029621,12,12,1.0,48.992724,94751856.0
6109,2025,8,2025-08-01,0.528163,0.025943,0.048563,12,12,1.0,33.195063,94948426.0
6109,2025,9,2025-09-01,0.213152,0.028392,0.049131,12,12,1.0,21.450555,89061648.0
6111,2019,3,2019-03-01,-0.047787,0.034894,0.030598,9,9,1.0,28.453391,73511224.0
6111,2019,4,2019-04-01,0.056627,0.026442,0.032184,9,9,1.0,69.604304,74389486.0
6111,2019,5,2019-05-01,0.03496,0.030609,0.042998,9,9,1.0,36.881428,73985614.0
6111,2019,6,2019-06-01,0.317996,0.028073,0.034181,9,9,1.0,34.801335,76811205.0
6111,2019,7,2019-07-01,0.575726,0.026534,0.027816,9,9,1.0,39.057181,76826548.0
6111,2019,8,2019-08-01,0.342017,0.027607,0.031764,9,9,1.0,30.063134,95194713.0
6111,2019,9,2019-09-01,0.140274,0.023483,0.02826,9,9,1.0,33.331556,91974497.0
6111,2020,3,2020-03-01,-0.146037,0.033676,0.061968,9,9,1.0,32.283155,94604585.0
6111,2020,4,2020-04-01,0.099702,0.027886,0.036787,9,9,1.0,69.594779,96808107.0
6111,2020,5,2020-05-01,-0.041579,0.045303,0.048956,9,9,1.0,18.536072,93035456.0
6111,2020,6,2020-06-01,0.313185,0.024245,0.055545,9,9,1.0,44.712329,96006563.0
6111,2020,7,2020-07-01,0.518938,0.028323,0.034307,9,9,1.0,36.199132,99686529.0
6111,2020,8,2020-08-01,0.431716,0.024178,0.049137,9,9,1.0,43.02107,97684078.0
6111,2020,9,2020-09-01,0.187379,0.023522,0.02272,9,9,1.0,32.009535,91237630.0
6111,2021,3,2021-03-01,-0.005677,0.032611,0.044849,9,9,1.0,32.730722,94409616.0
6111,2021,4,2021-04-01,0.025422,0.026982,0.057143,9,9,1.0,69.228524,98410821.0
6111,2021,5,2021-05-01,0.026153,0.03594,0.07103,9,9,1.0,30.253011,91970868.0
6111,2021,6,2021-06-01,0.377843,0.024749,0.045678,9,9,1.0,44.030589,95947119.0
6111,2021,7,2021-07-01,0.665034,0.025763,0.042131,9,9,1.0,42.001065,101406324.0
6111,2021,8,2021-08-01,0.411292,0.026645,0.027624,9,9,1.0,34.105756,97445628.0
6111,2021,9,2021-09-01,0.169102,0.025628,0.023922,9,9,1.0,20.7281,90094126.0
6111,2022,3,2022-03-01,0.021453,0.032706,0.062248,9,9,1.0,30.609378,95748274.0
6111,2022,4,2022-04-01,0.077405,0.026916,0.04108,9,9,1.0,71.517204,97595138.0
6111,2022,5,2022-05-01,0.076116,0.030384,0.059083,9,9,1.0,36.873021,92699999.0
6111,2022,6,2022-06-01,0.31537,0.024884,0.0394,9,9,1.0,42.829001,95901303.0
6111,2022,7,2022-07-01,0.589107,0.02831,0.045426,9,9,1.0,33.179443,102035161.0
6111,2022,8,2022-08-01,0.421996,0.024553,0.032591,9,9,1.0,42.458633,98258702.0
6111,2022,9,2022-09-01,0.15805,0.027203,0.04003,9,9,1.0,26.750207,88902747.0
6111,2023,3,2023-03-01,-0.026953,0.03348,0.077941,9,9,1.0,30.349248,93671913.0
6111,2023,4,2023-04-01,0.02771,0.026302,0.055884,9,9,1.0,69.577656,98665163.0
6111,2023,5,2023-05-01,0.104282,0.026379,0.021372,9,9,1.0,48.748319,95301562.0
6111,2023,6,2023-06-01,0.423419,0.024695,0.030417,9,9,1.0,43.394283,96444568.0
6111,2023,7,2023-07-01,0.592966,0.029455,0.040856,9,9,1.0,30.479434,101753881.0
6111,2023,8,2023-08-01,0.452081,0.026936,0.037383,9,9,1.0,35.649966,96968132.0
6111,2023,9,2023-09-01,0.184973,0.02322,0.0218,9,9,1.0,29.325255,90239324.0
6111,2024,3,2024-03-01,0.000828,0.035799,0.064914,9,9,1.0,22.259689,86372445.0
6111,2024,4,2024-04-01,0.029179,0.028901,0.050173,9,9,1.0,51.868001,95332509.0
6111,2024,5,2024-05-01,0.108556,0.02881,0.041883,9,9,1.0,38.165474,89883638.0
6111,2024,6,2024-06-01,0.525558,0.027982,0.050532,9,9,1.0,33.432535,84217408.0
6111,2024,7,2024-07-01,0.73529,0.026121,0.048141,9,9,1.0,39.787446,95425695.0
6111,2024,8,2024-08-01,0.494062,0.02312,0.032481,9,9,1.0,47.231274,91425313.0
6111,2024,9,2024-09-01,0.182588,0.021333,0.038418,9,9,1.0,36.072001,85979995.0
6111,2025,3,2025-03-01,0.046384,0.032931,0.034238,9,9,1.0,24.714346,87368194.0
6111,2025,4,2025-04-01,0.009203,0.027711,0.045109,9,9,1.0,60.350525,96861891.0
6111,2025,5,2025-05-01,0.03305,0.03167,0.056123,9,9,1.0,28.443016,89188846.0
6111,2025,6,2025-06-01,0.196307,0.031417,0.035349,9,9,1.0,28.139389,91704495.0
6111,2025,7,2025-07-01,0.653306,0.024068,0.038604,9,9,1.0,50.292414,94751856.0
6111,2025,8,2025-08-01,0.442512,0.0252,0.056486,9,9,1.0,36.907895,94948426.0
6111,2025,9,2025-09-01,0.19398,0.02536,0.038338,9,9,1.0,23.236841,89061648.0
6117,2019,3,2019-03-01,-0.23818,0.129851,0.24303,12,12,1.0,1.924384,73511224.0
6117,2019,4,2019-04-01,0.158541,0.10458,0.136634,12,12,1.0,5.481212,74389486.0
6117,2019,5,2019-05-01,0.077151,0.074068,0.061757,12,12,1.0,3.528483,73985614.0
6117,2019,6,2019-06-01,0.242772,0.06713,0.243656,12,11,0.766205,3.678383,76811205.0
6117,2019,7,2019-07-01,0.263188,0.075667,0.109872,12,11,0.766205,3.434798,76826548.0
6117,2019,8,2019-08-01,0.103615,0.068091,0.126055,12,11,0.766205,2.813419,95194713.0
6117,2019,9,2019-09-01,-0.089043,0.086661,0.362162,12,12,1.0,2.44242,91974497.0
6117,2020,3,2020-03-01,-0.243905,0.11619,0.273304,12,12,1.0,2.203331,94604585.0
6117,2020,4,2020-04-01,0.162542,0.075319,0.126187,12,11,0.766205,6.354421,96808107.0
6117,2020,5,2020-05-01,0.276102,0.109063,0.187468,12,11,0.766205,2.051982,93035456.0
6117,2020,6,2020-06-01,0.248553,0.082706,0.135906,12,12,1.0,3.619946,96006563.0
6117,2020,7,2020-07-01,0.317915,0.068717,0.107529,12,12,1.0,3.739274,99686529.0
6117,2020,8,2020-08-01,0.136257,0.069149,0.058136,12,12,1.0,3.111792,97684078.0
6117,2020,9,2020-09-01,0.156999,0.067365,0.130408,12,11,0.766205,1.953939,91237630.0
6117,2021,3,2021-03-01,0.321405,0.087546,0.249482,12,11,0.766205,2.986158,94409616.0
6117,2021,4,2021-04-01,0.131143,0.106988,0.204656,12,12,1.0,5.928987,98410821.0
6117,2021,5,2021-05-01,0.229833,0.114397,0.196761,12,12,1.0,1.773985,91970868.0
6117,2021,6,2021-06-01,0.217008,0.082509,0.080052,12,12,1.0,3.272612,95947119.0
6117,2021,7,2021-07-01,0.236739,0.05986,0.145905,12,12,1.0,3.684781,101406324.0
6117,2021,8,2021-08-01,0.384676,0.067894,0.153178,12,12,1.0,2.559269,97445628.0
6117,2021,9,2021-09-01,-0.085323,0.085898,0.130689,12,11,0.766205,2.031283,90094126.0
6117,2022,3,2022-03-01,0.134806,0.111266,0.070165,12,12,1.0,2.405598,95748274.0
6117,2022,4,2022-04-01,0.256444,0.084578,0.292174,12,12,1.0,5.950891,97595138.0
6117,2022,5,2022-05-01,-0.00445,0.088942,0.214286,12,12,1.0,3.326003,92699999.0
6117,2022,6,2022-06-01,0.194114,0.06905,0.277163,12,12,1.0,3.105437,95901303.0
6117,2022,7,2022-07-01,0.022063,0.094791,0.320724,12,12,1.0,2.991148,102035161.0
6117,2022,8,2022-08-01,0.437296,0.053522,0.310621,12,12,1.0,3.448675,98258702.0
6117,2022,9,2022-09-01,0.156352,0.076493,0.199864,12,11,0.766205,2.49249,88902747.0
6117,2023,3,2023-03-01,0.000921,0.08207,0.11319,12,11,0.766205,2.524696,93671913.0
6117,2023,4,2023-04-01,0.058833,0.114541,0.297576,12,12,1.0,5.186899,98665163.0
6117,2023,5,2023-05-01,0.051018,0.080389,0.133423,12,12,1.0,3.793777,95301562.0
6117,2023,6,2023-06-01,0.168502,0.053156,0.099973,12,11,0.766205,4.182579,96444568.0
6117,2023,7,2023-07-01,0.328008,0.076089,0.137594,12,11,0.766205,2.973919,101753881.0
6117,2023,8,2023-08-01,0.218166,0.068328,0.080725,12,11,0.766205,3.041452,96968132.0
6117,2023,9,2023-09-01,0.035219,0.091305,0.181842,12,12,1.0,2.147684,90239324.0
6117,2024,3,2024-03-01,-0.041885,0.086573,0.220015,12,11,0.766205,2.330358,86372445.0
6117,2024,4,2024-04-01,-0.103404,0.112372,0.230816,12,12,1.0,4.078195,95332509.0
6117,2024,5,2024-05-01,0.14846,0.071576,0.238789,12,12,1.0,2.974876,89883638.0
6117,2024,6,2024-06-01,0.204454,0.078047,0.069001,12,12,1.0,2.941272,84217408.0
6117,2024,7,2024-07-01,0.381035,0.105195,0.15285,12,12,1.0,3.533023,95425695.0
6117,2024,8,2024-08-01,0.423867,0.075167,0.324737,12,12,1.0,4.145785,91425313.0
6117,2024,9,2024-09-01,0.182492,0.068406,0.121742,12,12,1.0,2.396874,85979995.0
6117,2025,3,2025-03-01,0.192005,0.1078,0.275992,12,12,1.0,1.745096,87368194.0
6117,2025,4,2025-04-01,0.245703,0.111037,0.194224,12,12,1.0,4.530792,96861891.0
6117,2025,5,2025-05-01,0.237687,0.085605,0.11437,12,12,1.0,0.940964,89188846.0
6117,2025,6,2025-06-01,-0.100684,0.096721,0.228165,12,12,1.0,1.853513,91704495.0
6117,2025,7,2025-07-01,0.40384,0.071217,0.112722,12,12,1.0,3.646953,94751856.0
6117,2025,8,2025-08-01,0.103628,0.098473,0.302264,12,11,0.766205,3.149742,94948426.0
6117,2025,9,2025-09-01,0.162601,0.071485,0.21956,12,11,0.766205,1.93117,89061648.0
6241,2019,3,2019-03-01,-0.045208,0.041819,0.070501,7,7,1.0,27.554739,73511224.0
6241,2019,4,2019-04-01,0.052948,0.029763,0.018728,7,7,1.0,64.390006,74389486.0
6241,2019,5,2019-05-01,0.031661,0.03335,0.043774,7,7,1.0,39.098739,73985614.0
6241,2019,6,2019-06-01,0.247406,0.031224,0.048956,7,7,1.0,35.116862,76811205.0
6241,2019,7,2019-07-01,0.490489,0.029265,0.015161,7,7,1.0,42.758372,76826548.0
6241,2019,8,2019-08-01,0.31146,0.032405,0.026504,7,7,1.0,29.515919,95194713.0
6241,2019,9,2019-09-01,0.131526,0.027779,0.063955,7,7,1.0,30.387307,91974497.0
6241,2020,3,2020-03-01,-0.134198,0.037871,0.055705,7,7,1.0,31.65058,94604585.0
6241,2020,4,2020-04-01,0.107593,0.031146,0.031592,7,7,1.0,67.302729,96808107.0
6241,2020,5,2020-05-01,0.065013,0.046254,0.06643,7,7,1.0,20.786504,93035456.0
6241,2020,6,2020-06-01,0.312866,0.026497,0.031902,7,7,1.0,45.227237,96006563.0
6241,2020,7,2020-07-01,0.515155,0.031129,0.024928,7,7,1.0,39.654518,99686529.0
6241,2020,8,2020-08-01,0.434593,0.028958,0.052071,7,7,1.0,39.782427,97684078.0
6241,2020,9,2020-09-01,0.169854,0.026699,0.023063,7,7,1.0,32.26716,91237630.0
6241,2021,3,2021-03-01,-0.023792,0.039414,0.043892,7,7,1.0,30.032162,94409616.0
6241,2021,4,2021-04-01,-0.003832,0.030282,0.050042,7,7,1.0,66.13927,98410821.0
6241,2021,5,2021-05-01,0.006446,0.04309,0.066746,7,7,1.0,24.891483,91970868.0
6241,2021,6,2021-06-01,0.369144,0.028321,0.018378,7,7,1.0,42.186412,95947119.0
6241,2021,7,2021-07-01,0.58126,0.028171,0.019306,7,7,1.0,43.943798,101406324.0
6241,2021,8,2021-08-01,0.409967,0.028226,0.018452,7,7,1.0,41.65061,97445628.0
6241,2021,9,2021-09-01,0.135351,0.034033,0.03679,7,7,1.0,18.582838,90094126.0
6241,2022,3,2022-03-01,-0.017096,0.035976,0.037436,7,7,1.0,29.153997,95748274.0
6241,2022,4,2022-04-01,0.039089,0.029702,0.013982,7,7,1.0,70.593743,97595138.0
6241,2022,5,2022-05-01,0.069003,0.034012,0.043096,7,7,1.0,35.608497,92699999.0
6241,2022,6,2022-06-01,0.355716,0.029241,0.060523,7,7,1.0,41.384056,95901303.0
6241,2022,7,2022-07-01,0.6049,0.031462,0.041599,7,7,1.0,34.294001,102035161.0
6241,2022,8,2022-08-01,0.509557,0.027761,0.04708,7,7,1.0,39.809077,98258702.0
6241,2022,9,2022-09-01,0.177866,0.02948,0.063262,7,7,1.0,26.481301,88902747.0
6241,2023,3,2023-03-01,-0.018056,0.037728,0.09359,7,7,1.0,27.80309,93671913.0
6241,2023,4,2023-04-01,-0.000753,0.028925,0.061499,7,7,1.0,67.328291,98665163.0
6241,2023,5,2023-05-01,0.14556,0.029981,0.035116,7,7,1.0,49.777853,95301562.0
6241,2023,6,2023-06-01,0.369195,0.028756,0.025354,7,7,1.0,44.326122,96444568.0
6241,2023,7,2023-07-01,0.526704,0.035442,0.079286,7,7,1.0,25.306941,101753881.0
6241,2023,8,2023-08-01,0.495759,0.031702,0.036667,7,7,1.0,37.316151,96968132.0
6241,2023,9,2023-09-01,0.253309,0.030658,0.017177,7,7,1.0,24.941144,90239324.0
6241,2024,3,2024-03-01,-0.024203,0.039608,0.046228,7,7,1.0,23.316494,86372445.0
6241,2024,4,2024-04-01,0.010683,0.033216,0.029611,7,7,1.0,48.011186,95332509.0
6241,2024,5,2024-05-01,0.131102,0.031057,0.031987,7,7,1.0,39.733974,89883638.0
6241,2024,6,2024-06-01,0.505963,0.033267,0.071167,7,7,1.0,28.502675,84217408.0
6241,2024,7,2024-07-01,0.733179,0.028743,0.024017,7,7,1.0,42.72947,95425695.0
6241,2024,8,2024-08-01,0.483133,0.026945,0.036764,7,7,1.0,44.681168,91425313.0
6241,2024,9,2024-09-01,0.280931,0.024827,0.028239,7,7,1.0,35.682349,85979995.0
6241,2025,3,2025-03-01,0.062686,0.038629,0.043239,7,7,1.0,22.058051,87368194.0
6241,2025,4,2025-04-01,0.017452,0.030218,0.062606,7,7,1.0,58.57655,96861891.0
6241,2025,5,2025-05-01,0.07392,0.036127,0.050155,7,7,1.0,31.240635,89188846.0
6241,2025,6,2025-06-01,0.31099,0.036074,0.022672,7,7,1.0,26.19699,91704495.0
6241,2025,7,2025-07-01,0.653253,0.027605,0.042759,7,7,1.0,46.897381,94751856.0
6241,2025,8,2025-08-01,0.405021,0.027683,0.027031,7,7,1.0,36.733714,94948426.0
6241,2025,9,2025-09-01,0.323211,0.032714,0.061082,7,7,1.0,18.727145,89061648.0
6254,2019,3,2019-03-01,-0.089024,0.03878,0.067829,8,8,1.0,28.225134,73511224.0
6254,2019,4,2019-04-01,0.044949,0.029195,0.05706,8,8,1.0,67.111411,74389486.0
6254,2019,5,2019-05-01,0.107314,0.035933,0.050888,8,8,1.0,32.985439,73985614.0
6254,2019,6,2019-06-01,0.198321,0.033717,0.041431,8,8,1.0,28.869672,76811205.0
6254,2019,7,2019-07-01,0.434689,0.033182,0.029419,8,8,1.0,27.24045,76826548.0
6254,2019,8,2019-08-01,0.267881,0.035317,0.038296,8,8,1.0,23.658881,95194713.0
6254,2019,9,2019-09-01,0.140963,0.025981,0.031901,8,8,1.0,34.059085,91974497.0
6254,2020,3,2020-03-01,-0.088145,0.036123,0.056321,8,8,1.0,30.980138,94604585.0
6254,2020,4,2020-04-01,0.117481,0.03092,0.064747,8,8,1.0,62.36084,96808107.0
6254,2020,5,2020-05-01,0.103549,0.046668,0.099877,8,8,1.0,21.518954,93035456.0
6254,2020,6,2020-06-01,0.269182,0.026886,0.031386,8,8,1.0,43.652389,96006563.0
6254,2020,7,2020-07-01,0.516086,0.031127,0.057132,8,8,1.0,36.08437,99686529.0
6254,2020,8,2020-08-01,0.361556,0.028041,0.044763,8,8,1.0,35.701243,97684078.0
6254,2020,9,2020-09-01,0.142415,0.028822,0.036651,8,8,1.0,26.493164,91237630.0
6254,2021,3,2021-03-01,0.015186,0.036552,0.064327,8,8,1.0,30.363229,94409616.0
6254,2021,4,2021-04-01,0.063734,0.029536,0.061862,8,8,1.0,66.462148,98410821.0
6254,2021,5,2021-05-01,0.031168,0.044312,0.111206,8,8,1.0,24.012679,91970868.0
6254,2021,6,2021-06-01,0.34266,0.02581,0.039543,8,8,1.0,43.058275,95947119.0
6254,2021,7,2021-07-01,0.547843,0.026649,0.033935,8,8,1.0,45.688632,101406324.0
6254,2021,8,2021-08-01,0.363381,0.031188,0.04236,8,8,1.0,32.346046,97445628.0
6254,2021,9,2021-09-01,0.070066,0.029105,0.031388,8,8,1.0,24.494266,90094126.0
6254,2022,3,2022-03-01,0.113209,0.036377,0.051772,8,8,1.0,30.578738,95748274.0
6254,2022,4,2022-04-01,0.090528,0.02927,0.059621,8,8,1.0,69.423322,97595138.0
6254,2022,5,2022-05-01,0.100464,0.033444,0.071964,8,8,1.0,36.764714,92699999.0
6254,2022,6,2022-06-01,0.359618,0.030383,0.035839,8,8,1.0,34.046343,95901303.0
6254,2022,7,2022-07-01,0.444215,0.031447,0.059273,8,8,1.0,30.270187,102035161.0
6254,2022,8,2022-08-01,0.404038,0.026257,0.050265,8,8,1.0,42.951376,98258702.0
6254,2022,9,2022-09-01,0.158325,0.035123,0.065466,8,8,1.0,18.017982,88902747.0
6254,2023,3,2023-03-01,0.005458,0.035306,0.090051,8,8,1.0,28.899315,93671913.0
6254,2023,4,2023-04-01,0.09607,0.028154,0.125024,8,8,1.0,67.087145,98665163.0
6254,2023,5,2023-05-01,0.16074,0.02917,0.058996,8,8,1.0,46.962421,95301562.0
6254,2023,6,2023-06-01,0.439827,0.026899,0.02004,8,8,1.0,42.02914,96444568.0
6254,2023,7,2023-07-01,0.429949,0.035781,0.093478,8,8,1.0,24.900298,101753881.0
6254,2023,8,2023-08-01,0.399453,0.029053,0.045258,8,8,1.0,31.760665,96968132.0
6254,2023,9,2023-09-01,0.239897,0.028636,0.016347,8,8,1.0,28.81666,90239324.0
6254,2024,3,2024-03-01,0.007727,0.039755,0.064669,8,8,1.0,23.533919,86372445.0
6254,2024,4,2024-04-01,0.030555,0.031604,0.121104,8,8,1.0,46.723552,95332509.0
6254,2024,5,2024-05-01,0.114168,0.032662,0.108832,8,8,1.0,33.071847,89883638.0
6254,2024,6,2024-06-01,0.387,0.031137,0.0278,8,8,1.0,33.451182,84217408.0
6254,2024,7,2024-07-01,0.524627,0.028234,0.034546,8,8,1.0,44.200899,95425695.0
6254,2024,8,2024-08-01,0.385821,0.02373,0.025738,8,8,1.0,50.652229,91425313.0
6254,2024,9,2024-09-01,0.255887,0.024178,0.032172,8,8,1.0,35.338963,85979995.0
6254,2025,3,2025-03-01,0.095931,0.039609,0.053408,8,8,1.0,24.435394,87368194.0
6254,2025,4,2025-04-01,0.090703,0.029835,0.091624,8,8,1.0,55.315631,96861891.0
6254,2025,5,2025-05-01,0.085884,0.040896,0.153689,8,8,1.0,21.37693,89188846.0
6254,2025,6,2025-06-01,0.152074,0.037267,0.026121,8,8,1.0,25.036032,91704495.0
6254,2025,7,2025-07-01,0.517538,0.025252,0.03097,8,8,1.0,51.565583,94751856.0
6254,2025,8,2025-08-01,0.416064,0.028767,0.019564,8,8,1.0,33.125724,94948426.0
6254,2025,9,2025-09-01,0.202597,0.031235,0.046622,8,8,1.0,19.450304,89061648.0
6449,2019,3,2019-03-01,0.007872,0.035271,0.071608,12,12,1.0,20.656067,73511224.0
6449,2019,4,2019-04-01,0.066347,0.025089,0.079611,12,12,1.0,61.185816,74389486.0
6449,2019,5,2019-05-01,0.182992,0.030656,0.043647,12,12,1.0,30.226779,73985614.0
6449,2019,6,2019-06-01,0.167233,0.026919,0.028947,12,12,1.0,35.182267,76811205.0
6449,2019,7,2019-07-01,0.375747,0.029184,0.037361,12,12,1.0,30.119145,76826548.0
6449,2019,8,2019-08-01,0.280654,0.029506,0.050857,12,12,1.0,25.263259,95194713.0
6449,2019,9,2019-09-01,0.183158,0.023725,0.031735,12,12,1.0,32.04573,91974497.0
6449,2020,3,2020-03-01,-0.123243,0.035721,0.064235,12,12,1.0,23.791215,94604585.0
6449,2020,4,2020-04-01,0.150301,0.02981,0.111976,12,12,1.0,42.769645,96808107.0
6449,2020,5,2020-05-01,0.203217,0.035889,0.150851,12,12,1.0,28.723527,93035456.0
6449,2020,6,2020-06-01,0.259043,0.022913,0.048384,12,12,1.0,46.89458,96006563.0
6449,2020,7,2020-07-01,0.337069,0.02595,0.031404,12,12,1.0,38.78962,99686529.0
6449,2020,8,2020-08-01,0.30368,0.024293,0.034753,12,12,1.0,37.961937,97684078.0
6449,2020,9,2020-09-01,0.202307,0.024343,0.03081,12,12,1.0,23.895722,91237630.0
6449,2021,3,2021-03-01,0.034039,0.036602,0.093223,12,12,1.0,20.445005,94409616.0
6449,2021,4,2021-04-01,0.080661,0.026298,0.105841,12,12,1.0,55.462524,98410821.0
6449,2021,5,2021-05-01,0.254463,0.038414,0.136928,12,12,1.0,23.25973,91970868.0
6449,2021,6,2021-06-01,0.25952,0.02497,0.046306,12,12,1.0,44.696721,95947119.0
6449,2021,7,2021-07-01,0.401639,0.024052,0.038887,12,12,1.0,43.234698,101406324.0
6449,2021,8,2021-08-01,0.311677,0.023887,0.031297,12,12,1.0,39.871747,97445628.0
6449,2021,9,2021-09-01,0.165157,0.031542,0.06599,12,12,1.0,19.450839,90094126.0
6449,2022,3,2022-03-01,0.096267,0.031294,0.060492,12,12,1.0,25.713307,95748274.0
6449,2022,4,2022-04-01,0.18409,0.026451,0.118854,12,12,1.0,58.027262,97595138.0
6449,2022,5,2022-05-01,0.187591,0.027331,0.089746,12,12,1.0,36.017506,92699999.0
6449,2022,6,2022-06-01,0.302185,0.025036,0.025004,12,12,1.0,40.534931,95901303.0
6449,2022,7,2022-07-01,0.367337,0.028625,0.04466,12,12,1.0,32.25239,102035161.0
6449,2022,8,2022-08-01,0.351426,0.023629,0.042622,12,12,1.0,41.063527,98258702.0
6449,2022,9,2022-09-01,0.059138,0.031067,0.076017,12,12,1.0,19.395084,88902747.0
6449,2023,3,2023-03-01,0.037174,0.034898,0.064688,12,12,1.0,22.34063,93671913.0
6449,2023,4,2023-04-01,0.090263,0.024694,0.093496,12,12,1.0,63.13524,98665163.0
6449,2023,5,2023-05-01,0.191126,0.023962,0.053667,12,12,1.0,41.816765,95301562.0
6449,2023,6,2023-06-01,0.297906,0.024457,0.037322,12,12,1.0,40.719932,96444568.0
6449,2023,7,2023-07-01,0.320424,0.028651,0.062117,12,12,1.0,29.160435,101753881.0
6449,2023,8,2023-08-01,0.309896,0.02489,0.037595,12,12,1.0,36.045331,96968132.0
6449,2023,9,2023-09-01,0.217491,0.026105,0.026828,12,12,1.0,27.449095,90239324.0
6449,2024,3,2024-03-01,0.0723,0.03488,0.065286,12,12,1.0,20.849661,86372445.0
6449,2024,4,2024-04-01,0.066194,0.027287,0.105983,12,12,1.0,43.669085,95332509.0
6449,2024,5,2024-05-01,0.105214,0.025246,0.054537,12,12,1.0,41.003574,89883638.0
6449,2024,6,2024-06-01,0.382586,0.027382,0.047878,12,12,1.0,30.228798,84217408.0
6449,2024,7,2024-07-01,0.453261,0.022777,0.01561,12,12,1.0,46.339523,95425695.0
6449,2024,8,2024-08-01,0.340949,0.021679,0.03018,12,12,1.0,47.945006,91425313.0
6449,2024,9,2024-09-01,0.206954,0.021191,0.037978,12,12,1.0,36.173482,85979995.0
6449,2025,3,2025-03-01,0.085081,0.033604,0.084808,12,12,1.0,20.455052,87368194.0
6449,2025,4,2025-04-01,0.104583,0.026206,0.05793,12,12,1.0,55.18738,96861891.0
6449,2025,5,2025-05-01,0.29233,0.032844,0.06789,12,12,1.0,25.328155,89188846.0
6449,2025,6,2025-06-01,0.200558,0.032066,0.042263,12,12,1.0,24.641644,91704495.0
6449,2025,7,2025-07-01,0.440109,0.023214,0.019925,12,12,1.0,45.342745,94751856.0
6449,2025,8,2025-08-01,0.425251,0.025016,0.046952,12,12,1.0,34.685896,94948426.0
6449,2025,9,2025-09-01,0.218163,0.023486,0.034904,12,12,1.0,26.72408,89061648.0
6450,2019,3,2019-03-01,0.040472,0.034257,0.034607,9,9,1.0,21.613434,73511224.0
6450,2019,4,2019-04-01,0.077926,0.024887,0.060274,9,9,1.0,65.79022,74389486.0
6450,2019,5,2019-05-01,0.12529,0.029882,0.041598,9,9,1.0,29.700501,73985614.0
6450,2019,6,2019-06-01,0.17359,0.026249,0.030838,9,9,1.0,35.088762,76811205.0
6450,2019,7,2019-07-01,0.409991,0.029256,0.05839,9,9,1.0,28.231786,76826548.0
6450,2019,8,2019-08-01,0.331453,0.029114,0.060165,9,9,1.0,24.849626,95194713.0
6450,2019,9,2019-09-01,0.189538,0.023915,0.032238,9,9,1.0,33.81513,91974497.0
6450,2020,3,2020-03-01,-0.10433,0.032565,0.047723,9,9,1.0,24.877865,94604585.0
6450,2020,4,2020-04-01,0.201075,0.028095,0.097865,9,9,1.0,48.057382,96808107.0
6450,2020,5,2020-05-01,0.227903,0.032957,0.119142,9,9,1.0,32.885806,93035456.0
6450,2020,6,2020-06-01,0.233885,0.023018,0.031216,9,9,1.0,46.991984,96006563.0
6450,2020,7,2020-07-01,0.339985,0.026187,0.02504,9,9,1.0,38.796949,99686529.0
6450,2020,8,2020-08-01,0.308567,0.024153,0.03221,9,9,1.0,37.986024,97684078.0
6450,2020,9,2020-09-01,0.194199,0.024042,0.026836,9,9,1.0,24.342436,91237630.0
6450,2021,3,2021-03-01,0.014514,0.035064,0.036569,9,9,1.0,22.169724,94409616.0
6450,2021,4,2021-04-01,0.11136,0.025229,0.070272,9,9,1.0,57.514499,98410821.0
6450,2021,5,2021-05-01,0.239291,0.040177,0.119566,9,9,1.0,22.550881,91970868.0
6450,2021,6,2021-06-01,0.308624,0.024328,0.055522,9,9,1.0,44.960345,95947119.0
6450,2021,7,2021-07-01,0.484346,0.023708,0.045849,9,9,1.0,43.489715,101406324.0
6450,2021,8,2021-08-01,0.33857,0.024425,0.027004,9,9,1.0,38.373458,97445628.0
6450,2021,9,2021-09-01,0.208069,0.02863,0.050094,9,9,1.0,21.22175,90094126.0
6450,2022,3,2022-03-01,0.064867,0.030938,0.05021,9,9,1.0,26.244343,95748274.0
6450,2022,4,2022-04-01,0.11906,0.025431,0.074572,9,9,1.0,61.681639,97595138.0
6450,2022,5,2022-05-01,0.191763,0.02894,0.0746,9,9,1.0,34.849032,92699999.0
6450,2022,6,2022-06-01,0.354946,0.025611,0.051614,9,9,1.0,38.598096,95901303.0
6450,2022,7,2022-07-01,0.33102,0.027651,0.05221,9,9,1.0,32.159163,102035161.0
6450,2022,8,2022-08-01,0.345701,0.023641,0.047362,9,9,1.0,40.699629,98258702.0
6450,2022,9,2022-09-01,0.154318,0.028909,0.050929,9,9,1.0,18.368975,88902747.0
6450,2023,3,2023-03-01,0.078949,0.033533,0.091704,9,9,1.0,22.974092,93671913.0
6450,2023,4,2023-04-01,0.146813,0.023931,0.11695,9,9,1.0,66.456645,98665163.0
6450,2023,5,2023-05-01,0.211785,0.024123,0.018986,9,9,1.0,45.488964,95301562.0
6450,2023,6,2023-06-01,0.316022,0.024691,0.033754,9,9,1.0,38.938146,96444568.0
6450,2023,7,2023-07-01,0.298067,0.029963,0.037967,9,9,1.0,27.202504,101753881.0
6450,2023,8,2023-08-01,0.306297,0.024027,0.025333,9,9,1.0,37.365356,96968132.0
6450,2023,9,2023-09-01,0.195591,0.024275,0.039608,9,9,1.0,30.484606,90239324.0
6450,2024,3,2024-03-01,0.041817,0.034511,0.07542,9,9,1.0,21.274139,86372445.0
6450,2024,4,2024-04-01,0.080916,0.027959,0.076692,9,9,1.0,39.617461,95332509.0
6450,2024,5,2024-05-01,0.166102,0.024539,0.04168,9,9,1.0,39.555914,89883638.0
6450,2024,6,2024-06-01,0.32636,0.027207,0.041079,9,9,1.0,33.008327,84217408.0
6450,2024,7,2024-07-01,0.468692,0.022976,0.030092,9,9,1.0,47.375689,95425695.0
6450,2024,8,2024-08-01,0.347795,0.020767,0.024568,9,9,1.0,48.216557,91425313.0
6450,2024,9,2024-09-01,0.166146,0.021781,0.043208,9,9,1.0,36.914381,85979995.0
6450,2025,3,2025-03-01,0.09079,0.033039,0.058481,9,9,1.0,20.59597,87368194.0
6450,2025,4,2025-04-01,0.116422,0.026347,0.069957,9,9,1.0,51.410074,96861891.0
6450,2025,5,2025-05-01,0.188107,0.033006,0.119626,9,9,1.0,26.064022,89188846.0
6450,2025,6,2025-06-01,0.194649,0.031596,0.040075,9,9,1.0,24.22107,91704495.0
6450,2025,7,2025-07-01,0.472355,0.023355,0.023019,9,9,1.0,45.981673,94751856.0
6450,2025,8,2025-08-01,0.42351,0.025186,0.05781,9,9,1.0,32.756767,94948426.0
6450,2025,9,2025-09-01,0.233313,0.023148,0.046468,9,9,1.0,26.842493,89061648.0
6513,2019,3,2019-03-01,-0.072684,0.039207,0.035465,12,12,1.0,20.12718,73511224.0
6513,2019,4,2019-04-01,0.09009,0.027202,0.03385,12,12,1.0,64.42636,74389486.0
6513,2019,5,2019-05-01,0.140826,0.032221,0.047171,12,12,1.0,31.042156,73985614.0
6513,2019,6,2019-06-01,0.173489,0.027352,0.034873,12,12,1.0,33.575114,76811205.0
6513,2019,7,2019-07-01,0.362171,0.028696,0.053528,12,12,1.0,32.50376,76826548.0
6513,2019,8,2019-08-01,0.338396,0.031647,0.076097,12,12,1.0,26.618762,95194713.0
6513,2019,9,2019-09-01,0.165506,0.024148,0.031399,12,12,1.0,32.946584,91974497.0
6513,2020,3,2020-03-01,-0.134601,0.034323,0.020752,12,12,1.0,26.108278,94604585.0
6513,2020,4,2020-04-01,0.078163,0.028604,0.030931,12,12,1.0,55.211417,96808107.0
6513,2020,5,2020-05-01,0.16643,0.042479,0.078021,12,12,1.0,23.091552,93035456.0
6513,2020,6,2020-06-01,0.238194,0.023002,0.044308,12,12,1.0,49.030815,96006563.0
6513,2020,7,2020-07-01,0.420082,0.025625,0.034732,12,12,1.0,41.143072,99686529.0
6513,2020,8,2020-08-01,0.265339,0.025621,0.043752,12,12,1.0,36.220151,97684078.0
6513,2020,9,2020-09-01,0.166748,0.02384,0.031246,12,12,1.0,28.025235,91237630.0
6513,2021,3,2021-03-01,0.034353,0.03808,0.042851,12,12,1.0,20.617922,94409616.0
6513,2021,4,2021-04-01,0.032154,0.027736,0.067804,12,12,1.0,59.653385,98410821.0
6513,2021,5,2021-05-01,0.070624,0.041295,0.07908,12,12,1.0,20.459266,91970868.0
6513,2021,6,2021-06-01,0.29285,0.025017,0.037493,12,12,1.0,43.618052,95947119.0
6513,2021,7,2021-07-01,0.448798,0.025182,0.045632,12,12,1.0,38.298002,101406324.0
6513,2021,8,2021-08-01,0.379238,0.025204,0.029145,12,12,1.0,42.619557,97445628.0
6513,2021,9,2021-09-01,0.149686,0.029669,0.04631,12,12,1.0,21.671834,90094126.0
6513,2022,3,2022-03-01,0.051727,0.033278,0.054521,12,12,1.0,26.189896,95748274.0
6513,2022,4,2022-04-01,0.116101,0.02759,0.041219,12,12,1.0,62.238057,97595138.0
6513,2022,5,2022-05-01,0.147135,0.03057,0.066674,12,12,1.0,35.347491,92699999.0
6513,2022,6,2022-06-01,0.276478,0.023992,0.032689,12,12,1.0,48.181388,95901303.0
6513,2022,7,2022-07-01,0.311934,0.030275,0.074379,12,12,1.0,30.843841,102035161.0
6513,2022,8,2022-08-01,0.311756,0.023907,0.042353,12,12,1.0,42.539839,98258702.0
6513,2022,9,2022-09-01,0.137851,0.027708,0.064308,12,12,1.0,21.258832,88902747.0
6513,2023,3,2023-03-01,0.058775,0.037282,0.051691,12,12,1.0,23.268225,93671913.0
6513,2023,4,2023-04-01,0.062642,0.026083,0.050717,12,12,1.0,66.955029,98665163.0
6513,2023,5,2023-05-01,0.201328,0.025025,0.04021,12,12,1.0,39.040402,95301562.0
6513,2023,6,2023-06-01,0.285712,0.025153,0.049783,12,12,1.0,41.149254,96444568.0
6513,2023,7,2023-07-01,0.325954,0.030287,0.04645,12,12,1.0,27.700784,101753881.0
6513,2023,8,2023-08-01,0.288926,0.024986,0.027576,12,12,1.0,38.804803,96968132.0
6513,2023,9,2023-09-01,0.2233,0.026666,0.021557,12,12,1.0,29.303464,90239324.0
6513,2024,3,2024-03-01,0.071708,0.03546,0.035921,12,12,1.0,22.22523,86372445.0
6513,2024,4,2024-04-01,0.036207,0.028512,0.041171,12,12,1.0,50.773856,95332509.0
6513,2024,5,2024-05-01,0.119145,0.026649,0.027984,12,12,1.0,39.336191,89883638.0
6513,2024,6,2024-06-01,0.319511,0.027304,0.033548,12,12,1.0,34.693063,84217408.0
6513,2024,7,2024-07-01,0.488736,0.023605,0.047341,12,12,1.0,47.540333,95425695.0
6513,2024,8,2024-08-01,0.325406,0.022041,0.029821,12,12,1.0,46.613533,91425313.0
6513,2024,9,2024-09-01,0.259771,0.023186,0.040433,12,12,1.0,33.979843,85979995.0
6513,2025,3,2025-03-01,0.089053,0.037199,0.03396,12,12,1.0,22.022969,87368194.0
6513,2025,4,2025-04-01,0.059021,0.027152,0.039417,12,12,1.0,60.397199,96861891.0
6513,2025,5,2025-05-01,0.19732,0.035368,0.066299,12,12,1.0,26.892044,89188846.0
6513,2025,6,2025-06-01,0.169293,0.034701,0.060753,12,12,1.0,23.909763,91704495.0
6513,2025,7,2025-07-01,0.44129,0.024008,0.034073,12,12,1.0,46.646249,94751856.0
6513,2025,8,2025-08-01,0.435784,0.02606,0.038348,12,12,1.0,36.51855,94948426.0
6513,2025,9,2025-09-01,0.204887,0.026043,0.037829,12,12,1.0,24.28627,89061648.0
6514,2019,3,2019-03-01,-0.020631,0.037898,0.0182,9,9,1.0,20.828075,73511224.0
6514,2019,4,2019-04-01,0.119579,0.026122,0.065265,9,9,1.0,60.908781,74389486.0
6514,2019,5,2019-05-01,0.206148,0.030031,0.053267,9,9,1.0,32.931043,73985614.0
6514,2019,6,2019-06-01,0.117019,0.028509,0.050413,9,9,1.0,31.745083,76811205.0
6514,2019,7,2019-07-01,0.307971,0.028936,0.033693,9,9,1.0,31.799931,76826548.0
6514,2019,8,2019-08-01,0.264105,0.031015,0.039256,9,9,1.0,25.807337,95194713.0
6514,2019,9,2019-09-01,0.105842,0.024022,0.058701,9,9,1.0,33.122595,91974497.0
6514,2020,3,2020-03-01,-0.067761,0.036276,0.06101,9,9,1.0,22.936408,94604585.0
6514,2020,4,2020-04-01,0.126063,0.028952,0.049908,9,9,1.0,46.631484,96808107.0
6514,2020,5,2020-05-01,0.20477,0.038222,0.080926,9,9,1.0,27.743561,93035456.0
6514,2020,6,2020-06-01,0.238869,0.02309,0.061173,9,9,1.0,49.579282,96006563.0
6514,2020,7,2020-07-01,0.404781,0.025915,0.046529,9,9,1.0,41.275568,99686529.0
6514,2020,8,2020-08-01,0.254617,0.02546,0.059187,9,9,1.0,35.178372,97684078.0
6514,2020,9,2020-09-01,0.214047,0.024527,0.036101,9,9,1.0,24.919873,91237630.0
6514,2021,3,2021-03-01,0.084224,0.037967,0.043524,9,9,1.0,18.54702,94409616.0
6514,2021,4,2021-04-01,0.082263,0.026618,0.089902,9,9,1.0,56.105998,98410821.0
6514,2021,5,2021-05-01,0.158123,0.037746,0.113151,9,9,1.0,23.104235,91970868.0
6514,2021,6,2021-06-01,0.284711,0.024714,0.038367,9,9,1.0,41.282413,95947119.0
6514,2021,7,2021-07-01,0.461061,0.02483,0.050236,9,9,1.0,40.239485,101406324.0
6514,2021,8,2021-08-01,0.31547,0.024313,0.053156,9,9,1.0,42.114979,97445628.0
6514,2021,9,2021-09-01,0.118668,0.028481,0.041864,9,9,1.0,21.157993,90094126.0
6514,2022,3,2022-03-01,0.104873,0.033343,0.044033,9,9,1.0,24.481854,95748274.0
6514,2022,4,2022-04-01,0.133148,0.027359,0.044176,9,9,1.0,57.506801,97595138.0
6514,2022,5,2022-05-01,0.155167,0.028706,0.057912,9,9,1.0,34.655518,92699999.0
6514,2022,6,2022-06-01,0.307592,0.024738,0.028766,9,9,1.0,44.018826,95901303.0
6514,2022,7,2022-07-01,0.372074,0.029232,0.080363,9,9,1.0,32.667795,102035161.0
6514,2022,8,2022-08-01,0.358682,0.024117,0.042467,9,9,1.0,40.733453,98258702.0
6514,2022,9,2022-09-01,0.16235,0.026679,0.063297,9,9,1.0,20.016014,88902747.0
6514,2023,3,2023-03-01,0.083375,0.0373,0.042236,9,9,1.0,22.329585,93671913.0
6514,2023,4,2023-04-01,0.060464,0.025561,0.049617,9,9,1.0,65.189143,98665163.0
6514,2023,5,2023-05-01,0.198265,0.023807,0.050904,9,9,1.0,41.625564,95301562.0
6514,2023,6,2023-06-01,0.342756,0.024669,0.063023,9,9,1.0,41.584,96444568.0
6514,2023,7,2023-07-01,0.351826,0.028376,0.051067,9,9,1.0,29.084476,101753881.0
6514,2023,8,2023-08-01,0.291891,0.024196,0.039263,9,9,1.0,36.505524,96968132.0
6514,2023,9,2023-09-01,0.214695,0.026074,0.018546,9,9,1.0,28.523985,90239324.0
6514,2024,3,2024-03-01,0.047652,0.035159,0.034428,9,9,1.0,20.074433,86372445.0
6514,2024,4,2024-04-01,0.079579,0.028416,0.066151,9,9,1.0,46.033435,95332509.0
6514,2024,5,2024-05-01,0.106269,0.02512,0.047548,9,9,1.0,40.3237,89883638.0
6514,2024,6,2024-06-01,0.35612,0.027699,0.043507,9,9,1.0,34.950835,84217408.0
6514,2024,7,2024-07-01,0.464864,0.023366,0.041721,9,9,1.0,47.219624,95425695.0
6514,2024,8,2024-08-01,0.309298,0.021886,0.036599,9,9,1.0,47.954133,91425313.0
6514,2024,9,2024-09-01,0.198433,0.022258,0.032916,9,9,1.0,34.819988,85979995.0
6514,2025,3,2025-03-01,0.080245,0.036363,0.020728,9,9,1.0,19.569314,87368194.0
6514,2025,4,2025-04-01,0.118096,0.026395,0.045951,9,9,1.0,57.55968,96861891.0
6514,2025,5,2025-05-01,0.20312,0.032351,0.082297,9,9,1.0,27.848226,89188846.0
6514,2025,6,2025-06-01,0.247569,0.034337,0.082683,9,9,1.0,24.414899,91704495.0
6514,2025,7,2025-07-01,0.442371,0.023555,0.026369,9,9,1.0,46.619675,94751856.0
6514,2025,8,2025-08-01,0.40722,0.024807,0.039187,9,9,1.0,39.595288,94948426.0
6514,2025,9,2025-09-01,0.197747,0.02497,0.029011,9,9,1.0,24.484958,89061648.0
6515,2019,3,2019-03-01,-0.058712,0.038968,0.053374,12,12,1.0,19.053388,73511224.0
6515,2019,4,2019-04-01,0.049832,0.026324,0.098741,12,12,1.0,53.427754,74389486.0
6515,2019,5,2019-05-01,0.117202,0.032348,0.047519,12,12,1.0,28.751774,73985614.0
6515,2019,6,2019-06-01,0.16634,0.027776,0.039322,12,12,1.0,33.669739,76811205.0
6515,2019,7,2019-07-01,0.346855,0.030149,0.035458,12,12,1.0,31.945018,76826548.0
6515,2019,8,2019-08-01,0.26327,0.03194,0.044438,12,12,1.0,24.26957,95194713.0
6515,2019,9,2019-09-01,0.153172,0.024721,0.043938,12,12,1.0,32.578265,91974497.0
6515,2020,3,2020-03-01,-0.119321,0.037168,0.084735,12,12,1.0,21.735924,94604585.0
6515,2020,4,2020-04-01,0.085432,0.03202,0.107433,12,12,1.0,38.96646,96808107.0
6515,2020,5,2020-05-01,0.109122,0.038252,0.149709,12,12,1.0,28.760692,93035456.0
6515,2020,6,2020-06-01,0.243147,0.023223,0.034709,12,12,1.0,48.787551,96006563.0
6515,2020,7,2020-07-01,0.376177,0.026999,0.047545,12,12,1.0,40.210333,99686529.0
6515,2020,8,2020-08-01,0.303683,0.025386,0.041766,12,12,1.0,36.086734,97684078.0
6515,2020,9,2020-09-01,0.273677,0.026013,0.044047,12,12,1.0,25.106407,91237630.0
6515,2021,3,2021-03-01,0.045152,0.038865,0.12692,12,12,1.0,17.402458,94409616.0
6515,2021,4,2021-04-01,0.020717,0.027905,0.106929,12,12,1.0,51.437405,98410821.0
6515,2021,5,2021-05-01,0.086612,0.039208,0.073864,12,12,1.0,22.627658,91970868.0
6515,2021,6,2021-06-01,0.29787,0.025504,0.054858,12,12,1.0,45.054555,95947119.0
6515,2021,7,2021-07-01,0.4754,0.024638,0.068467,12,12,1.0,45.368572,101406324.0
6515,2021,8,2021-08-01,0.311643,0.024188,0.035015,12,12,1.0,41.764405,97445628.0
6515,2021,9,2021-09-01,0.188103,0.030087,0.056027,12,12,1.0,22.232988,90094126.0
6515,2022,3,2022-03-01,0.066939,0.034501,0.063642,12,12,1.0,22.716041,95748274.0
6515,2022,4,2022-04-01,0.060694,0.028942,0.075927,12,12,1.0,49.901005,97595138.0
6515,2022,5,2022-05-01,0.094577,0.029238,0.083784,12,12,1.0,33.650031,92699999.0
6515,2022,6,2022-06-01,0.296712,0.026906,0.05286,12,12,1.0,38.035757,95901303.0
6515,2022,7,2022-07-01,0.442921,0.029472,0.068601,12,12,1.0,32.327028,102035161.0
6515,2022,8,2022-08-01,0.363646,0.02418,0.067103,12,12,1.0,43.690106,98258702.0
6515,2022,9,2022-09-01,0.14156,0.027719,0.046781,12,12,1.0,24.163162,88902747.0
6515,2023,3,2023-03-01,0.048581,0.038924,0.080831,12,12,1.0,21.127298,93671913.0
6515,2023,4,2023-04-01,0.066002,0.026206,0.10966,12,12,1.0,62.812972,98665163.0
6515,2023,5,2023-05-01,0.202539,0.02439,0.050846,12,12,1.0,41.128363,95301562.0
6515,2023,6,2023-06-01,0.334311,0.025215,0.045801,12,12,1.0,41.100419,96444568.0
6515,2023,7,2023-07-01,0.346175,0.029188,0.037674,12,12,1.0,31.22637,101753881.0
6515,2023,8,2023-08-01,0.281153,0.025433,0.029828,12,12,1.0,37.270154,96968132.0
6515,2023,9,2023-09-01,0.256525,0.026434,0.04725,12,12,1.0,30.055276,90239324.0
6515,2024,3,2024-03-01,0.068848,0.036565,0.081776,12,12,1.0,20.610218,86372445.0
6515,2024,4,2024-04-01,0.013156,0.030979,0.117648,12,12,1.0,38.6761,95332509.0
6515,2024,5,2024-05-01,0.077614,0.025423,0.04116,12,12,1.0,41.311657,89883638.0
6515,2024,6,2024-06-01,0.393364,0.027594,0.028762,12,12,1.0,34.897369,84217408.0
6515,2024,7,2024-07-01,0.507002,0.023574,0.052743,12,12,1.0,48.376423,95425695.0
6515,2024,8,2024-08-01,0.336364,0.021928,0.030607,12,12,1.0,50.84977,91425313.0
6515,2024,9,2024-09-01,0.207184,0.022367,0.034351,12,12,1.0,36.134731,85979995.0
6515,2025,3,2025-03-01,0.054655,0.037054,0.097751,12,12,1.0,19.092714,87368194.0
6515,2025,4,2025-04-01,0.135767,0.027426,0.103831,12,12,1.0,55.805058,96861891.0
6515,2025,5,2025-05-01,0.203827,0.032999,0.041679,12,12,1.0,27.04132,89188846.0
6515,2025,6,2025-06-01,0.296171,0.035498,0.089631,12,12,1.0,22.47682,91704495.0
6515,2025,7,2025-07-01,0.472247,0.024722,0.040421,12,12,1.0,43.896143,94751856.0
6515,2025,8,2025-08-01,0.365465,0.025875,0.025917,12,12,1.0,38.551156,94948426.0
6515,2025,9,2025-09-01,0.200479,0.024701,0.030238,12,12,1.0,25.519262,89061648.0
6579,2019,3,2019-03-01,-0.037933,0.042691,0.041372,12,12,1.0,20.324066,73511224.0
6579,2019,4,2019-04-01,0.049248,0.028822,0.030667,12,12,1.0,66.713693,74389486.0
6579,2019,5,2019-05-01,0.106556,0.032912,0.03521,12,12,1.0,36.168449,73985614.0
6579,2019,6,2019-06-01,0.251234,0.03085,0.041379,12,12,1.0,31.714316,76811205.0
6579,2019,7,2019-07-01,0.408336,0.030348,0.052638,12,12,1.0,32.739051,76826548.0
6579,2019,8,2019-08-01,0.348852,0.033331,0.037835,12,12,1.0,25.181591,95194713.0
6579,2019,9,2019-09-01,0.158404,0.026012,0.028146,12,12,1.0,33.400834,91974497.0
6579,2020,3,2020-03-01,-0.174843,0.039179,0.060893,12,12,1.0,24.148885,94604585.0
6579,2020,4,2020-04-01,0.108613,0.029877,0.027248,12,12,1.0,63.358569,96808107.0
6579,2020,5,2020-05-01,0.125769,0.042725,0.066884,12,12,1.0,28.333031,93035456.0
6579,2020,6,2020-06-01,0.258707,0.025217,0.068432,12,12,1.0,49.054909,96006563.0
6579,2020,7,2020-07-01,0.424496,0.028367,0.031547,12,12,1.0,40.915972,99686529.0
6579,2020,8,2020-08-01,0.303306,0.028925,0.056571,12,12,1.0,30.985268,97684078.0
6579,2020,9,2020-09-01,0.196267,0.026432,0.02983,12,12,1.0,24.543765,91237630.0
6579,2021,3,2021-03-01,0.057821,0.04122,0.08814,12,12,1.0,19.664134,94409616.0
6579,2021,4,2021-04-01,0.038383,0.028741,0.055028,12,12,1.0,64.199075,98410821.0
6579,2021,5,2021-05-01,0.02848,0.041193,0.072715,12,12,1.0,26.286529,91970868.0
6579,2021,6,2021-06-01,0.301412,0.027494,0.044766,12,12,1.0,41.726799,95947119.0
6579,2021,7,2021-07-01,0.475997,0.028479,0.069844,12,12,1.0,38.943364,101406324.0
6579,2021,8,2021-08-01,0.39477,0.026766,0.043473,12,12,1.0,42.376666,97445628.0
6579,2021,9,2021-09-01,0.117411,0.030777,0.038929,12,12,1.0,21.540628,90094126.0
6579,2022,3,2022-03-01,0.029596,0.037787,0.024054,12,12,1.0,24.865952,95748274.0
6579,2022,4,2022-04-01,0.078857,0.029345,0.035797,12,12,1.0,63.510291,97595138.0
6579,2022,5,2022-05-01,0.13007,0.031687,0.079108,12,12,1.0,37.053453,92699999.0
6579,2022,6,2022-06-01,0.371382,0.026378,0.044676,12,12,1.0,46.898466,95901303.0
6579,2022,7,2022-07-01,0.359805,0.031399,0.044191,12,12,1.0,31.099555,102035161.0
6579,2022,8,2022-08-01,0.379557,0.025473,0.044271,12,12,1.0,40.173655,98258702.0
6579,2022,9,2022-09-01,0.148096,0.03015,0.051537,12,12,1.0,20.233371,88902747.0
6579,2023,3,2023-03-01,0.031385,0.042194,0.044018,12,12,1.0,21.308059,93671913.0
6579,2023,4,2023-04-01,0.006138,0.027941,0.052699,12,12,1.0,66.515427,98665163.0
6579,2023,5,2023-05-01,0.125398,0.027597,0.041694,12,12,1.0,42.547445,95301562.0
6579,2023,6,2023-06-01,0.399093,0.026494,0.048892,12,12,1.0,42.843538,96444568.0
6579,2023,7,2023-07-01,0.37067,0.032119,0.034121,12,12,1.0,27.733924,101753881.0
6579,2023,8,2023-08-01,0.297508,0.025918,0.038958,12,12,1.0,37.641685,96968132.0
6579,2023,9,2023-09-01,0.226666,0.030228,0.026261,12,12,1.0,26.888475,90239324.0
6579,2024,3,2024-03-01,0.06116,0.040173,0.037981,12,12,1.0,20.58074,86372445.0
6579,2024,4,2024-04-01,0.026898,0.031433,0.035308,12,12,1.0,46.733075,95332509.0
6579,2024,5,2024-05-01,0.046714,0.028953,0.033132,12,12,1.0,38.133483,89883638.0
6579,2024,6,2024-06-01,0.385217,0.029716,0.041411,12,12,1.0,34.257828,84217408.0
6579,2024,7,2024-07-01,0.445823,0.02508,0.043488,12,12,1.0,49.833421,95425695.0
6579,2024,8,2024-08-01,0.330679,0.023827,0.053728,12,12,1.0,48.622876,91425313.0
6579,2024,9,2024-09-01,0.276983,0.024374,0.034534,12,12,1.0,33.755835,85979995.0
6579,2025,3,2025-03-01,0.071009,0.041372,0.035971,12,12,1.0,20.474705,87368194.0
6579,2025,4,2025-04-01,0.029048,0.029397,0.051941,12,12,1.0,57.771316,96861891.0
6579,2025,5,2025-05-01,0.163851,0.036345,0.048527,12,12,1.0,28.896035,89188846.0
6579,2025,6,2025-06-01,0.258522,0.038137,0.078466,12,12,1.0,24.769336,91704495.0
6579,2025,7,2025-07-01,0.522528,0.025615,0.040286,12,12,1.0,47.694914,94751856.0
6579,2025,8,2025-08-01,0.431945,0.027288,0.025931,12,12,1.0,39.036654,94948426.0
6579,2025,9,2025-09-01,0.224385,0.027534,0.037524,12,12,1.0,26.025411,89061648.0
6580,2019,3,2019-03-01,-6.1e-05,0.041287,0.034519,8,8,1.0,19.841935,73511224.0
6580,2019,4,2019-04-01,-0.015148,0.028299,0.020169,8,8,1.0,64.817709,74389486.0
6580,2019,5,2019-05-01,0.131284,0.0333,0.049663,8,8,1.0,31.390657,73985614.0
6580,2019,6,2019-06-01,0.165307,0.029456,0.065233,8,8,1.0,33.122272,76811205.0
6580,2019,7,2019-07-01,0.389841,0.030192,0.030845,8,8,1.0,33.107096,76826548.0
6580,2019,8,2019-08-01,0.359515,0.034291,0.035633,8,8,1.0,25.427099,95194713.0
6580,2019,9,2019-09-01,0.115406,0.02546,0.033836,8,8,1.0,33.772925,91974497.0
6580,2020,3,2020-03-01,-0.053785,0.039798,0.045266,8,8,1.0,20.94051,94604585.0
6580,2020,4,2020-04-01,0.073525,0.031434,0.024692,8,8,1.0,50.771375,96808107.0
6580,2020,5,2020-05-01,0.067673,0.044678,0.063241,8,8,1.0,25.873129,93035456.0
6580,2020,6,2020-06-01,0.231499,0.024531,0.027721,8,8,1.0,50.109574,96006563.0
6580,2020,7,2020-07-01,0.360108,0.029014,0.052502,8,8,1.0,41.066092,99686529.0
6580,2020,8,2020-08-01,0.272131,0.028104,0.039555,8,8,1.0,33.057508,97684078.0
6580,2020,9,2020-09-01,0.267235,0.027397,0.048441,8,8,1.0,23.226683,91237630.0
6580,2021,3,2021-03-01,0.020572,0.043487,0.039954,8,8,1.0,16.328916,94409616.0
6580,2021,4,2021-04-01,-0.017074,0.028987,0.043247,8,8,1.0,58.292882,98410821.0
6580,2021,5,2021-05-01,0.067131,0.041676,0.051398,8,8,1.0,25.479507,91970868.0
6580,2021,6,2021-06-01,0.305779,0.025916,0.033358,8,8,1.0,42.162615,95947119.0
6580,2021,7,2021-07-01,0.530297,0.026964,0.073807,8,8,1.0,41.850093,101406324.0
6580,2021,8,2021-08-01,0.360879,0.026118,0.021544,8,8,1.0,42.883437,97445628.0
6580,2021,9,2021-09-01,0.165272,0.030435,0.02336,8,8,1.0,22.36031,90094126.0
6580,2022,3,2022-03-01,0.024658,0.038902,0.026746,8,8,1.0,22.997952,95748274.0
6580,2022,4,2022-04-01,0.059426,0.029871,0.041719,8,8,1.0,59.163122,97595138.0
6580,2022,5,2022-05-01,0.120474,0.032674,0.067652,8,8,1.0,35.009481,92699999.0
6580,2022,6,2022-06-01,0.349918,0.026681,0.035611,8,8,1.0,45.266206,95901303.0
6580,2022,7,2022-07-01,0.39594,0.030968,0.031735,8,8,1.0,30.800041,102035161.0
6580,2022,8,2022-08-01,0.393901,0.025909,0.020267,8,8,1.0,39.398299,98258702.0
6580,2022,9,2022-09-01,0.140463,0.028731,0.048559,8,8,1.0,23.072057,88902747.0
6580,2023,3,2023-03-01,0.027457,0.041944,0.041004,8,8,1.0,21.528472,93671913.0
6580,2023,4,2023-04-01,0.037617,0.028177,0.049172,8,8,1.0,65.198231,98665163.0
6580,2023,5,2023-05-01,0.139719,0.026748,0.063477,8,8,1.0,41.216575,95301562.0
6580,2023,6,2023-06-01,0.37733,0.026653,0.028138,8,8,1.0,41.760847,96444568.0
6580,2023,7,2023-07-01,0.341663,0.031759,0.042309,8,8,1.0,29.327414,101753881.0
6580,2023,8,2023-08-01,0.322547,0.026173,0.026722,8,8,1.0,38.045199,96968132.0
6580,2023,9,2023-09-01,0.236608,0.028766,0.017225,8,8,1.0,28.36353,90239324.0
6580,2024,3,2024-03-01,0.022224,0.038665,0.057145,8,8,1.0,20.642971,86372445.0
6580,2024,4,2024-04-01,0.020938,0.033889,0.048786,8,8,1.0,38.925088,95332509.0
6580,2024,5,2024-05-01,0.070653,0.027777,0.039075,8,8,1.0,40.346322,89883638.0
6580,2024,6,2024-06-01,0.418195,0.029118,0.022934,8,8,1.0,37.262108,84217408.0
6580,2024,7,2024-07-01,0.439755,0.025352,0.037252,8,8,1.0,49.154193,95425695.0
6580,2024,8,2024-08-01,0.32968,0.023685,0.03491,8,8,1.0,49.304991,91425313.0
6580,2024,9,2024-09-01,0.229216,0.023446,0.018607,8,8,1.0,35.42681,85979995.0
6580,2025,3,2025-03-01,0.10202,0.040559,0.072524,8,8,1.0,21.271825,87368194.0
6580,2025,4,2025-04-01,0.058843,0.02961,0.051995,8,8,1.0,57.275782,96861891.0
6580,2025,5,2025-05-01,0.147191,0.035778,0.036867,8,8,1.0,27.583515,89188846.0
6580,2025,6,2025-06-01,0.279338,0.038918,0.072047,8,8,1.0,23.964316,91704495.0
6580,2025,7,2025-07-01,0.473104,0.025799,0.048857,8,8,1.0,44.373201,94751856.0
6580,2025,8,2025-08-01,0.41161,0.027559,0.036685,8,8,1.0,40.078742,94948426.0
6580,2025,9,2025-09-01,0.230144,0.027663,0.042812,8,8,1.0,25.264856,89061648.0
6581,2019,3,2019-03-01,0.046533,0.04253,0.057932,8,8,1.0,17.784959,73511224.0
6581,2019,4,2019-04-01,0.03535,0.029377,0.019429,8,8,1.0,45.316566,74389486.0
6581,2019,5,2019-05-01,0.117736,0.03555,0.04361,8,8,1.0,25.094322,73985614.0
6581,2019,6,2019-06-01,0.181568,0.030092,0.046932,8,8,1.0,33.396584,76811205.0
6581,2019,7,2019-07-01,0.434667,0.030877,0.044235,8,8,1.0,31.128232,76826548.0
6581,2019,8,2019-08-01,0.314122,0.034703,0.031987,8,8,1.0,23.97241,95194713.0
6581,2019,9,2019-09-01,0.160101,0.02714,0.032841,8,8,1.0,32.27495,91974497.0
6581,2020,3,2020-03-01,-0.061369,0.042526,0.043172,8,8,1.0,17.069358,94604585.0
6581,2020,4,2020-04-01,0.123465,0.035075,0.040157,8,8,1.0,37.746005,96808107.0
6581,2020,5,2020-05-01,0.13798,0.04304,0.03222,8,8,1.0,26.556418,93035456.0
6581,2020,6,2020-06-01,0.259512,0.024703,0.0218,8,8,1.0,48.680604,96006563.0
6581,2020,7,2020-07-01,0.345014,0.02885,0.052067,8,8,1.0,42.279752,99686529.0
6581,2020,8,2020-08-01,0.300016,0.028409,0.031688,8,8,1.0,33.413193,97684078.0
6581,2020,9,2020-09-01,0.255396,0.02826,0.050437,8,8,1.0,23.623699,91237630.0
6581,2021,3,2021-03-01,0.081115,0.044548,0.067026,8,8,1.0,14.214129,94409616.0
6581,2021,4,2021-04-01,0.015083,0.03088,0.041793,8,8,1.0,46.104835,98410821.0
6581,2021,5,2021-05-01,0.078751,0.042192,0.029177,8,8,1.0,23.555385,91970868.0
6581,2021,6,2021-06-01,0.355211,0.026469,0.043281,8,8,1.0,44.842499,95947119.0
6581,2021,7,2021-07-01,0.507766,0.026893,0.017925,8,8,1.0,46.480933,101406324.0
6581,2021,8,2021-08-01,0.376271,0.025872,0.026823,8,8,1.0,42.367437,97445628.0
6581,2021,9,2021-09-01,0.169884,0.031303,0.063143,8,8,1.0,21.369984,90094126.0
6581,2022,3,2022-03-01,0.053945,0.038004,0.036282,8,8,1.0,20.473892,95748274.0
6581,2022,4,2022-04-01,0.076548,0.033583,0.047434,8,8,1.0,41.845469,97595138.0
6581,2022,5,2022-05-01,0.189221,0.031632,0.039422,8,8,1.0,32.245541,92699999.0
6581,2022,6,2022-06-01,0.418799,0.028159,0.026211,8,8,1.0,40.358945,95901303.0
6581,2022,7,2022-07-01,0.454878,0.030984,0.082493,8,8,1.0,31.11039,102035161.0
6581,2022,8,2022-08-01,0.385397,0.026264,0.025771,8,8,1.0,40.765344,98258702.0
6581,2022,9,2022-09-01,0.168978,0.030294,0.045445,8,8,1.0,24.186998,88902747.0
6581,2023,3,2023-03-01,0.046786,0.041995,0.044685,8,8,1.0,19.819839,93671913.0
6581,2023,4,2023-04-01,0.068946,0.028725,0.03412,8,8,1.0,60.070559,98665163.0
6581,2023,5,2023-05-01,0.178555,0.028411,0.024123,8,8,1.0,37.409756,95301562.0
6581,2023,6,2023-06-01,0.382808,0.02699,0.027632,8,8,1.0,42.779241,96444568.0
6581,2023,7,2023-07-01,0.392445,0.031624,0.050749,8,8,1.0,31.008179,101753881.0
6581,2023,8,2023-08-01,0.303043,0.026443,0.027515,8,8,1.0,40.146695,96968132.0
6581,2023,9,2023-09-01,0.214244,0.028333,0.049356,8,8,1.0,29.165869,90239324.0
6581,2024,3,2024-03-01,0.023477,0.038732,0.065012,8,8,1.0,20.861472,86372445.0
6581,2024,4,2024-04-01,0.006358,0.035061,0.047414,8,8,1.0,35.499402,95332509.0
6581,2024,5,2024-05-01,0.100559,0.027608,0.030536,8,8,1.0,39.554741,89883638.0
6581,2024,6,2024-06-01,0.416582,0.028612,0.044651,8,8,1.0,38.109054,84217408.0
6581,2024,7,2024-07-01,0.548511,0.025194,0.038684,8,8,1.0,49.688278,95425695.0
6581,2024,8,2024-08-01,0.334643,0.023569,0.039631,8,8,1.0,49.664849,91425313.0
6581,2024,9,2024-09-01,0.250127,0.023438,0.022184,8,8,1.0,36.652348,85979995.0
6581,2025,3,2025-03-01,0.080282,0.042947,0.050905,8,8,1.0,16.826874,87368194.0
6581,2025,4,2025-04-01,0.122683,0.02922,0.024619,8,8,1.0,56.155615,96861891.0
6581,2025,5,2025-05-01,0.142618,0.035605,0.042363,8,8,1.0,25.853282,89188846.0
6581,2025,6,2025-06-01,0.289848,0.040084,0.047666,8,8,1.0,21.468758,91704495.0
6581,2025,7,2025-07-01,0.496032,0.026626,0.034652,8,8,1.0,45.803563,94751856.0
6581,2025,8,2025-08-01,0.449814,0.027998,0.034546,8,8,1.0,36.893379,94948426.0
6581,2025,9,2025-09-01,0.252315,0.027839,0.027181,8,8,1.0,23.489968,89061648.0
6709,2019,3,2019-03-01,-0.06377,0.037523,0.045235,9,9,1.0,22.985777,73511224.0
6709,2019,4,2019-04-01,0.010516,0.025881,0.01971,9,9,1.0,64.888123,74389486.0
6709,2019,5,2019-05-01,0.076983,0.03031,0.033662,9,9,1.0,38.099505,73985614.0
6709,2019,6,2019-06-01,0.179654,0.027204,0.035469,9,9,1.0,35.884974,76811205.0
6709,2019,7,2019-07-01,0.322823,0.028166,0.026307,9,9,1.0,32.269264,76826548.0
6709,2019,8,2019-08-01,0.205076,0.029766,0.017545,9,9,1.0,26.895407,95194713.0
6709,2019,9,2019-09-01,0.158138,0.024287,0.023628,9,9,1.0,31.30925,91974497.0
6709,2020,3,2020-03-01,-0.095791,0.034502,0.047956,9,9,1.0,25.819498,94604585.0
6709,2020,4,2020-04-01,0.059055,0.028043,0.062765,9,9,1.0,59.466786,96808107.0
6709,2020,5,2020-05-01,0.12785,0.037487,0.070617,9,9,1.0,30.712698,93035456.0
6709,2020,6,2020-06-01,0.273835,0.023193,0.054744,9,9,1.0,45.018022,96006563.0
6709,2020,7,2020-07-01,0.329181,0.027257,0.051855,9,9,1.0,40.699223,99686529.0
6709,2020,8,2020-08-01,0.256139,0.028339,0.039819,9,9,1.0,30.568739,97684078.0
6709,2020,9,2020-09-01,0.107989,0.024352,0.054142,9,9,1.0,30.491894,91237630.0
6709,2021,3,2021-03-01,0.005366,0.035557,0.047051,9,9,1.0,23.723067,94409616.0
6709,2021,4,2021-04-01,-0.000647,0.026615,0.041059,9,9,1.0,59.81099,98410821.0
6709,2021,5,2021-05-01,0.052257,0.041619,0.085024,9,9,1.0,21.140997,91970868.0
6709,2021,6,2021-06-01,0.265235,0.025648,0.044259,9,9,1.0,43.874425,95947119.0
6709,2021,7,2021-07-01,0.389419,0.025227,0.071504,9,9,1.0,42.593736,101406324.0
6709,2021,8,2021-08-01,0.333324,0.024511,0.03108,9,9,1.0,41.918033,97445628.0
6709,2021,9,2021-09-01,0.130324,0.028978,0.014595,9,9,1.0,21.035319,90094126.0
6709,2022,3,2022-03-01,0.100507,0.034225,0.050873,9,9,1.0,25.530996,95748274.0
6709,2022,4,2022-04-01,0.088549,0.026461,0.018769,9,9,1.0,67.27068,97595138.0
6709,2022,5,2022-05-01,0.117446,0.02893,0.037354,9,9,1.0,34.152084,92699999.0
6709,2022,6,2022-06-01,0.320785,0.024376,0.028368,9,9,1.0,42.968561,95901303.0
6709,2022,7,2022-07-01,0.39005,0.028939,0.04661,9,9,1.0,35.19048,102035161.0
6709,2022,8,2022-08-01,0.234534,0.023977,0.035018,9,9,1.0,40.00856,98258702.0
6709,2022,9,2022-09-01,0.127326,0.028293,0.04052,9,9,1.0,22.228155,88902747.0
6709,2023,3,2023-03-01,0.060599,0.036441,0.037411,9,9,1.0,22.494827,93671913.0
6709,2023,4,2023-04-01,0.075818,0.025946,0.066067,9,9,1.0,64.284618,98665163.0
6709,2023,5,2023-05-01,0.154863,0.025102,0.023967,9,9,1.0,43.781127,95301562.0
6709,2023,6,2023-06-01,0.276449,0.025378,0.025686,9,9,1.0,41.92682,96444568.0
6709,2023,7,2023-07-01,0.282375,0.030679,0.054319,9,9,1.0,28.441715,101753881.0
6709,2023,8,2023-08-01,0.324989,0.024775,0.025541,9,9,1.0,34.287402,96968132.0
6709,2023,9,2023-09-01,0.209431,0.02777,0.046716,9,9,1.0,27.813389,90239324.0
6709,2024,3,2024-03-01,-0.000379,0.036958,0.054844,9,9,1.0,20.881678,86372445.0
6709,2024,4,2024-04-01,0.044417,0.028945,0.05534,9,9,1.0,46.603296,95332509.0
6709,2024,5,2024-05-01,0.127088,0.027204,0.036104,9,9,1.0,41.197256,89883638.0
6709,2024,6,2024-06-01,0.352842,0.027105,0.035958,9,9,1.0,30.754539,84217408.0
6709,2024,7,2024-07-01,0.39554,0.023054,0.051009,9,9,1.0,52.119891,95425695.0
6709,2024,8,2024-08-01,0.363822,0.021988,0.02431,9,9,1.0,45.964201,91425313.0
6709,2024,9,2024-09-01,0.266653,0.022739,0.025239,9,9,1.0,35.895745,85979995.0
6709,2025,3,2025-03-01,0.029698,0.038822,0.073737,9,9,1.0,17.358193,87368194.0
6709,2025,4,2025-04-01,0.090222,0.027281,0.025999,9,9,1.0,53.267996,96861891.0
6709,2025,5,2025-05-01,0.167015,0.031045,0.056669,9,9,1.0,33.656133,89188846.0
6709,2025,6,2025-06-01,0.129188,0.035805,0.055355,9,9,1.0,22.05226,91704495.0
6709,2025,7,2025-07-01,0.376101,0.023843,0.037365,9,9,1.0,46.786945,94751856.0
6709,2025,8,2025-08-01,0.372483,0.025766,0.048893,9,9,1.0,35.549112,94948426.0
6709,2025,9,2025-09-01,0.212009,0.027546,0.025593,9,9,1.0,21.414947,89061648.0
6775,2019,3,2019-03-01,-0.011346,0.035672,0.055351,9,9,1.0,22.572457,73511224.0
6775,2019,4,2019-04-01,-0.010499,0.024964,0.048526,9,9,1.0,65.068257,74389486.0
6775,2019,5,2019-05-01,0.108624,0.028994,0.040255,9,9,1.0,35.438527,73985614.0
6775,2019,6,2019-06-01,0.131093,0.026658,0.05203,9,9,1.0,34.309655,76811205.0
6775,2019,7,2019-07-01,0.281493,0.027518,0.022341,9,9,1.0,30.348035,76826548.0
6775,2019,8,2019-08-01,0.206427,0.028928,0.046507,9,9,1.0,26.671057,95194713.0
6775,2019,9,2019-09-01,0.167712,0.023534,0.038057,9,9,1.0,31.22264,91974497.0
6775,2020,3,2020-03-01,-0.149512,0.034554,0.072951,9,9,1.0,23.839937,94604585.0
6775,2020,4,2020-04-01,0.071061,0.027489,0.044116,9,9,1.0,58.624379,96808107.0
6775,2020,5,2020-05-01,0.020748,0.036662,0.075588,9,9,1.0,28.591336,93035456.0
6775,2020,6,2020-06-01,0.205983,0.022898,0.041804,9,9,1.0,43.640119,96006563.0
6775,2020,7,2020-07-01,0.348944,0.025263,0.071913,9,9,1.0,41.059893,99686529.0
6775,2020,8,2020-08-01,0.238505,0.026969,0.047287,9,9,1.0,33.651236,97684078.0
6775,2020,9,2020-09-01,0.170652,0.023753,0.040079,9,9,1.0,30.831107,91237630.0
6775,2021,3,2021-03-01,0.020118,0.035061,0.056147,9,9,1.0,21.971235,94409616.0
6775,2021,4,2021-04-01,-0.022216,0.025361,0.071878,9,9,1.0,59.177594,98410821.0
6775,2021,5,2021-05-01,0.033453,0.038005,0.076797,9,9,1.0,23.506598,91970868.0
6775,2021,6,2021-06-01,0.282034,0.023921,0.052901,9,9,1.0,41.008613,95947119.0
6775,2021,7,2021-07-01,0.472449,0.024817,0.05043,9,9,1.0,39.429282,101406324.0
6775,2021,8,2021-08-01,0.313863,0.02348,0.043655,9,9,1.0,41.37152,97445628.0
6775,2021,9,2021-09-01,0.126024,0.027582,0.0565,9,9,1.0,21.911,90094126.0
6775,2022,3,2022-03-01,0.064711,0.034753,0.036166,9,9,1.0,25.642988,95748274.0
6775,2022,4,2022-04-01,0.107082,0.026022,0.021484,9,9,1.0,63.909059,97595138.0
6775,2022,5,2022-05-01,0.07411,0.029036,0.049695,9,9,1.0,31.817611,92699999.0
6775,2022,6,2022-06-01,0.270483,0.023607,0.061946,9,9,1.0,41.575845,95901303.0
6775,2022,7,2022-07-01,0.362423,0.027784,0.071701,9,9,1.0,36.067005,102035161.0
6775,2022,8,2022-08-01,0.278365,0.023584,0.04712,9,9,1.0,38.218873,98258702.0
6775,2022,9,2022-09-01,0.11538,0.030024,0.071052,9,9,1.0,19.388337,88902747.0
6775,2023,3,2023-03-01,0.033882,0.035764,0.051876,9,9,1.0,20.492189,93671913.0
6775,2023,4,2023-04-01,0.070574,0.024995,0.033001,9,9,1.0,64.10037,98665163.0
6775,2023,5,2023-05-01,0.096528,0.025238,0.039457,9,9,1.0,44.161226,95301562.0
6775,2023,6,2023-06-01,0.293985,0.024028,0.034416,9,9,1.0,42.289157,96444568.0
6775,2023,7,2023-07-01,0.299661,0.029821,0.027608,9,9,1.0,25.364076,101753881.0
6775,2023,8,2023-08-01,0.283015,0.024564,0.037898,9,9,1.0,34.540282,96968132.0
6775,2023,9,2023-09-01,0.21333,0.02648,0.068145,9,9,1.0,28.439265,90239324.0
6775,2024,3,2024-03-01,0.036311,0.035354,0.059204,9,9,1.0,20.59252,86372445.0
6775,2024,4,2024-04-01,-0.010136,0.028532,0.057096,9,9,1.0,45.314858,95332509.0
6775,2024,5,2024-05-01,0.032638,0.027032,0.066865,9,9,1.0,40.208302,89883638.0
6775,2024,6,2024-06-01,0.323994,0.02648,0.030648,9,9,1.0,31.928327,84217408.0
6775,2024,7,2024-07-01,0.431989,0.021852,0.061076,9,9,1.0,52.323122,95425695.0
6775,2024,8,2024-08-01,0.35217,0.021314,0.037274,9,9,1.0,47.371926,91425313.0
6775,2024,9,2024-09-01,0.243432,0.021164,0.060241,9,9,1.0,35.096441,85979995.0
6775,2025,3,2025-03-01,0.038782,0.036332,0.053166,9,9,1.0,18.319031,87368194.0
6775,2025,4,2025-04-01,0.062766,0.026888,0.045872,9,9,1.0,51.606406,96861891.0
6775,2025,5,2025-05-01,0.130631,0.030707,0.074671,9,9,1.0,32.217286,89188846.0
6775,2025,6,2025-06-01,0.122573,0.034122,0.036096,9,9,1.0,21.954774,91704495.0
6775,2025,7,2025-07-01,0.369155,0.023602,0.050797,9,9,1.0,46.526349,94751856.0
6775,2025,8,2025-08-01,0.389451,0.023907,0.056734,9,9,1.0,38.384353,94948426.0
6775,2025,9,2025-09-01,0.214783,0.028605,0.029886,9,9,1.0,20.12045,89061648.0
